0,0,-0.27538,-0.28540,0.57068,0.00990,0.13003,-78.05291,78.20323,-0.33045,-0.34249,0.68482,0.01188,0.26007,-156.10582,156.40647,0,0,0,1
1,1000,-0.11966,-0.43351,0.52956,-0.02361,28.06938,-87.82700,60.09256,-0.14359,-0.52021,0.63547,-0.02833,56.13876,-175.65401,120.18513,0,0,0,1
2,2000,0.06228,-0.51613,0.45275,-0.00110,53.11137,-88.99134,36.19716,0.07473,-0.61936,0.54330,-0.00132,106.22274,-177.98268,72.39431,0,0,0,1
3,3000,0.22909,-0.55670,0.32539,-0.00222,72.85488,-82.46581,9.16755,0.27491,-0.66805,0.39047,-0.00267,145.70976,-164.93162,18.33510,0,0,0,1
4,4000,0.37771,-0.55980,0.18606,0.00397,85.74364,-67.15313,-18.34191,0.45326,-0.67176,0.22328,0.00477,171.48729,-134.30627,-36.68383,0,0,0,1
5,5000,0.49755,-0.49667,0.01174,0.01263,89.40030,-45.19760,-45.24432,0.59707,-0.59600,0.01409,0.01515,178.80060,-90.39520,-90.48864,0,0,0,1
6,6000,0.54279,-0.37029,-0.16113,0.01137,85.16788,-18.94473,-66.91758,0.65135,-0.44434,-0.19336,0.01364,170.33576,-37.88946,-133.83516,0,0,0,1
7,7000,0.56683,-0.23597,-0.31843,0.01244,72.38482,9.71637,-82.28115,0.68020,-0.28316,-0.38211,0.01492,144.76963,19.43275,-164.56230,0,0,0,1
8,8000,0.51252,-0.06777,-0.45705,-0.01230,52.39418,36.42668,-89.25720,0.61503,-0.08132,-0.54846,-0.01476,104.78836,72.85336,-178.51440,0,0,0,1
9,9000,0.41613,0.11919,-0.54238,-0.00706,27.44712,59.96202,-87.42695,0.49935,0.14303,-0.65086,-0.00848,54.89424,119.92404,-174.85390,0,0,0,1
10,10000,0.28531,0.29577,-0.56880,0.01228,-0.43548,78.20361,-77.35096,0.34237,0.35493,-0.68256,0.01474,-0.87097,156.40721,-154.70192,0,0,0,1
11,11000,0.10644,0.41102,-0.53298,-0.01552,-27.37822,88.17891,-59.68606,0.12773,0.49322,-0.63958,-0.01862,-54.75644,176.35782,-119.37212,0,0,0,1
12,12000,-0.06472,0.52924,-0.46656,-0.00204,-52.65346,88.98926,-36.47965,-0.07767,0.63509,-0.55987,-0.00245,-105.30692,177.97852,-72.95930,0,0,0,1
13,13000,-0.24045,0.54888,-0.32826,-0.01982,-73.06165,81.91229,-9.41885,-0.28853,0.65866,-0.39391,-0.02379,-146.12329,163.82458,-18.83770,0,0,0,1
14,14000,-0.37557,0.54205,-0.18451,-0.01804,-85.84417,66.80404,18.23596,-0.45069,0.65045,-0.22142,-0.02165,-171.68835,133.60807,36.47191,0,0,0,1
15,15000,-0.50230,0.50291,-0.01396,-0.01335,-89.67821,44.90399,44.63318,-0.60276,0.60349,-0.01676,-0.01603,-179.35642,89.80799,89.26636,0,0,0,1
16,16000,-0.54820,0.37020,0.16169,-0.01630,-85.15594,18.64431,66.78142,-0.65784,0.44424,0.19403,-0.01956,-170.31188,37.28862,133.56284,0,0,0,1
17,17000,-0.55534,0.23815,0.33720,0.02001,-72.66192,-9.62687,82.02344,-0.66641,0.28578,0.40464,0.02401,-145.32384,-19.25374,164.04688,0,0,0,1
18,18000,-0.51385,0.05783,0.45013,-0.00589,-53.17538,-36.42310,89.37105,-0.61662,0.06939,0.54016,-0.00707,-106.35077,-72.84621,178.74210,0,0,0,1
19,19000,-0.43397,-0.10513,0.53817,-0.00093,-27.82793,-59.96564,88.18524,-0.52077,-0.12616,0.64581,-0.00112,-55.65586,-119.93128,176.37049,0,0,0,1
20,20000,-0.27737,-0.28637,0.56750,0.00376,0.00800,-77.44606,77.77057,-0.33284,-0.34365,0.68101,0.00452,0.01599,-154.89212,155.54114,0,0,0,1
21,21000,-0.12125,-0.42914,0.53905,-0.01134,27.44238,-87.75987,60.34432,-0.14550,-0.51497,0.64687,-0.01360,54.88477,-175.51974,120.68863,0,0,0,1
22,22000,0.05769,-0.51521,0.47070,0.01318,52.68798,-89.54599,36.65239,0.06923,-0.61826,0.56485,0.01582,105.37597,-179.09198,73.30478,0,0,0,1
23,23000,0.22445,-0.55295,0.33816,0.00966,72.65405,-81.64477,9.72714,0.26934,-0.66354,0.40579,0.01159,145.30811,-163.28954,19.45429,0,0,0,1
24,24000,0.38719,-0.55565,0.16214,-0.00632,85.29963,-66.77662,-18.59136,0.46463,-0.66678,0.19456,-0.00758,170.59927,-133.55324,-37.18271,0,0,0,1
25,25000,0.49138,-0.49443,0.00675,0.00370,90.07247,-44.47870,-44.83648,0.58965,-0.59331,0.00810,0.00444,180.14494,-88.95741,-89.67297,0,0,0,1
26,26000,0.54562,-0.37333,-0.18347,-0.01118,85.80855,-18.55321,-67.01635,0.65474,-0.44799,-0.22016,-0.01341,171.61711,-37.10642,-134.03270,0,0,0,1
27,27000,0.55400,-0.23170,-0.32708,-0.00478,73.03718,9.56889,-81.76931,0.66480,-0.27804,-0.39249,-0.00574,146.07436,19.13777,-163.53861,0,0,0,1
28,28000,0.51081,-0.04603,-0.44351,0.02126,52.52395,36.20822,-89.41591,0.61297,-0.05524,-0.53221,0.02551,105.04790,72.41645,-178.83183,0,0,0,1
29,29000,0.40685,0.12515,-0.54820,-0.01620,27.57548,60.01270,-88.23132,0.48822,0.15018,-0.65784,-0.01944,55.15096,120.02540,-176.46264,0,0,0,1
30,30000,0.27010,0.27907,-0.57627,-0.02710,0.06454,77.94151,-77.97562,0.32412,0.33489,-0.69152,-0.03252,0.12908,155.88302,-155.95125,0,0,0,1
31,31000,0.11913,0.42588,-0.53091,0.01410,-27.91094,87.63703,-59.95068,0.14295,0.51105,-0.63709,0.01692,-55.82188,175.27407,-119.90135,0,0,0,1
32,32000,-0.06160,0.51244,-0.45082,0.00001,-52.60817,89.70025,-36.72345,-0.07393,0.61493,-0.54099,0.00002,-105.21633,179.40050,-73.44690,0,0,0,1
33,33000,-0.22018,0.57288,-0.32079,0.03192,-72.54702,82.23840,-9.34902,-0.26421,0.68746,-0.38495,0.03830,-145.09404,164.47680,-18.69803,0,0,0,1
34,34000,-0.38292,0.56538,-0.16869,0.01377,-85.20749,66.76772,18.76773,-0.45950,0.67846,-0.20243,0.01653,-170.41499,133.53543,37.53545,0,0,0,1
35,35000,-0.49463,0.49338,-0.00149,-0.00275,-90.08369,44.60821,45.15452,-0.59356,0.59205,-0.00179,-0.00330,-180.16738,89.21642,90.30903,0,0,0,1
36,36000,-0.55669,0.39168,0.17596,0.01095,-85.47903,18.75475,66.46988,-0.66803,0.47002,0.21115,0.01314,-170.95805,37.50950,132.93977,0,0,0,1
37,37000,-0.55555,0.23620,0.34188,0.02253,-72.77979,-8.98075,81.79902,-0.66666,0.28344,0.41026,0.02704,-145.55958,-17.96150,163.59804,0,0,0,1
38,38000,-0.50466,0.04995,0.45052,-0.00420,-52.64309,-36.94081,89.39850,-0.60559,0.05993,0.54062,-0.00503,-105.28617,-73.88163,178.79700,0,0,0,1
39,39000,-0.42081,-0.10492,0.54758,0.02184,-28.19929,-60.48712,87.84887,-0.50497,-0.12590,0.65709,0.02621,-56.39857,-120.97424,175.69774,0,0,0,1
40,40000,-0.27438,-0.27730,0.56621,0.01453,0.27829,-77.89162,77.51575,-0.32926,-0.33276,0.67945,0.01743,0.55658,-155.78324,155.03150,0,0,0,1
41,41000,-0.12433,-0.42420,0.54421,-0.00432,27.32529,-87.49125,59.70462,-0.14919,-0.50904,0.65305,-0.00518,54.65057,-174.98250,119.40924,0,0,0,1
42,42000,0.05467,-0.51614,0.46719,0.00573,52.73481,-89.31348,36.25798,0.06561,-0.61936,0.56063,0.00688,105.46961,-178.62697,72.51596,0,0,0,1
43,43000,0.23406,-0.57626,0.32170,-0.02050,72.79424,-82.36260,9.49287,0.28087,-0.69151,0.38604,-0.02460,145.58849,-164.72520,18.98573,0,0,0,1
44,44000,0.38866,-0.54375,0.17818,0.02308,85.76171,-66.70203,-18.52679,0.46639,-0.65251,0.21382,0.02770,171.52342,-133.40405,-37.05357,0,0,0,1
45,45000,0.48420,-0.50022,-0.00380,-0.01982,89.80069,-45.05840,-44.49695,0.58104,-0.60027,-0.00456,-0.02378,179.60138,-90.11681,-88.99390,0,0,0,1
46,46000,0.54511,-0.39097,-0.17434,-0.02021,85.40846,-19.06772,-66.66378,0.65413,-0.46917,-0.20921,-0.02425,170.81691,-38.13544,-133.32756,0,0,0,1
47,47000,0.56327,-0.23077,-0.32186,0.01064,73.10009,9.50128,-82.38354,0.67593,-0.27692,-0.38624,0.01277,146.20018,19.00256,-164.76708,0,0,0,1
48,48000,0.52441,-0.04836,-0.44970,0.02635,52.46159,36.76427,-89.00022,0.62929,-0.05803,-0.53964,0.03162,104.92319,73.52853,-178.00045,0,0,0,1
49,49000,0.40750,0.11529,-0.52637,-0.00358,27.38063,59.70734,-88.14247,0.48900,0.13835,-0.63165,-0.00429,54.76125,119.41468,-176.28495,0,0,0,1
50,50000,0.27527,0.27176,-0.56988,-0.02285,0.20222,78.10576,-77.74973,0.33032,0.32612,-0.68385,-0.02742,0.40444,156.21153,-155.49946,0,0,0,1
51,51000,0.12713,0.41345,-0.53212,0.00846,-28.13799,87.74498,-60.28448,0.15256,0.49614,-0.63855,0.01015,-56.27597,175.48996,-120.56895,0,0,0,1
52,52000,-0.06135,0.51930,-0.45345,0.00450,-53.05438,89.24967,-36.97455,-0.07362,0.62316,-0.54414,0.00540,-106.10877,178.49935,-73.94910,0,0,0,1
53,53000,-0.22844,0.55523,-0.32480,0.00199,-72.26259,81.81327,-9.70549,-0.27412,0.66628,-0.38976,0.00239,-144.52517,163.62655,-19.41097,0,0,0,1
54,54000,-0.37823,0.54395,-0.16637,-0.00064,-85.49978,66.59257,18.79227,-0.45387,0.65275,-0.19964,-0.00077,-170.99957,133.18514,37.58455,0,0,0,1
55,55000,-0.49699,0.50390,0.00648,0.01339,-89.73290,44.59961,44.57871,-0.59638,0.60468,0.00777,0.01607,-179.46580,89.19923,89.15743,0,0,0,1
56,56000,-0.56014,0.38078,0.18080,0.00144,-85.75884,18.81319,66.82813,-0.67217,0.45694,0.21696,0.00173,-171.51767,37.62638,133.65626,0,0,0,1
57,57000,-0.55972,0.22343,0.34615,0.00986,-72.93987,-9.71694,81.68387,-0.67167,0.26812,0.41538,0.01183,-145.87973,-19.43389,163.36774,0,0,0,1
58,58000,-0.50692,0.06923,0.47016,0.03247,-52.89612,-36.58638,89.53656,-0.60830,0.08308,0.56419,0.03897,-105.79225,-73.17277,179.07311,0,0,0,1
59,59000,-0.41262,-0.11263,0.54106,0.01582,-28.15924,-60.52052,87.75272,-0.49515,-0.13515,0.64928,0.01898,-56.31848,-121.04103,175.50544,0,0,0,1
60,60000,-0.29284,-0.28822,0.56900,-0.01206,-0.02350,-77.80659,77.43675,-0.35141,-0.34586,0.68280,-0.01447,-0.04701,-155.61317,154.87350,0,0,0,1
61,61000,-0.11849,-0.40876,0.53153,0.00429,27.68422,-87.45850,59.97435,-0.14219,-0.49051,0.63784,0.00515,55.36844,-174.91700,119.94870,0,0,0,1
62,62000,0.05793,-0.50416,0.44854,0.00230,52.62858,-88.99817,36.82828,0.06952,-0.60500,0.53824,0.00276,105.25716,-177.99635,73.65656,0,0,0,1
63,63000,0.23968,-0.56495,0.33805,0.01279,72.98942,-82.48458,9.10541,0.28762,-0.67793,0.40567,0.01535,145.97885,-164.96916,18.21081,0,0,0,1
64,64000,0.38472,-0.55142,0.17736,0.01066,85.07286,-67.11081,-18.91249,0.46166,-0.66170,0.21283,0.01279,170.14572,-134.22163,-37.82498,0,0,0,1
65,65000,0.47742,-0.48276,-0.00429,-0.00964,90.12796,-44.77546,-44.99486,0.57290,-0.57932,-0.00515,-0.01156,180.25591,-89.55092,-89.98971,0,0,0,1
66,66000,0.55522,-0.37334,-0.18439,-0.00251,85.17138,-19.02643,-66.92221,0.66626,-0.44801,-0.22127,-0.00302,170.34277,-38.05286,-133.84441,0,0,0,1
67,67000,0.56277,-0.22414,-0.33449,0.00414,72.74743,9.45500,-81.71850,0.67533,-0.26897,-0.40139,0.00496,145.49486,18.91000,-163.43700,0,0,0,1
68,68000,0.51758,-0.06710,-0.47036,-0.01988,52.77964,36.74974,-89.05019,0.62110,-0.08052,-0.56443,-0.02386,105.55927,73.49948,-178.10039,0,0,0,1
69,69000,0.42508,0.12747,-0.53266,0.01990,28.20148,60.10927,-87.95211,0.51010,0.15297,-0.63919,0.02388,56.40295,120.21854,-175.90423,0,0,0,1
70,70000,0.27716,0.27996,-0.57960,-0.02248,0.38564,77.97758,-78.14579,0.33259,0.33595,-0.69552,-0.02698,0.77129,155.95517,-156.29158,0,0,0,1
71,71000,0.12724,0.42733,-0.54769,0.00688,-27.62846,87.94876,-60.10604,0.15269,0.51279,-0.65723,0.00825,-55.25692,175.89752,-120.21207,0,0,0,1
72,72000,-0.05869,0.53047,-0.45195,0.01983,-52.72808,89.27478,-36.39086,-0.07043,0.63657,-0.54234,0.02380,-105.45617,178.54956,-72.78172,0,0,0,1
73,73000,-0.24136,0.56019,-0.32195,-0.00312,-72.24066,82.46284,-9.56847,-0.28963,0.67223,-0.38635,-0.00375,-144.48131,164.92568,-19.13693,0,0,0,1
74,74000,-0.37573,0.55929,-0.18357,-0.00000,-85.28048,66.53667,18.40757,-0.45087,0.67115,-0.22028,-0.00000,-170.56096,133.07334,36.81513,0,0,0,1
75,75000,-0.49373,0.48765,0.01398,0.00789,-89.40182,45.04442,44.60097,-0.59248,0.58518,0.01677,0.00947,-178.80365,90.08885,89.20194,0,0,0,1
76,76000,-0.55631,0.37466,0.18267,0.00102,-85.01735,18.91729,67.17533,-0.66758,0.44959,0.21921,0.00122,-170.03470,37.83457,134.35067,0,0,0,1
77,77000,-0.57398,0.24075,0.32365,-0.00958,-72.78840,-9.53886,82.29543,-0.68878,0.28891,0.38838,-0.01149,-145.57680,-19.07773,164.59087,0,0,0,1
78,78000,-0.52509,0.06779,0.46370,0.00640,-52.64363,-36.28715,89.13155,-0.63011,0.08135,0.55644,0.00768,-105.28726,-72.57431,178.26310,0,0,0,1
79,79000,-0.41824,-0.12402,0.54916,0.00691,-27.66762,-59.85099,88.23539,-0.50189,-0.14882,0.65899,0.00829,-55.33523,-119.70198,176.47078,0,0,0,1
80,80000,-0.28245,-0.26974,0.56340,0.01122,0.18341,-77.73235,77.61080,-0.33894,-0.32368,0.67609,0.01346,0.36682,-155.46469,155.22160,0,0,0,1
81,81000,-0.12992,-0.40633,0.54647,0.01023,28.07912,-87.81111,60.45636,-0.15590,-0.48759,0.65576,0.01227,56.15824,-175.62221,120.91273,0,0,0,1
82,82000,0.04636,-0.51566,0.44794,-0.02136,52.68101,-89.21887,36.49098,0.05564,-0.61879,0.53753,-0.02563,105.36201,-178.43775,72.98197,0,0,0,1
83,83000,0.22563,-0.55613,0.34532,0.01482,72.26244,-81.80851,9.54060,0.27076,-0.66736,0.41438,0.01778,144.52487,-163.61703,19.08120,0,0,0,1
84,84000,0.38698,-0.56136,0.16612,-0.00825,85.56490,-66.90490,-18.66077,0.46438,-0.67363,0.19935,-0.00990,171.12980,-133.80980,-37.32153,0,0,0,1
85,85000,0.49848,-0.50315,0.00483,0.00016,89.86541,-45.28705,-44.80622,0.59818,-0.60378,0.00580,0.00020,179.73082,-90.57410,-89.61243,0,0,0,1
86,86000,0.55588,-0.38699,-0.18195,-0.01306,85.21224,-18.48976,-66.80453,0.66706,-0.46439,-0.21835,-0.01567,170.42448,-36.97953,-133.60907,0,0,0,1
87,87000,0.56919,-0.22235,-0.32251,0.02433,72.30135,9.14428,-81.79294,0.68303,-0.26682,-0.38702,0.02920,144.60270,18.28855,-163.58587,0,0,0,1
88,88000,0.52334,-0.04637,-0.46658,0.01039,53.16851,36.81351,-89.04091,0.62801,-0.05565,-0.55989,0.01247,106.33703,73.62701,-178.08183,0,0,0,1
89,89000,0.40944,0.12741,-0.53017,0.00667,27.47771,59.99020,-88.09370,0.49132,0.15289,-0.63621,0.00801,54.95542,119.98040,-176.18739,0,0,0,1
90,90000,0.27204,0.29372,-0.55277,0.01299,-0.40677,78.10925,-77.77750,0.32645,0.35246,-0.66332,0.01559,-0.81355,156.21851,-155.55499,0,0,0,1
91,91000,0.12518,0.41044,-0.53647,-0.00085,-27.86040,87.62492,-60.07905,0.15021,0.49253,-0.64376,-0.00102,-55.72080,175.24984,-120.15811,0,0,0,1
92,92000,-0.07157,0.51287,-0.47031,-0.02901,-52.79308,88.89390,-36.65636,-0.08588,0.61545,-0.56438,-0.03481,-105.58616,177.78781,-73.31272,0,0,0,1
93,93000,-0.21627,0.55716,-0.31946,0.02143,-72.44145,82.14414,-9.40132,-0.25953,0.66860,-0.38335,0.02572,-144.88289,164.28829,-18.80263,0,0,0,1
94,94000,-0.39110,0.55854,-0.16574,0.00170,-85.13223,67.04007,19.09111,-0.46932,0.67025,-0.19889,0.00204,-170.26446,134.08013,38.18222,0,0,0,1
95,95000,-0.48217,0.47662,-0.00205,-0.00760,-90.04491,44.66789,44.71296,-0.57861,0.57194,-0.00245,-0.00912,-180.08982,89.33578,89.42593,0,0,0,1
96,96000,-0.55408,0.38293,0.17391,0.00276,-85.62547,18.45331,66.38462,-0.66490,0.45952,0.20869,0.00331,-171.25095,36.90661,132.76924,0,0,0,1
97,97000,-0.55998,0.23883,0.34256,0.02140,-72.25988,-9.52642,82.34615,-0.67198,0.28660,0.41107,0.02568,-144.51976,-19.05285,164.69229,0,0,0,1
98,98000,-0.51830,0.04853,0.46775,-0.00203,-52.44208,-36.86780,89.16644,-0.62196,0.05824,0.56130,-0.00243,-104.88416,-73.73560,178.33289,0,0,0,1
99,99000,-0.42947,-0.12262,0.53358,-0.01850,-27.54842,-60.44071,87.69894,-0.51536,-0.14714,0.64029,-0.02221,-55.09683,-120.88142,175.39789,0,0,0,1
100,100000,-0.27986,-0.27024,0.55933,0.00923,-0.31466,-77.71924,77.73540,-0.33583,-0.32429,0.67119,0.01108,-0.62932,-155.43848,155.47080,0,0,0,1
101,101000,-0.10604,-0.42588,0.54067,0.00875,27.33852,-88.10865,60.51661,-0.12725,-0.51106,0.64881,0.01050,54.67703,-176.21730,121.03321,0,0,0,1
102,102000,0.05983,-0.52950,0.44664,-0.02303,52.83083,-89.15704,36.25996,0.07179,-0.63540,0.53597,-0.02764,105.66165,-178.31408,72.51992,0,0,0,1
103,103000,0.23370,-0.57286,0.32062,-0.01853,72.71304,-82.28974,9.76977,0.28044,-0.68743,0.38475,-0.02224,145.42609,-164.57949,19.53955,0,0,0,1
104,104000,0.39200,-0.54674,0.18722,0.03248,85.36633,-66.36177,-19.10811,0.47040,-0.65609,0.22466,0.03898,170.73266,-132.72353,-38.21621,0,0,0,1
105,105000,0.48101,-0.48015,-0.01241,-0.01155,90.05670,-45.08390,-45.06379,0.57721,-0.57618,-0.01489,-0.01386,180.11341,-90.16781,-90.12759,0,0,0,1
106,106000,0.55476,-0.39146,-0.18396,-0.02065,85.78648,-18.83359,-67.06307,0.66572,-0.46975,-0.22075,-0.02478,171.57297,-37.66718,-134.12614,0,0,0,1
107,107000,0.55794,-0.23475,-0.31986,0.00333,72.91440,9.04051,-82.47960,0.66953,-0.28170,-0.38383,0.00400,145.82879,18.08102,-164.95919,0,0,0,1
108,108000,0.51053,-0.06110,-0.45244,-0.00301,53.20926,36.29015,-89.45651,0.61264,-0.07332,-0.54293,-0.00362,106.41853,72.58030,-178.91303,0,0,0,1
109,109000,0.42340,0.11365,-0.53164,0.00541,27.56346,60.31150,-87.73135,0.50808,0.13638,-0.63797,0.00649,55.12691,120.62300,-175.46270,0,0,0,1
110,110000,0.28891,0.27525,-0.57127,-0.00710,-0.17608,77.43622,-77.72404,0.34670,0.33031,-0.68552,-0.00852,-0.35216,154.87244,-155.44809,0,0,0,1
111,111000,0.10696,0.41704,-0.54058,-0.01657,-28.16154,87.74616,-59.85574,0.12835,0.50045,-0.64869,-0.01989,-56.32308,175.49231,-119.71149,0,0,0,1
112,112000,-0.06769,0.51492,-0.44433,0.00290,-52.60248,89.12168,-36.61577,-0.08122,0.61790,-0.53320,0.00347,-105.20497,178.24336,-73.23153,0,0,0,1
113,113000,-0.23023,0.55224,-0.34595,-0.02395,-72.47225,82.16202,-9.53399,-0.27628,0.66269,-0.41514,-0.02874,-144.94449,164.32404,-19.06797,0,0,0,1
114,114000,-0.38090,0.54138,-0.18410,-0.02361,-85.50347,67.09807,18.84514,-0.45707,0.64965,-0.22091,-0.02833,-171.00694,134.19614,37.69028,0,0,0,1
115,115000,-0.50155,0.49340,-0.00207,-0.01021,-89.52629,44.70135,44.94982,-0.60186,0.59208,-0.00249,-0.01226,-179.05259,89.40269,89.89964,0,0,0,1
116,116000,-0.56728,0.37069,0.18730,-0.00929,-85.45294,18.54278,66.34786,-0.68073,0.44482,0.22476,-0.01114,-170.90588,37.08556,132.69572,0,0,0,1
117,117000,-0.56671,0.23900,0.32940,0.00170,-73.02120,-9.41257,82.28139,-0.68005,0.28680,0.39528,0.00204,-146.04240,-18.82515,164.56278,0,0,0,1
118,118000,-0.50732,0.07021,0.45742,0.02031,-52.40019,-36.86566,89.35029,-0.60878,0.08425,0.54890,0.02437,-104.80039,-73.73133,178.70058,0,0,0,1
119,119000,-0.41446,-0.12745,0.54834,0.00642,-27.93943,-60.11116,88.28314,-0.49736,-0.15295,0.65801,0.00771,-55.87886,-120.22233,176.56628,0,0,0,1
120,120000,-0.27772,-0.27774,0.57442,0.01896,-0.42838,-77.83853,78.15708,-0.33326,-0.33329,0.68930,0.02275,-0.85677,-155.67706,156.31416,0,0,0,1
121,121000,-0.11671,-0.41171,0.55116,0.02274,28.04115,-87.40997,59.97257,-0.14005,-0.49405,0.66139,0.02729,56.08229,-174.81994,119.94513,0,0,0,1
122,122000,0.05527,-0.50422,0.47026,0.02131,53.13503,-89.48461,36.58087,0.06632,-0.60507,0.56432,0.02557,106.27006,-178.96922,73.16174,0,0,0,1
123,123000,0.21798,-0.55518,0.33407,-0.00312,72.95901,-81.83232,9.18859,0.26158,-0.66621,0.40089,-0.00374,145.91801,-163.66465,18.37717,0,0,0,1
124,124000,0.36940,-0.56010,0.16638,-0.02433,85.29755,-66.84406,-18.49083,0.44328,-0.67213,0.19965,-0.02920,170.59511,-133.68813,-36.98167,0,0,0,1
125,125000,0.49987,-0.49019,-0.01400,-0.00432,89.87624,-45.33053,-45.19816,0.59984,-0.58823,-0.01680,-0.00519,179.75249,-90.66105,-90.39631,0,0,0,1
126,126000,0.56290,-0.38079,-0.16651,0.01560,85.73689,-18.37931,-66.32604,0.67548,-0.45695,-0.19981,0.01872,171.47379,-36.75862,-132.65208,0,0,0,1
127,127000,0.56812,-0.23380,-0.31947,0.01485,72.99365,9.03248,-82.40948,0.68175,-0.28056,-0.38336,0.01783,145.98730,18.06497,-164.81896,0,0,0,1
128,128000,0.50275,-0.04854,-0.45863,-0.00443,52.72690,36.94711,-89.55415,0.60330,-0.05824,-0.55036,-0.00531,105.45380,73.89422,-179.10830,0,0,0,1
129,129000,0.41218,0.11562,-0.53884,-0.01104,28.01847,59.81745,-88.05213,0.49461,0.13874,-0.64660,-0.01325,56.03694,119.63489,-176.10425,0,0,0,1
130,130000,0.29461,0.29601,-0.55937,0.03125,0.41014,77.92527,-77.95921,0.35353,0.35522,-0.67125,0.03750,0.82029,155.85054,-155.91842,0,0,0,1
131,131000,0.12226,0.41074,-0.54183,-0.00884,-27.96779,88.11422,-60.14538,0.14671,0.49289,-0.65020,-0.01060,-55.93559,176.22845,-120.29077,0,0,0,1
132,132000,-0.06553,0.50735,-0.46519,-0.02337,-52.89474,89.46429,-36.94840,-0.07863,0.60882,-0.55823,-0.02805,-105.78948,178.92859,-73.89681,0,0,0,1
133,133000,-0.23273,0.55692,-0.33069,-0.00650,-72.76056,82.37620,-9.38423,-0.27927,0.66830,-0.39683,-0.00780,-145.52112,164.75240,-18.76847,0,0,0,1
134,134000,-0.38869,0.56390,-0.17239,0.00282,-85.60165,66.43856,18.46313,-0.46643,0.67668,-0.20687,0.00339,-171.20331,132.87712,36.92626,0,0,0,1
135,135000,-0.49780,0.48831,0.00395,-0.00553,-89.79223,44.74450,44.76190,-0.59735,0.58598,0.00474,-0.00664,-179.58447,89.48899,89.52380,0,0,0,1
136,136000,-0.56618,0.39112,0.17093,-0.00413,-85.60884,18.49581,66.74829,-0.67942,0.46934,0.20512,-0.00495,-171.21768,36.99162,133.49657,0,0,0,1
137,137000,-0.56240,0.22893,0.34232,0.00885,-72.36569,-9.60385,81.86309,-0.67488,0.27472,0.41079,0.01062,-144.73138,-19.20770,163.72617,0,0,0,1
138,138000,-0.52376,0.05793,0.47041,0.00458,-53.20599,-36.90494,89.46400,-0.62851,0.06951,0.56449,0.00550,-106.41198,-73.80988,178.92801,0,0,0,1
139,139000,-0.42292,-0.13133,0.53563,-0.01862,-28.09628,-60.19337,87.64613,-0.50750,-0.15760,0.64276,-0.02234,-56.19256,-120.38674,175.29225,0,0,0,1
140,140000,-0.28636,-0.28589,0.57278,0.00053,0.27006,-77.70659,77.49424,-0.34364,-0.34307,0.68734,0.00063,0.54013,-155.41318,154.98847,0,0,0,1
141,141000,-0.12821,-0.43301,0.53769,-0.02352,27.79161,-87.77411,60.21318,-0.15385,-0.51961,0.64523,-0.02823,55.58323,-175.54823,120.42635,0,0,0,1
142,142000,0.05914,-0.51612,0.44816,-0.00882,52.41137,-89.23872,36.36164,0.07097,-0.61934,0.53779,-0.01058,104.82274,-178.47743,72.72327,0,0,0,1
143,143000,0.22065,-0.56549,0.32346,-0.02138,72.85655,-81.74020,9.25578,0.26478,-0.67859,0.38815,-0.02566,145.71310,-163.48041,18.51155,0,0,0,1
144,144000,0.37841,-0.56002,0.17165,-0.00996,85.49126,-66.80293,-18.50300,0.45409,-0.67203,0.20598,-0.01195,170.98252,-133.60587,-37.00601,0,0,0,1
145,145000,0.48027,-0.49487,-0.00540,-0.02000,90.15805,-44.52627,-44.78107,0.57632,-0.59384,-0.00648,-0.02400,180.31611,-89.05254,-89.56214,0,0,0,1
146,146000,0.54479,-0.36693,-0.17416,0.00370,85.21510,-18.22508,-67.14446,0.65374,-0.44031,-0.20899,0.00444,170.43020,-36.45016,-134.28892,0,0,0,1
147,147000,0.57063,-0.24126,-0.32234,0.00703,72.78996,8.99361,-82.49361,0.68475,-0.28951,-0.38681,0.00843,145.57992,17.98721,-164.98722,0,0,0,1
148,148000,0.51368,-0.06909,-0.44494,-0.00036,52.57484,36.11337,-89.33843,0.61641,-0.08291,-0.53393,-0.00043,105.14969,72.22675,-178.67686,0,0,0,1
149,149000,0.43419,0.12908,-0.54257,0.02071,28.00723,60.48026,-88.06126,0.52103,0.15490,-0.65108,0.02485,56.01447,120.96052,-176.12253,0,0,0,1
150,150000,0.26931,0.28399,-0.57753,-0.02424,0.22411,77.35280,-78.04194,0.32317,0.34079,-0.69304,-0.02908,0.44822,154.70561,-156.08388,0,0,0,1
151,151000,0.12251,0.43142,-0.53616,0.01777,-27.42017,87.95419,-59.97517,0.14702,0.51770,-0.64339,0.02133,-54.84034,175.90838,-119.95035,0,0,0,1
152,152000,-0.07292,0.51007,-0.45020,-0.01305,-52.82041,89.45977,-36.13232,-0.08750,0.61209,-0.54024,-0.01566,-105.64082,178.91954,-72.26464,0,0,0,1
153,153000,-0.23124,0.57404,-0.32772,0.01508,-72.75936,82.31186,-9.01414,-0.27749,0.68885,-0.39326,0.01810,-145.51872,164.62371,-18.02828,0,0,0,1
154,154000,-0.36953,0.55389,-0.17867,0.00570,-85.63091,66.91586,18.73097,-0.44344,0.66467,-0.21440,0.00683,-171.26182,133.83172,37.46195,0,0,0,1
155,155000,-0.49144,0.50213,-0.01408,-0.00339,-90.13828,44.93270,45.23805,-0.58973,0.60256,-0.01690,-0.00407,-180.27656,89.86539,90.47609,0,0,0,1
156,156000,-0.56089,0.37545,0.18625,0.00081,-85.68564,18.29554,66.77642,-0.67307,0.45055,0.22350,0.00097,-171.37129,36.59109,133.55284,0,0,0,1
157,157000,-0.57599,0.24166,0.32671,-0.00762,-72.53888,-9.67201,81.66508,-0.69118,0.28999,0.39205,-0.00914,-145.07776,-19.34402,163.33016,0,0,0,1
158,158000,-0.50933,0.05572,0.45821,0.00460,-53.17832,-36.54533,89.41950,-0.61119,0.06686,0.54985,0.00552,-106.35665,-73.09066,178.83901,0,0,0,1
159,159000,-0.42290,-0.12873,0.55014,-0.00149,-27.65560,-59.95014,87.79251,-0.50749,-0.15447,0.66017,-0.00179,-55.31120,-119.90028,175.58503,0,0,0,1
160,160000,-0.29442,-0.26995,0.57320,0.00883,0.28388,-77.91631,77.85653,-0.35330,-0.32394,0.68784,0.01060,0.56777,-155.83262,155.71307,0,0,0,1
161,161000,-0.12497,-0.41761,0.52973,-0.01285,27.68145,-88.29803,59.94521,-0.14996,-0.50113,0.63568,-0.01542,55.36289,-176.59606,119.89042,0,0,0,1
162,162000,0.07048,-0.51414,0.45294,0.00928,52.98015,-89.70980,36.41645,0.08457,-0.61697,0.54353,0.01114,105.96031,-179.41960,72.83289,0,0,0,1
163,163000,0.22842,-0.55708,0.33716,0.00851,72.61139,-82.02647,9.42114,0.27411,-0.66849,0.40459,0.01021,145.22277,-164.05294,18.84228,0,0,0,1
164,164000,0.37980,-0.53999,0.17008,0.00989,85.00769,-66.34154,-18.64246,0.45576,-0.64798,0.20409,0.01187,170.01537,-132.68308,-37.28492,0,0,0,1
165,165000,0.49618,-0.49674,-0.01286,-0.01342,89.48552,-44.69845,-44.70879,0.59541,-0.59608,-0.01543,-0.01610,178.97104,-89.39690,-89.41759,0,0,0,1
166,166000,0.54931,-0.37973,-0.17533,-0.00575,85.14035,-18.57328,-66.36537,0.65917,-0.45568,-0.21039,-0.00690,170.28071,-37.14656,-132.73073,0,0,0,1
167,167000,0.56699,-0.22391,-0.32172,0.02135,72.63502,8.97716,-81.75578,0.68038,-0.26869,-0.38607,0.02562,145.27005,17.95433,-163.51157,0,0,0,1
168,168000,0.52221,-0.06350,-0.46496,-0.00625,52.62813,36.72154,-89.35902,0.62665,-0.07620,-0.55795,-0.00750,105.25626,73.44307,-178.71805,0,0,0,1
169,169000,0.42104,0.12552,-0.54866,-0.00210,27.69065,60.06068,-87.50872,0.50525,0.15062,-0.65839,-0.00252,55.38130,120.12136,-175.01745,0,0,0,1
170,170000,0.29201,0.27333,-0.57452,-0.00917,-0.04934,77.76416,-77.79147,0.35041,0.32800,-0.68942,-0.01101,-0.09869,155.52831,-155.58295,0,0,0,1
171,171000,0.11353,0.40955,-0.54880,-0.02572,-27.65100,88.20743,-60.34415,0.13624,0.49146,-0.65856,-0.03086,-55.30201,176.41485,-120.68829,0,0,0,1
172,172000,-0.05559,0.50857,-0.46952,-0.01654,-52.77468,89.10084,-36.38059,-0.06671,0.61028,-0.56342,-0.01985,-105.54936,178.20168,-72.76117,0,0,0,1
173,173000,-0.22917,0.56069,-0.34023,-0.00871,-72.54568,81.80387,-9.16739,-0.27500,0.67282,-0.40828,-0.01045,-145.09136,163.60774,-18.33478,0,0,0,1
174,174000,-0.38830,0.54162,-0.17992,-0.02660,-85.85640,66.93102,18.56110,-0.46596,0.64994,-0.21591,-0.03192,-171.71280,133.86205,37.12220,0,0,0,1
175,175000,-0.50014,0.49557,-0.00629,-0.01087,-89.85276,44.93690,45.21189,-0.60017,0.59468,-0.00755,-0.01304,-179.70552,89.87379,90.42378,0,0,0,1
176,176000,-0.56296,0.38326,0.17549,-0.00422,-85.79104,18.24484,66.32005,-0.67555,0.45991,0.21058,-0.00506,-171.58208,36.48969,132.64010,0,0,0,1
177,177000,-0.56799,0.23141,0.33898,0.00240,-72.63196,-9.34398,82.48163,-0.68159,0.27769,0.40678,0.00288,-145.26391,-18.68795,164.96326,0,0,0,1
178,178000,-0.51095,0.06070,0.44404,-0.00621,-52.98150,-36.80748,89.34366,-0.61314,0.07284,0.53284,-0.00745,-105.96299,-73.61496,178.68732,0,0,0,1
179,179000,-0.41182,-0.11621,0.54740,0.01938,-27.43591,-60.48374,87.63899,-0.49418,-0.13945,0.65688,0.02326,-54.87182,-120.96748,175.27799,0,0,0,1
180,180000,-0.28103,-0.26952,0.56723,0.01668,-0.11025,-77.66683,78.04170,-0.33724,-0.32342,0.68067,0.02001,-0.22051,-155.33365,156.08340,0,0,0,1
181,181000,-0.10757,-0.41316,0.54121,0.02048,27.40106,-87.42848,59.79323,-0.12908,-0.49579,0.64945,0.02458,54.80211,-174.85697,119.58646,0,0,0,1
182,182000,0.06874,-0.51735,0.46323,0.01462,52.37682,-88.88688,36.48005,0.08249,-0.62082,0.55587,0.01754,104.75363,-177.77376,72.96009,0,0,0,1
183,183000,0.22573,-0.54888,0.32376,0.00061,72.49624,-82.30890,9.76315,0.27088,-0.65866,0.38852,0.00074,144.99248,-164.61781,19.52630,0,0,0,1
184,184000,0.37368,-0.55985,0.18349,-0.00268,85.73190,-67.01890,-18.51544,0.44841,-0.67182,0.22019,-0.00322,171.46380,-134.03779,-37.03088,0,0,0,1
185,185000,0.48331,-0.47696,-0.00722,-0.00088,90.20643,-44.84232,-45.29224,0.57997,-0.57235,-0.00867,-0.00105,180.41286,-89.68464,-90.58449,0,0,0,1
186,186000,0.56016,-0.36762,-0.16501,0.02753,85.83009,-19.06857,-66.40758,0.67219,-0.44114,-0.19802,0.03304,171.66018,-38.13714,-132.81515,0,0,0,1
187,187000,0.57612,-0.23587,-0.34549,-0.00524,72.35313,9.39371,-82.49281,0.69134,-0.28304,-0.41458,-0.00629,144.70625,18.78742,-164.98562,0,0,0,1
188,188000,0.52845,-0.07307,-0.44804,0.00734,52.56722,36.93550,-89.09667,0.63413,-0.08768,-0.53765,0.00880,105.13444,73.87099,-178.19334,0,0,0,1
189,189000,0.42745,0.11790,-0.53868,0.00667,27.73114,59.97989,-87.89651,0.51294,0.14148,-0.64641,0.00801,55.46228,119.95977,-175.79301,0,0,0,1
190,190000,0.29684,0.28946,-0.57212,0.01418,-0.24363,77.64935,-77.90783,0.35620,0.34735,-0.68654,0.01701,-0.48725,155.29870,-155.81566,0,0,0,1
191,191000,0.11522,0.41326,-0.53727,-0.00878,-27.86916,87.70494,-60.27229,0.13827,0.49591,-0.64472,-0.01054,-55.73833,175.40988,-120.54458,0,0,0,1
192,192000,-0.04725,0.50812,-0.46444,-0.00357,-52.81485,89.64992,-36.86535,-0.05670,0.60974,-0.55732,-0.00428,-105.62969,179.29983,-73.73071,0,0,0,1
193,193000,-0.22334,0.55214,-0.32849,0.00031,-72.23887,81.71238,-9.29938,-0.26800,0.66256,-0.39419,0.00037,-144.47774,163.42476,-18.59876,0,0,0,1
194,194000,-0.37047,0.55501,-0.16789,0.01664,-85.85876,66.94806,18.69980,-0.44456,0.66601,-0.20147,0.01997,-171.71752,133.89612,37.39961,0,0,0,1
195,195000,-0.48031,0.48699,0.01066,0.01734,-90.24976,44.58593,44.94524,-0.57637,0.58439,0.01279,0.02081,-180.49952,89.17186,89.89047,0,0,0,1
196,196000,-0.55153,0.39255,0.16714,0.00815,-85.64112,18.93447,67.05225,-0.66184,0.47106,0.20056,0.00978,-171.28223,37.86894,134.10451,0,0,0,1
197,197000,-0.56121,0.22811,0.32294,-0.01015,-72.50360,-9.22603,82.38775,-0.67345,0.27373,0.38753,-0.01218,-145.00720,-18.45206,164.77550,0,0,0,1
198,198000,-0.52440,0.06263,0.46154,-0.00024,-52.91571,-36.66691,89.20440,-0.62929,0.07515,0.55384,-0.00029,-105.83141,-73.33381,178.40880,0,0,0,1
199,199000,-0.40750,-0.10700,0.52786,0.01336,-28.17633,-60.37975,88.29119,-0.48900,-0.12840,0.63343,0.01603,-56.35266,-120.75950,176.58238,0,0,0,1
200,200000,-0.29048,-0.27477,0.56001,-0.00524,0.13851,-77.39611,77.50720,-0.34857,-0.32972,0.67201,-0.00628,0.27703,-154.79222,155.01440,0,0,0,1
201,201000,-0.12281,-0.42462,0.53533,-0.01210,27.52627,-87.59129,60.23454,-0.14738,-0.50954,0.64239,-0.01452,55.05254,-175.18258,120.46908,0,0,0,1
202,202000,0.06070,-0.50721,0.45501,0.00849,52.83119,-89.01919,36.36506,0.07284,-0.60866,0.54601,0.01019,105.66238,-178.03837,72.73012,0,0,0,1
203,203000,0.24224,-0.56885,0.33454,0.00793,73.01413,-82.13875,9.25157,0.29069,-0.68262,0.40144,0.00951,146.02826,-164.27750,18.50313,0,0,0,1
204,204000,0.38315,-0.56472,0.18504,0.00347,85.55409,-66.48027,-18.47619,0.45978,-0.67766,0.22204,0.00416,171.10817,-132.96055,-36.95239,0,0,0,1
205,205000,0.47825,-0.48078,-0.00911,-0.01165,89.66631,-44.60021,-44.59303,0.57390,-0.57694,-0.01094,-0.01398,179.33261,-89.20041,-89.18606,0,0,0,1
206,206000,0.53919,-0.38344,-0.18615,-0.03040,85.02337,-18.83530,-66.71146,0.64703,-0.46013,-0.22338,-0.03648,170.04674,-37.67059,-133.42292,0,0,0,1
207,207000,0.56420,-0.22382,-0.32537,0.01501,72.70937,9.31683,-81.71392,0.67704,-0.26858,-0.39045,0.01801,145.41875,18.63366,-163.42783,0,0,0,1
208,208000,0.50893,-0.07243,-0.46629,-0.02980,52.54470,36.73362,-89.71218,0.61071,-0.08692,-0.55955,-0.03576,105.08941,73.46724,-179.42436,0,0,0,1
209,209000,0.41360,0.11669,-0.52932,0.00097,27.96758,59.73248,-88.27761,0.49632,0.14002,-0.63518,0.00116,55.93517,119.46496,-176.55522,0,0,0,1
210,210000,0.27045,0.29028,-0.55606,0.00467,0.08327,78.04802,-77.61119,0.32454,0.34833,-0.66727,0.00560,0.16655,156.09604,-155.22238,0,0,0,1
211,211000,0.11351,0.42693,-0.52881,0.01164,-27.71077,87.49013,-59.94726,0.13621,0.51232,-0.63457,0.01396,-55.42153,174.98026,-119.89451,0,0,0,1
212,212000,-0.06319,0.52715,-0.45219,0.01177,-52.39935,89.62438,-36.38632,-0.07583,0.63258,-0.54263,0.01412,-104.79871,179.24876,-72.77265,0,0,0,1
213,213000,-0.22249,0.55877,-0.34194,-0.00565,-72.29963,81.73030,-9.05128,-0.26699,0.67052,-0.41032,-0.00678,-144.59926,163.46059,-18.10256,0,0,0,1
214,214000,-0.38364,0.56704,-0.17834,0.00506,-85.10349,66.59758,18.33311,-0.46037,0.68045,-0.21401,0.00607,-170.20699,133.19517,36.66621,0,0,0,1
215,215000,-0.48879,0.49899,0.00401,0.01421,-90.09057,44.50725,44.66987,-0.58655,0.59879,0.00481,0.01705,-180.18114,89.01451,89.33974,0,0,0,1
216,216000,-0.54056,0.37803,0.18028,0.01775,-85.59288,18.50684,66.65087,-0.64867,0.45364,0.21634,0.02130,-171.18576,37.01367,133.30173,0,0,0,1
217,217000,-0.55971,0.22143,0.34507,0.00679,-72.86027,-9.23639,82.43091,-0.67165,0.26571,0.41409,0.00815,-145.72055,-18.47278,164.86181,0,0,0,1
218,218000,-0.51497,0.06290,0.45158,-0.00049,-53.12985,-36.14615,89.18630,-0.61796,0.07548,0.54190,-0.00059,-106.25969,-72.29230,178.37261,0,0,0,1
219,219000,-0.41486,-0.10574,0.52688,0.00628,-27.35911,-59.94044,88.13185,-0.49783,-0.12689,0.63225,0.00754,-54.71822,-119.88089,176.26369,0,0,0,1
220,220000,-0.28801,-0.28174,0.55766,-0.01209,-0.06572,-78.08895,77.66318,-0.34562,-0.33809,0.66920,-0.01451,-0.13145,-156.17789,155.32635,0,0,0,1
221,221000,-0.10526,-0.41129,0.52626,0.00971,27.54825,-88.02942,59.87936,-0.12631,-0.49355,0.63151,0.01166,55.09651,-176.05884,119.75872,0,0,0,1
222,222000,0.05502,-0.51455,0.45966,0.00013,52.79779,-89.17870,36.48054,0.06602,-0.61745,0.55159,0.00016,105.59559,-178.35739,72.96108,0,0,0,1
223,223000,0.22767,-0.57018,0.34488,0.00238,72.72227,-82.13016,9.35927,0.27321,-0.68421,0.41386,0.00286,145.44455,-164.26032,18.71854,0,0,0,1
224,224000,0.36653,-0.56108,0.17710,-0.01745,85.54727,-66.92724,-18.87392,0.43983,-0.67329,0.21252,-0.02094,171.09454,-133.85448,-37.74784,0,0,0,1
225,225000,0.50355,-0.47762,-0.00756,0.01837,90.23506,-45.29371,-45.06020,0.60426,-0.57315,-0.00908,0.02204,180.47011,-90.58741,-90.12039,0,0,0,1
226,226000,0.55780,-0.36473,-0.18303,0.01004,85.11519,-18.75795,-66.75463,0.66936,-0.43767,-0.21964,0.01205,170.23038,-37.51591,-133.50926,0,0,0,1
227,227000,0.57336,-0.22478,-0.32646,0.02212,72.85861,9.23403,-82.00200,0.68803,-0.26974,-0.39175,0.02654,145.71722,18.46805,-164.00400,0,0,0,1
228,228000,0.50565,-0.06459,-0.45034,-0.00928,53.17491,36.52568,-89.02500,0.60678,-0.07750,-0.54041,-0.01113,106.34981,73.05136,-178.04999,0,0,0,1
229,229000,0.41985,0.11556,-0.52470,0.01071,27.61653,59.81987,-87.80446,0.50382,0.13867,-0.62964,0.01285,55.23306,119.63975,-175.60891,0,0,0,1
230,230000,0.28838,0.28791,-0.55638,0.01991,0.30360,77.76891,-77.52122,0.34605,0.34549,-0.66765,0.02390,0.60720,155.53781,-155.04244,0,0,0,1
231,231000,0.12521,0.42452,-0.52391,0.02582,-27.98807,88.15191,-59.95489,0.15026,0.50942,-0.62869,0.03099,-55.97614,176.30382,-119.90977,0,0,0,1
232,232000,-0.05009,0.51888,-0.46887,-0.00008,-52.45095,89.01685,-36.20198,-0.06011,0.62266,-0.56264,-0.00010,-104.90190,178.03371,-72.40395,0,0,0,1
233,233000,-0.22002,0.57099,-0.32299,0.02798,-72.35660,81.91009,-9.26658,-0.26403,0.68519,-0.38759,0.03357,-144.71321,163.82018,-18.53317,0,0,0,1
234,234000,-0.37556,0.54526,-0.16166,0.00804,-85.49161,67.18091,18.91531,-0.45067,0.65431,-0.19400,0.00964,-170.98323,134.36183,37.83061,0,0,0,1
235,235000,-0.49083,0.48038,0.00681,-0.00364,-89.88283,44.86716,45.11650,-0.58899,0.57646,0.00817,-0.00437,-179.76566,89.73432,90.23299,0,0,0,1
236,236000,-0.55915,0.38922,0.18579,0.01587,-85.18632,18.96547,66.59565,-0.67097,0.46706,0.22295,0.01904,-170.37263,37.93093,133.19131,0,0,0,1
237,237000,-0.54892,0.22068,0.34172,0.01347,-72.58516,-9.31482,82.14266,-0.65870,0.26481,0.41006,0.01617,-145.17032,-18.62964,164.28533,0,0,0,1
238,238000,-0.52500,0.06198,0.44860,-0.01441,-53.07421,-36.11867,89.63327,-0.63000,0.07438,0.53832,-0.01730,-106.14842,-72.23735,179.26654,0,0,0,1
239,239000,-0.42075,-0.12209,0.52903,-0.01381,-27.89729,-60.41478,87.66385,-0.50489,-0.14651,0.63483,-0.01657,-55.79457,-120.82956,175.32770,0,0,0,1
240,240000,-0.29358,-0.27014,0.55404,-0.00969,-0.24973,-77.45987,77.90017,-0.35230,-0.32417,0.66485,-0.01162,-0.49947,-154.91975,155.80034,0,0,0,1
241,241000,-0.10457,-0.41591,0.52713,0.00666,28.14522,-88.06098,59.89458,-0.12548,-0.49909,0.63256,0.00799,56.29044,-176.12197,119.78917,0,0,0,1
242,242000,0.05397,-0.50776,0.46719,0.01340,53.17079,-88.97330,36.52332,0.06477,-0.60932,0.56063,0.01608,106.34159,-177.94659,73.04665,0,0,0,1
243,243000,0.24338,-0.55271,0.33467,0.02534,72.87911,-81.64758,9.80991,0.29205,-0.66325,0.40161,0.03041,145.75822,-163.29516,19.61982,0,0,0,1
244,244000,0.37016,-0.55048,0.16073,-0.01960,85.65935,-66.51529,-18.30553,0.44419,-0.66058,0.19287,-0.02352,171.31869,-133.03058,-36.61106,0,0,0,1
245,245000,0.48727,-0.47893,0.00921,0.01755,89.68693,-44.66500,-44.99738,0.58472,-0.57471,0.01105,0.02106,179.37386,-89.33001,-89.99476,0,0,0,1
246,246000,0.55128,-0.38525,-0.16714,-0.00111,85.19590,-18.31744,-66.97264,0.66153,-0.46230,-0.20057,-0.00134,170.39179,-36.63489,-133.94528,0,0,0,1
247,247000,0.55144,-0.22116,-0.32142,0.00886,72.58607,9.37589,-82.49320,0.66173,-0.26539,-0.38570,0.01064,145.17214,18.75179,-164.98640,0,0,0,1
248,248000,0.52466,-0.06000,-0.46677,-0.00211,52.87303,36.25024,-89.17601,0.62959,-0.07200,-0.56012,-0.00253,105.74606,72.50048,-178.35203,0,0,0,1
249,249000,0.42160,0.12874,-0.53520,0.01514,27.73462,60.52277,-87.83252,0.50592,0.15449,-0.64224,0.01817,55.46924,121.04554,-175.66504,0,0,0,1
250,250000,0.27417,0.28386,-0.56951,-0.01149,0.39330,77.94573,-77.98692,0.32901,0.34063,-0.68342,-0.01378,0.78659,155.89146,-155.97383,0,0,0,1
251,251000,0.11582,0.42291,-0.54430,-0.00556,-27.33243,87.45638,-59.83442,0.13899,0.50749,-0.65315,-0.00667,-54.66487,174.91277,-119.66884,0,0,0,1
252,252000,-0.04690,0.51606,-0.47106,-0.00190,-53.07955,88.96617,-36.46506,-0.05628,0.61927,-0.56528,-0.00229,-106.15909,177.93234,-72.93012,0,0,0,1
253,253000,-0.22127,0.56525,-0.34661,-0.00263,-72.54656,81.62840,-9.38231,-0.26552,0.67830,-0.41593,-0.00315,-145.09312,163.25679,-18.76462,0,0,0,1
254,254000,-0.39033,0.55690,-0.16792,-0.00135,-85.27455,66.34558,19.07260,-0.46839,0.66828,-0.20150,-0.00161,-170.54910,132.69116,38.14519,0,0,0,1
255,255000,-0.49102,0.48382,0.00224,-0.00495,-89.86202,45.20561,44.63109,-0.58922,0.58059,0.00269,-0.00594,-179.72403,90.41123,89.26219,0,0,0,1
256,256000,-0.54822,0.36683,0.18856,0.00716,-85.26733,18.87576,67.17332,-0.65787,0.44019,0.22627,0.00860,-170.53467,37.75153,134.34664,0,0,0,1
257,257000,-0.56775,0.22246,0.33121,-0.01409,-72.84875,-9.64099,82.15416,-0.68130,0.26695,0.39745,-0.01691,-145.69750,-19.28197,164.30832,0,0,0,1
258,258000,-0.51012,0.05129,0.46983,0.01100,-53.01820,-36.37259,89.05052,-0.61214,0.06155,0.56380,0.01320,-106.03639,-72.74517,178.10105,0,0,0,1
259,259000,-0.40716,-0.11158,0.55049,0.03175,-27.60080,-59.75231,87.53577,-0.48859,-0.13389,0.66058,0.03809,-55.20161,-119.50463,175.07154,0,0,0,1
260,260000,-0.27128,-0.28516,0.57882,0.02239,0.29220,-78.11062,77.77444,-0.32553,-0.34219,0.69459,0.02686,0.58439,-156.22124,155.54889,0,0,0,1
261,261000,-0.12378,-0.43281,0.53612,-0.02047,27.36807,-87.44999,59.67346,-0.14854,-0.51937,0.64334,-0.02457,54.73615,-174.89998,119.34692,0,0,0,1
262,262000,0.05968,-0.50963,0.45977,0.00981,52.60103,-89.02051,36.38997,0.07162,-0.61156,0.55172,0.01178,105.20206,-178.04103,72.77995,0,0,0,1
263,263000,0.22903,-0.56751,0.31951,-0.01897,72.61260,-82.06686,9.69757,0.27484,-0.68101,0.38341,-0.02277,145.22519,-164.13372,19.39515,0,0,0,1
264,264000,0.38290,-0.54795,0.18323,0.01818,85.10714,-66.38333,-18.55115,0.45948,-0.65753,0.21988,0.02182,170.21429,-132.76666,-37.10230,0,0,0,1
265,265000,0.49672,-0.47833,0.00966,0.02804,89.77709,-45.08754,-44.62181,0.59606,-0.57400,0.01159,0.03365,179.55418,-90.17508,-89.24363,0,0,0,1
266,266000,0.55028,-0.38016,-0.18504,-0.01492,85.80976,-19.00894,-66.30048,0.66034,-0.45619,-0.22205,-0.01790,171.61952,-38.01789,-132.60096,0,0,0,1
267,267000,0.56923,-0.24220,-0.33576,-0.00873,72.50726,9.26276,-81.71723,0.68308,-0.29065,-0.40292,-0.01048,145.01453,18.52551,-163.43445,0,0,0,1
268,268000,0.52128,-0.04763,-0.45151,0.02214,52.63256,36.28192,-89.55980,0.62554,-0.05716,-0.54181,0.02656,105.26512,72.56384,-179.11961,0,0,0,1
269,269000,0.41126,0.11229,-0.55080,-0.02724,27.92286,60.31362,-87.83614,0.49352,0.13475,-0.66096,-0.03269,55.84573,120.62724,-175.67228,0,0,0,1
270,270000,0.28299,0.29184,-0.55681,0.01801,-0.07830,77.79784,-78.20014,0.33959,0.35020,-0.66818,0.02162,-0.15660,155.59568,-156.40027,0,0,0,1
271,271000,0.10933,0.40820,-0.53332,-0.01579,-27.79571,87.57311,-59.77335,0.13120,0.48984,-0.63998,-0.01895,-55.59142,175.14622,-119.54671,0,0,0,1
272,272000,-0.05759,0.51380,-0.46258,-0.00638,-53.11084,89.39022,-36.58446,-0.06911,0.61656,-0.55510,-0.00765,-106.22168,178.78043,-73.16893,0,0,0,1
273,273000,-0.23450,0.55797,-0.34231,-0.01883,-72.49667,81.72489,-9.42807,-0.28139,0.66957,-0.41077,-0.02260,-144.99334,163.44978,-18.85614,0,0,0,1
274,274000,-0.39066,0.55699,-0.16182,0.00451,-85.86378,67.08781,18.49015,-0.46879,0.66839,-0.19419,0.00541,-171.72756,134.17562,36.98029,0,0,0,1
275,275000,-0.49622,0.47640,-0.00273,-0.02254,-89.48881,44.85830,45.33347,-0.59546,0.57169,-0.00327,-0.02705,-178.97761,89.71660,90.66693,0,0,0,1
276,276000,-0.54477,0.37737,0.16661,-0.00079,-85.50826,18.97020,67.06543,-0.65372,0.45284,0.19993,-0.00095,-171.01652,37.94040,134.13086,0,0,0,1
277,277000,-0.56740,0.23999,0.34525,0.01784,-72.99467,-9.78921,82.20714,-0.68089,0.28799,0.41430,0.02140,-145.98935,-19.57841,164.41428,0,0,0,1
278,278000,-0.51938,0.05533,0.46430,0.00026,-52.74640,-36.47312,89.69128,-0.62326,0.06640,0.55717,0.00031,-105.49281,-72.94624,179.38256,0,0,0,1
279,279000,-0.41471,-0.12396,0.54931,0.01064,-27.83522,-60.40910,88.24496,-0.49765,-0.14875,0.65917,0.01276,-55.67043,-120.81820,176.48993,0,0,0,1
280,280000,-0.28071,-0.28027,0.55828,-0.00269,0.03278,-77.64127,77.44454,-0.33685,-0.33632,0.66994,-0.00323,0.06556,-155.28253,154.88908,0,0,0,1
281,281000,-0.12004,-0.42046,0.53423,-0.00626,27.59320,-87.70186,60.15374,-0.14405,-0.50455,0.64107,-0.00752,55.18640,-175.40372,120.30747,0,0,0,1
282,282000,0.06450,-0.50609,0.44770,0.00611,52.97169,-89.37116,36.49836,0.07740,-0.60731,0.53724,0.00733,105.94338,-178.74233,72.99672,0,0,0,1
283,283000,0.22457,-0.55317,0.33554,0.00695,73.04855,-82.18081,9.03247,0.26948,-0.66380,0.40265,0.00833,146.09710,-164.36162,18.06493,0,0,0,1
284,284000,0.36619,-0.54734,0.17607,-0.00508,85.02496,-66.99551,-18.62180,0.43943,-0.65681,0.21129,-0.00609,170.04993,-133.99102,-37.24360,0,0,0,1
285,285000,0.50332,-0.48163,-0.00430,0.01739,89.64306,-44.51455,-44.99900,0.60399,-0.57796,-0.00516,0.02086,179.28612,-89.02910,-89.99799,0,0,0,1
286,286000,0.54069,-0.37022,-0.16547,0.00500,85.34692,-18.34980,-67.19200,0.64883,-0.44427,-0.19856,0.00600,170.69385,-36.69959,-134.38399,0,0,0,1
287,287000,0.55969,-0.24401,-0.32136,-0.00568,72.54942,9.60933,-82.24096,0.67163,-0.29282,-0.38563,-0.00681,145.09884,19.21866,-164.48192,0,0,0,1
288,288000,0.51001,-0.06849,-0.46143,-0.01992,52.55843,36.95109,-89.17197,0.61201,-0.08219,-0.55372,-0.02390,105.11687,73.90218,-178.34394,0,0,0,1
289,289000,0.42941,0.11688,-0.53352,0.01277,27.92210,60.18545,-88.06915,0.51529,0.14025,-0.64022,0.01532,55.84420,120.37091,-176.13829,0,0,0,1
290,290000,0.28457,0.26944,-0.57292,-0.01890,0.10935,78.01836,-78.22989,0.34149,0.32333,-0.68750,-0.02268,0.21870,156.03672,-156.45978,0,0,0,1
291,291000,0.13011,0.43130,-0.54016,0.02125,-27.83270,87.84450,-60.30129,0.15613,0.51756,-0.64819,0.02550,-55.66539,175.68901,-120.60259,0,0,0,1
292,292000,-0.06490,0.53091,-0.44490,0.02110,-52.64371,89.66084,-36.18916,-0.07789,0.63709,-0.53388,0.02532,-105.28743,179.32168,-72.37833,0,0,0,1
293,293000,-0.23808,0.56367,-0.34027,-0.01468,-72.63793,81.88511,-9.13174,-0.28570,0.67641,-0.40833,-0.01762,-145.27586,163.77022,-18.26347,0,0,0,1
294,294000,-0.37186,0.56389,-0.18337,0.00866,-85.53570,66.96313,18.75303,-0.44624,0.67667,-0.22005,0.01039,-171.07141,133.92626,37.50607,0,0,0,1
295,295000,-0.49651,0.47818,0.00721,-0.01113,-89.78608,45.33661,44.84457,-0.59582,0.57382,0.00865,-0.01335,-179.57215,90.67322,89.68914,0,0,0,1
296,296000,-0.54694,0.39264,0.18038,0.02607,-85.62866,18.85119,67.19418,-0.65633,0.47117,0.21645,0.03129,-171.25733,37.70239,134.38837,0,0,0,1
297,297000,-0.56592,0.23182,0.31881,-0.01529,-72.94763,-9.80929,82.06028,-0.67910,0.27818,0.38257,-0.01835,-145.89526,-19.61859,164.12055,0,0,0,1
298,298000,-0.52591,0.05562,0.44539,-0.02490,-52.55152,-36.48251,89.55151,-0.63109,0.06674,0.53447,-0.02988,-105.10304,-72.96503,179.10302,0,0,0,1
299,299000,-0.42680,-0.11489,0.54336,0.00166,-27.49569,-59.70445,87.67223,-0.51216,-0.13787,0.65203,0.00199,-54.99139,-119.40889,175.34446,0,0,0,1
300,300000,-0.27686,-2.53512,5.10224,2.29026,0.00744,-19.65991,19.61452,-0.33224,-3.04214,6.12269,2.74831,0.01488,-39.31982,39.22905,0,0,0,1
301,301000,-0.11582,-3.77466,4.84474,0.95427,26.29340,-22.35051,15.06577,-0.13898,-4.52959,5.81369,1.14512,52.58680,-44.70103,30.13155,0,0,0,1
302,302000,0.06988,-4.63725,4.10720,-0.46017,50.31987,-22.32817,9.07139,0.08385,-5.56470,4.92864,-0.55221,100.63974,-44.65634,18.14278,1,0,0,1
303,303000,0.24240,-5.05128,2.98665,-1.82223,68.61557,-20.33722,2.79593,0.29088,-6.06153,3.58398,-2.18667,137.23114,-40.67443,5.59187,1,0,0,1
304,304000,0.37987,-4.98116,1.55953,-3.04175,81.58393,-16.35954,-4.47638,0.45585,-5.97739,1.87144,-3.65010,163.16786,-32.71909,-8.95275,1,0,0,1
305,305000,0.49474,-4.40270,-0.00828,-3.91624,85.60322,-11.42111,-11.02746,0.59368,-5.28324,-0.00994,-4.69949,171.20643,-22.84223,-22.05491,1,0,0,1
306,306000,0.54559,-3.41423,-1.58537,-4.45402,81.05615,-5.04706,-16.94668,0.65471,-4.09708,-1.90245,-5.34482,162.11231,-10.09413,-33.89336,1,0,0,1
307,307000,0.56729,-2.08236,-2.98841,-4.50348,68.75319,2.18459,-20.34457,0.68074,-2.49883,-3.58609,-5.40418,137.50639,4.36918,-40.68914,1,0,0,1
308,308000,0.51765,-0.53676,-4.10991,-4.12902,50.51225,9.13284,-22.10736,0.62118,-0.64411,-4.93189,-4.95482,101.02451,18.26569,-44.21473,1,0,0,1
309,309000,0.42193,1.06157,-4.84484,-3.36134,26.38981,14.98607,-21.72303,0.50631,1.27389,-5.81381,-4.03361,52.77962,29.97214,-43.44606,1,0,0,1
310,310000,0.27562,2.55512,-5.09580,-2.26506,0.19300,19.59037,-19.44180,0.33074,3.06614,-6.11496,-2.71807,0.38601,39.18075,-38.88359,1,0,0,1
311,311000,0.12843,3.77310,-4.83394,-0.93241,-26.10311,21.73456,-15.15003,0.15411,4.52772,-5.80073,-1.11889,-52.20621,43.46913,-30.30006,1,0,0,1
312,312000,-0.05809,4.63924,-4.10896,0.47220,-50.11797,22.21414,-9.51815,-0.06971,5.56709,-4.93075,0.56664,-100.23593,44.42828,-19.03630,1,0,0,1
313,313000,-0.23328,5.06858,-2.98948,1.84582,-69.40594,20.49421,-2.21535,-0.27994,6.08229,-3.58737,2.21499,-138.81188,40.98841,-4.43069,1,0,0,1
314,314000,-0.38600,4.97886,-1.56807,3.02479,-81.32150,16.51261,4.45976,-0.46320,5.97463,-1.88169,3.62975,-162.64299,33.02523,8.91952,1,0,0,1
315,315000,-0.49311,4.40156,0.00903,3.91748,-85.65874,10.97728,10.97206,-0.59174,5.28188,0.01084,4.70097,-171.31747,21.95455,21.94413,1,0,0,1
316,316000,-0.55502,3.41365,1.57356,4.43219,-80.95941,4.93823,16.60077,-0.66602,4.09638,1.88827,5.31862,-161.91882,9.87645,33.20154,1,0,0,1
317,317000,-0.56010,2.07656,2.98403,4.50049,-68.99273,-1.94748,20.52234,-0.67212,2.49187,3.58083,5.40058,-137.98546,-3.89495,41.04469,1,0,0,1
318,318000,-0.50868,0.52361,4.13109,4.14602,-50.08532,-9.15158,22.26421,-0.61041,0.62833,4.95731,4.97523,-100.17065,-18.30315,44.52842,1,0,0,1
319,319000,-0.41997,-1.05078,4.84503,3.37428,-26.46764,-15.06555,21.77645,-0.50396,-1.26094,5.81404,4.04914,-52.93529,-30.13110,43.55290,1,0,0,1
320,320000,-0.28341,-2.55471,5.09649,2.25837,-0.27582,-19.31191,19.14623,-0.34010,-3.06565,6.11579,2.71005,-0.55164,-38.62381,38.29246,1,0,0,1
321,321000,-0.12539,-3.78956,4.83153,0.91658,25.98546,-22.41188,15.27953,-0.15047,-4.54747,5.79784,1.09990,51.97093,-44.82376,30.55906,1,0,0,1
322,322000,0.04709,-4.63999,4.12636,-0.46654,49.72572,-22.17984,9.05302,0.05651,-5.56798,4.95163,-0.55985,99.45143,-44.35968,18.10605,1,0,1,1
323,323000,0.22212,-5.07430,2.98640,-1.86577,69.40638,-20.09266,2.08235,0.26655,-6.08916,3.58368,-2.23893,138.81276,-40.18531,4.16471,1,0,1,1
324,324000,0.37767,-4.98946,1.56912,-3.04267,81.01684,-16.53617,-4.72645,0.45320,-5.98735,1.88295,-3.65120,162.03368,-33.07234,-9.45291,1,0,1,1
325,325000,0.50051,-4.41168,0.00389,-3.90728,85.60641,-11.18023,-11.24818,0.60061,-5.29401,0.00466,-4.68874,171.21283,-22.36045,-22.49635,1,0,1,1
326,326000,0.54626,-3.39887,-1.58523,-4.43784,81.45510,-4.23185,-16.67251,0.65551,-4.07865,-1.90228,-5.32541,162.91021,-8.46371,-33.34502,1,0,1,1
327,327000,0.57574,-2.06457,-3.00621,-4.49504,69.25730,2.74846,-20.56439,0.69088,-2.47748,-3.60745,-5.39405,138.51459,5.49692,-41.12879,1,0,1,1
328,328000,0.50401,-0.51956,-4.12529,-4.14084,50.42750,9.24288,-22.58535,0.60482,-0.62348,-4.95034,-4.96900,100.85501,18.48576,-45.17070,1,0,1,1
329,329000,0.43229,1.05363,-4.84520,-3.35928,26.73600,14.91302,-21.81860,0.51875,1.26435,-5.81423,-4.03113,53.47200,29.82604,-43.63720,1,0,1,1
330,330000,0.28433,2.54833,-5.08244,-2.24977,0.08089,19.00951,-19.63652,0.34120,3.05800,-6.09892,-2.69972,0.16179,38.01901,-39.27305,1,0,1,1
331,331000,0.12801,3.78641,-4.84147,-0.92706,-26.68161,22.17562,-14.74324,0.15361,4.54369,-5.80977,-1.11247,-53.36321,44.35123,-29.48647,1,0,1,1
332,332000,-0.05158,4.65196,-4.12442,0.47595,-50.11068,22.66373,-9.36525,-0.06190,5.58235,-4.94931,0.57115,-100.22137,45.32745,-18.73049,1,0,1,1
333,333000,-0.23456,5.07492,-2.99062,1.84974,-69.45773,20.88912,-2.70597,-0.28148,6.08991,-3.58874,2.21969,-138.91545,41.77824,-5.41193,1,0,1,1
334,334000,-0.38946,4.97224,-1.58378,2.99900,-81.02647,16.81527,4.60102,-0.46735,5.96669,-1.90053,3.59880,-162.05294,33.63053,9.20204,1,0,1,1
335,335000,-0.48120,4.40186,0.01366,3.93433,-85.01936,11.67474,11.32533,-0.57744,5.28224,0.01639,4.72119,-170.03872,23.34948,22.65065,1,0,1,1
336,336000,-0.54255,3.39942,1.56671,4.42358,-81.57466,4.90825,16.44990,-0.65106,4.07930,1.88005,5.30829,-163.14931,9.81650,32.89981,1,0,1,1
337,337000,-0.56807,2.06215,3.00529,4.49938,-69.32292,-2.41934,20.81309,-0.68169,2.47459,3.60635,5.39925,-138.64583,-4.83869,41.62617,1,0,1,1
338,338000,-0.52286,0.53041,4.11629,4.12384,-49.90697,-9.27094,22.19407,-0.62743,0.63649,4.93955,4.94861,-99.81394,-18.54188,44.38814,1,0,1,1
339,339000,-0.42157,-1.06466,4.85352,3.36729,-26.54078,-14.68928,22.22155,-0.50588,-1.27759,5.82422,4.04075,-53.08155,-29.37857,44.44310,1,0,1,1
340,340000,-0.28634,-2.53667,5.09469,2.27169,-0.22122,-19.73292,19.85360,-0.34360,-3.04400,6.11363,2.72603,-0.44243,-39.46584,39.70719,1,0,1,1
341,341000,-0.12978,-3.77857,4.84686,0.93851,26.15691,-21.83191,15.26667,-0.15574,-4.53428,5.81623,1.12621,52.31381,-43.66382,30.53333,1,0,1,1
342,342000,0.06525,-4.64121,4.13196,-0.44400,50.21831,-22.44175,8.86270,0.07831,-5.56945,4.95835,-0.53280,100.43662,-44.88349,17.72540,1,0,1,1
343,343000,0.23399,-5.06723,3.00160,-1.83163,69.13227,-20.82313,2.40042,0.28079,-6.08067,3.60192,-2.19796,138.26453,-41.64626,4.80084,1,0,1,1
344,344000,0.37781,-4.96886,1.57850,-3.01256,81.24381,-16.40636,-4.30701,0.45337,-5.96264,1.89419,-3.61507,162.48762,-32.81273,-8.61402,1,0,1,1
345,345000,0.50178,-4.41672,-0.00527,-3.92021,85.25876,-11.36510,-11.33903,0.60214,-5.30006,-0.00633,-4.70425,170.51753,-22.73020,-22.67807,1,0,1,1
346,346000,0.54128,-3.39970,-1.57040,-4.42882,80.88463,-4.90201,-16.78559,0.64953,-4.07963,-1.88448,-5.31458,161.76926,-9.80403,-33.57118,1,0,1,1
347,347000,0.56944,-2.05881,-2.99543,-4.48480,68.72217,2.45747,-20.36682,0.68333,-2.47057,-3.59452,-5.38176,137.44433,4.91494,-40.73364,1,0,1,1
348,348000,0.52211,-0.54561,-4.12885,-4.15234,50.07623,8.87783,-22.07489,0.62654,-0.65473,-4.95461,-4.98281,100.15246,17.75566,-44.14978,1,0,1,1
349,349000,0.40675,1.06428,-4.83717,-3.36614,26.20736,14.89748,-22.18006,0.48810,1.27714,-5.80460,-4.03937,52.41473,29.79495,-44.36012,1,0,1,1
350,350000,0.29273,2.55134,-5.09886,-2.25479,0.15628,19.84909,-19.17166,0.35128,3.06160,-6.11863,-2.70575,0.31256,39.69818,-38.34332,1,0,1,1
351,351000,0.11637,3.77353,-4.85538,-0.96548,-26.43852,21.87392,-14.86251,0.13964,4.52824,-5.82646,-1.15858,-52.87705,43.74784,-29.72501,1,0,1,1
352,352000,-0.06297,4.64958,-4.11330,0.47330,-50.03485,22.28572,-9.34257,-0.07556,5.57949,-4.93597,0.56796,-100.06971,44.57145,-18.68515,1,0,1,1
353,353000,-0.23442,5.06187,-2.99072,1.83674,-68.86338,20.07518,-2.45062,-0.28130,6.07424,-3.58886,2.20408,-137.72675,40.15036,-4.90125,1,0,1,1
354,354000,-0.37040,4.96989,-1.56882,3.03067,-81.42463,16.39690,4.66147,-0.44448,5.96387,-1.88259,3.63680,-162.84925,32.79381,9.32294,1,0,1,1
355,355000,-0.47924,4.40381,-0.00989,3.91468,-84.94430,11.53927,10.98656,-0.57509,5.28457,-0.01187,4.69761,-169.88860,23.07854,21.97312,1,0,1,1
356,356000,-0.56515,3.40239,1.57090,4.40814,-81.38556,4.27287,16.84935,-0.67818,4.08287,1.88508,5.28977,-162.77112,8.54573,33.69871,1,0,1,1
357,357000,-0.56758,2.08379,2.98960,4.50581,-68.89574,-2.39711,20.06524,-0.68109,2.50055,3.58752,5.40698,-137.79148,-4.79422,40.13047,1,0,1,1
358,358000,-0.50587,0.53075,4.11328,4.13816,-50.11160,-8.91412,22.46092,-0.60705,0.63690,4.93594,4.96579,-100.22319,-17.82824,44.92183,1,0,1,1
359,359000,-0.41966,-1.06393,4.83919,3.35561,-26.52071,-14.84430,21.96385,-0.50359,-1.27671,5.80703,4.02673,-53.04142,-29.68859,43.92771,1,0,1,1
360,360000,-0.28798,-2.55261,5.10060,2.26002,0.26913,-19.62774,19.43862,-0.34557,-3.06313,6.12073,2.71202,0.53826,-39.25548,38.87723,1,0,1,1
361,361000,-0.11082,-3.78297,4.84282,0.94903,26.76927,-22.28344,14.79253,-0.13298,-4.53956,5.81138,1.13884,53.53855,-44.56688,29.58506,1,0,1,1
362,362000,0.05291,-4.66164,4.11866,-0.49007,50.56607,-22.30887,8.96765,0.06349,-5.59397,4.94240,-0.58808,101.13214,-44.61774,17.93529,1,0,1,1
363,363000,0.22443,-5.05644,2.99456,-1.83746,69.06004,-20.07211,2.56004,0.26931,-6.06773,3.59347,-2.20495,138.12008,-40.14422,5.12007,1,0,1,1
364,364000,0.36610,-4.98150,1.57397,-3.04143,80.82160,-16.50187,-4.74570,0.43932,-5.97780,1.88876,-3.64971,161.64320,-33.00373,-9.49141,1,0,1,1
365,365000,0.48659,-4.40447,-0.01015,-3.92803,85.70981,-11.03360,-11.15963,0.58391,-5.28536,-0.01218,-4.71363,171.41961,-22.06719,-22.31925,1,0,1,1
366,366000,0.56027,-3.39415,-1.57899,-4.41287,81.55157,-4.60434,-16.29807,0.67232,-4.07298,-1.89479,-5.29545,163.10315,-9.20867,-32.59614,1,0,1,1
367,367000,0.56625,-2.07069,-2.98132,-4.48576,69.25193,1.94117,-20.53642,0.67950,-2.48483,-3.57758,-5.38291,138.50385,3.88233,-41.07285,1,0,1,1
368,368000,0.52683,-0.54396,-4.11440,-4.13152,49.71810,9.36770,-22.62830,0.63220,-0.65275,-4.93728,-4.95783,99.43620,18.73540,-45.25660,1,0,1,1
369,369000,0.42740,1.04479,-4.85389,-3.38170,26.57685,15.02077,-22.05952,0.51288,1.25375,-5.82467,-4.05804,53.15370,30.04154,-44.11905,1,0,1,1
370,370000,0.29394,2.54134,-5.10320,-2.26792,-0.25225,19.65904,-19.17891,0.35273,3.04961,-6.12384,-2.72150,-0.50450,39.31808,-38.35782,1,0,1,1
371,371000,0.11363,3.78999,-4.85466,-0.95103,-26.24778,21.87219,-14.94479,0.13636,4.54799,-5.82559,-1.14124,-52.49556,43.74437,-29.88958,1,0,1,1
372,372000,-0.07186,4.64169,-4.11642,0.45341,-50.55360,22.56526,-8.70095,-0.08623,5.57003,-4.93971,0.54409,-101.10719,45.13052,-17.40189,1,0,1,1
373,373000,-0.23498,5.06251,-2.98747,1.84007,-68.87618,20.60952,-2.65409,-0.28198,6.07502,-3.58496,2.20808,-137.75237,41.21904,-5.30817,1,0,1,1
374,374000,-0.38168,4.99048,-1.56975,3.03905,-81.42216,16.59710,5.08715,-0.45801,5.98858,-1.88370,3.64686,-162.84433,33.19419,10.17429,1,0,1,1
375,375000,-0.49415,4.41168,-0.01240,3.90513,-85.09341,10.96183,11.06899,-0.59298,5.29402,-0.01488,4.68615,-170.18683,21.92366,22.13798,1,0,1,1
376,376000,-0.55493,3.39429,1.57779,4.41715,-81.04209,4.39414,16.85783,-0.66591,4.07314,1.89335,5.30058,-162.08418,8.78828,33.71567,1,0,1,1
377,377000,-0.57431,2.08190,2.98641,4.49400,-68.98575,-2.34490,20.33203,-0.68917,2.49828,3.58369,5.39279,-137.97150,-4.68981,40.66405,1,0,1,1
378,378000,-0.52092,0.53756,4.11562,4.13226,-50.23157,-8.69567,22.28973,-0.62510,0.64507,4.93875,4.95872,-100.46314,-17.39134,44.57946,1,0,1,1
379,379000,-0.41071,-1.06834,4.84983,3.37078,-26.25459,-14.76767,21.85707,-0.49285,-1.28201,5.81980,4.04494,-52.50919,-29.53533,43.71414,1,0,1,1
380,380000,-0.27303,-2.54285,5.09663,2.28076,-0.04841,-19.53825,19.02780,-0.32763,-3.05142,6.11596,2.73691,-0.09682,-39.07651,38.05560,1,0,1,1
381,381000,-0.12941,-3.77423,4.83008,0.92645,26.65712,-21.91063,15.32861,-0.15529,-4.52907,5.79610,1.11173,53.31425,-43.82126,30.65722,1,0,1,1
382,382000,0.01042,0.01089,-0.00439,0.01693,52.64617,-89.75719,36.25118,0.01251,0.01307,-0.00527,0.02031,105.29233,-179.51439,72.50236,0,0,1,0
383,383000,0.00568,0.00898,-0.00137,0.01329,72.82609,-82.01547,9.04440,0.00682,0.01077,-0.00164,0.01595,145.65219,-164.03095,18.08881,0,0,1,0
384,384000,0.01023,0.01164,-0.01192,0.00995,85.14150,-66.67216,-18.81813,0.01228,0.01396,-0.01430,0.01194,170.28301,-133.34432,-37.63626,0,0,1,0
385,385000,0.00556,-0.01288,-0.00385,-0.01118,89.78040,-44.86244,-45.05176,0.00667,-0.01546,-0.00462,-0.01341,179.56080,-89.72488,-90.10352,0,0,1,0
386,386000,-0.00150,0.01056,0.00822,0.01728,85.64324,-18.92537,-66.46412,-0.00179,0.01267,0.00986,0.02074,171.28649,-37.85074,-132.92825,0,0,1,0
387,387000,-0.00219,-0.00956,0.01012,-0.00164,72.91048,9.20941,-81.89195,-0.00263,-0.01147,0.01214,-0.00196,145.82095,18.41882,-163.78389,0,0,1,0
388,388000,0.00302,0.00255,0.00965,0.01522,52.92007,36.46864,-89.00117,0.00362,0.00306,0.01158,0.01826,105.84014,72.93727,-178.00235,0,0,1,0
389,389000,0.01387,-0.00640,0.00666,0.01413,27.55534,59.71371,-87.87199,0.01665,-0.00768,0.00799,0.01695,55.11068,119.42742,-175.74398,0,0,1,0
390,390000,0.00790,-0.00658,0.00561,0.00693,-0.33379,77.52369,-77.60749,0.00948,-0.00789,0.00673,0.00832,-0.66759,155.04739,-155.21498,0,0,1,0
391,391000,-0.01289,-0.01305,0.01133,-0.01461,-27.71127,87.63993,-60.49782,-0.01547,-0.01567,0.01360,-0.01754,-55.42253,175.27986,-120.99564,0,0,1,0
392,392000,-0.01370,0.00866,-0.00299,-0.00803,-52.68891,89.12883,-36.32112,-0.01643,0.01039,-0.00359,-0.00964,-105.37782,178.25766,-72.64224,0,0,1,0
393,393000,-0.00178,-0.01336,0.00449,-0.01064,-72.22024,82.26357,-9.58556,-0.00213,-0.01603,0.00539,-0.01277,-144.44049,164.52714,-19.17112,0,0,1,0
394,394000,-0.00439,0.00906,0.01191,0.01658,-85.85522,66.72583,18.46626,-0.00527,0.01087,0.01430,0.01989,-171.71044,133.45166,36.93251,0,0,1,0
395,395000,-0.00530,0.00745,-0.01276,-0.01062,-90.17949,44.86637,44.74280,-0.00636,0.00893,-0.01532,-0.01274,-180.35898,89.73275,89.48561,0,0,1,0
396,396000,0.01068,0.00146,-0.00470,0.00744,-85.41624,18.35174,66.69005,0.01282,0.00175,-0.00564,0.00893,-170.83247,36.70348,133.38011,0,0,1,0
397,397000,0.01263,0.00417,-0.00954,0.00725,-72.25182,-9.16144,82.15640,0.01515,0.00500,-0.01145,0.00870,-144.50363,-18.32289,164.31281,0,0,1,0
398,398000,0.00417,0.00583,0.01386,0.02386,-52.82903,-36.38430,89.00477,0.00501,0.00700,0.01663,0.02863,-105.65806,-72.76860,178.00954,0,0,1,0
399,399000,-0.00894,0.01083,0.00710,0.00899,-27.77035,-60.09592,87.52812,-0.01073,0.01299,0.00853,0.01079,-55.54071,-120.19185,175.05624,0,0,1,0
400,400000,0.00372,0.00764,-0.00963,0.00174,0.02949,-77.46532,77.65003,0.00447,0.00917,-0.01155,0.00209,0.05897,-154.93063,155.30005,0,0,1,0
401,401000,-0.01350,-0.01308,-0.00429,-0.03086,27.93725,-88.26524,60.38993,-0.01620,-0.01569,-0.00514,-0.03703,55.87449,-176.53048,120.77986,0,0,1,0
402,402000,-0.00204,-0.00449,-0.00153,-0.00805,52.79250,-89.04316,36.70631,-0.00244,-0.00539,-0.00183,-0.00966,105.58500,-178.08633,73.41262,0,0,0,0
403,403000,0.00667,0.01079,-0.00799,0.00946,72.96760,-81.69216,9.61962,0.00800,0.01295,-0.00959,0.01136,145.93520,-163.38433,19.23924,0,0,0,0
404,404000,0.00512,-0.00050,0.01318,0.01779,85.47792,-66.39594,-18.70202,0.00614,-0.00060,0.01581,0.02135,170.95584,-132.79188,-37.40403,0,0,0,0
405,405000,0.00128,-0.01180,0.00593,-0.00459,89.44853,-44.92427,-45.09243,0.00153,-0.01416,0.00712,-0.00551,178.89706,-89.84853,-90.18485,0,0,0,0
406,406000,-0.00132,0.00989,-0.00484,0.00373,85.37168,-18.89489,-66.58990,-0.00158,0.01187,-0.00581,0.00448,170.74337,-37.78978,-133.17979,0,0,0,0
407,407000,-0.00990,0.00446,-0.01014,-0.01558,72.66266,9.25129,-82.01080,-0.01188,0.00536,-0.01217,-0.01869,145.32532,18.50259,-164.02161,0,0,0,0
408,408000,0.00984,0.00821,-0.00081,0.01723,52.88136,36.49261,-89.06409,0.01181,0.00985,-0.00098,0.02068,105.76272,72.98523,-178.12819,0,0,0,0
409,409000,-0.00480,0.00708,-0.01029,-0.00800,27.61080,59.72397,-88.12514,-0.00576,0.00850,-0.01234,-0.00960,55.22161,119.44795,-176.25028,0,0,0,0
410,410000,0.00441,0.01295,0.00696,0.02433,-0.44142,77.63723,-77.68132,0.00530,0.01554,0.00835,0.02919,-0.88284,155.27445,-155.36264,0,0,0,0
411,411000,0.00849,-0.01181,-0.00939,-0.01271,-28.03490,88.05023,-59.85247,0.01019,-0.01417,-0.01127,-0.01525,-56.06979,176.10047,-119.70494,0,0,0,0
412,412000,-0.00814,0.00659,-0.00681,-0.00835,-52.83660,89.57440,-36.93520,-0.00976,0.00791,-0.00817,-0.01002,-105.67321,179.14881,-73.87040,0,0,0,0
413,413000,0.00300,0.00363,0.00639,0.01303,-73.03738,81.91067,-9.56888,0.00360,0.00436,0.00767,0.01563,-146.07477,163.82134,-19.13776,0,0,0,0
414,414000,0.00288,0.01001,0.00357,0.01647,-85.77729,67.17210,19.05497,0.00346,0.01202,0.00428,0.01976,-171.55457,134.34421,38.10993,0,0,0,0
415,415000,-0.00631,-0.00789,0.00178,-0.01242,-89.72234,45.28985,44.94424,-0.00758,-0.00946,0.00214,-0.01490,-179.44469,90.57969,89.88848,0,0,0,0
416,416000,0.00718,0.00175,0.00171,0.01065,-85.29546,19.01758,66.42164,0.00862,0.00210,0.00206,0.01277,-170.59092,38.03515,132.84327,0,0,0,0
417,417000,0.00914,0.00904,0.01220,0.03038,-72.74438,-9.06788,82.19229,0.01097,0.01084,0.01464,0.03645,-145.48876,-18.13576,164.38458,0,0,0,0
418,418000,-0.00062,0.01287,0.00978,0.02203,-52.81460,-36.30710,89.55874,-0.00074,0.01545,0.01173,0.02644,-105.62920,-72.61420,179.11748,0,0,0,0
419,419000,0.01392,-0.00595,-0.01291,-0.00495,-27.51695,-60.00820,87.84990,0.01670,-0.00714,-0.01550,-0.00594,-55.03391,-120.01640,175.69980,0,0,0,0
420,420000,0.00881,-0.00132,-0.01251,-0.00502,0.08033,-77.82825,77.47866,0.01058,-0.00159,-0.01501,-0.00602,0.16065,-155.65649,154.95732,0,0,0,0
421,421000,0.00187,-0.01375,0.00741,-0.00447,27.63932,-87.42405,59.84739,0.00225,-0.01650,0.00889,-0.00536,55.27863,-174.84809,119.69477,0,0,0,0
422,422000,-0.01401,-0.00526,-0.01322,-0.03248,53.08762,-89.21310,36.37747,-0.01681,-0.00631,-0.01586,-0.03898,106.17523,-178.42620,72.75493,0,0,0,0
423,423000,0.00910,-0.00808,-0.00737,-0.00635,73.07712,-82.48229,9.79176,0.01092,-0.00969,-0.00885,-0.00762,146.15424,-164.96459,19.58352,0,0,0,0
424,424000,-0.00720,-0.00397,0.00410,-0.00708,85.72892,-67.19216,-18.26036,-0.00865,-0.00477,0.00491,-0.00850,171.45783,-134.38433,-36.52073,0,0,0,0
425,425000,-0.00576,0.01133,0.00050,0.00608,90.08418,-45.08567,-44.68397,-0.00691,0.01360,0.00060,0.00729,180.16837,-90.17135,-89.36794,0,0,0,0
426,426000,-0.00290,0.00340,-0.01281,-0.01232,85.05234,-18.94246,-66.81406,-0.00348,0.00408,-0.01537,-0.01478,170.10469,-37.88491,-133.62812,0,0,0,0
427,427000,-0.01199,0.00489,-0.00856,-0.01566,72.36095,9.34929,-82.35679,-0.01439,0.00587,-0.01027,-0.01879,144.72190,18.69858,-164.71358,0,0,0,0
428,428000,0.01026,-0.00841,-0.01102,-0.00916,52.91584,36.14109,-89.15892,0.01231,-0.01009,-0.01322,-0.01100,105.83167,72.28217,-178.31783,0,0,0,0
429,429000,-0.00020,-0.00527,-0.00194,-0.00741,27.84248,60.13667,-88.19008,-0.00024,-0.00632,-0.00233,-0.00889,55.68495,120.27334,-176.38017,0,0,0,0
430,430000,0.00510,0.00284,0.01028,0.01822,-0.32256,77.77910,-77.58238,0.00612,0.00341,0.01233,0.02186,-0.64512,155.55820,-155.16475,0,0,0,0
431,431000,0.00463,-0.00563,-0.00312,-0.00411,-27.42584,88.28673,-60.49903,0.00556,-0.00676,-0.00374,-0.00494,-54.85167,176.57345,-120.99807,0,0,0,0
432,432000,-0.01256,-0.01122,0.00612,-0.01767,-52.86768,89.14094,-36.78760,-0.01507,-0.01346,0.00734,-0.02120,-105.73536,178.28187,-73.57521,0,0,0,0
433,433000,0.01342,-0.01346,0.01190,0.01186,-72.44937,82.04236,-9.72817,0.01610,-0.01615,0.01428,0.01423,-144.89873,164.08473,-19.45633,0,0,0,0
434,434000,-0.00874,0.01233,-0.00942,-0.00583,-85.78875,66.36097,19.12253,-0.01049,0.01480,-0.01131,-0.00700,-171.57750,132.72193,38.24506,0,0,0,0
435,435000,0.01344,-0.00074,-0.00899,0.00371,-89.66193,44.63272,44.99405,0.01613,-0.00089,-0.01079,0.00445,-179.32386,89.26545,89.98811,0,0,0,0
436,436000,-0.00303,0.00673,-0.00205,0.00165,-85.63439,18.49650,66.88995,-0.00364,0.00808,-0.00246,0.00198,-171.26877,36.99301,133.77990,0,0,0,0
437,437000,-0.00939,0.00408,-0.00204,-0.00734,-72.38316,-9.47881,81.94561,-0.01126,0.00490,-0.00245,-0.00881,-144.76632,-18.95762,163.89123,0,0,0,0
438,438000,0.00714,0.00880,-0.00614,0.00980,-52.67607,-36.21335,89.15458,0.00857,0.01056,-0.00737,0.01176,-105.35214,-72.42669,178.30915,0,0,0,0
439,439000,-0.01193,0.00578,-0.00746,-0.01360,-28.10433,-60.18545,87.69704,-0.01431,0.00694,-0.00895,-0.01632,-56.20866,-120.37091,175.39409,0,0,0,0
440,440000,-0.00919,0.01052,0.00203,0.00335,-0.37801,-77.46952,77.84764,-0.01103,0.01262,0.00244,0.00403,-0.75601,-154.93904,155.69528,0,0,0,0
441,441000,-0.00108,0.00965,0.00506,0.01362,27.32787,-87.87985,60.51373,-0.00130,0.01158,0.00607,0.01635,54.65574,-175.75971,121.02746,0,0,0,0
442,442000,-0.00062,0.00029,-0.00427,-0.00460,53.06163,-89.74642,36.25948,-0.00074,0.00035,-0.00513,-0.00552,106.12326,-179.49283,72.51895,0,0,0,0
443,443000,-0.00118,0.00076,-0.00253,-0.00295,73.03277,-81.90635,9.48504,-0.00142,0.00091,-0.00304,-0.00355,146.06554,-163.81270,18.97008,0,0,0,0
444,444000,-0.01324,-0.00329,0.01185,-0.00468,85.11058,-66.44742,-18.47495,-0.01589,-0.00395,0.01422,-0.00562,170.22116,-132.89485,-36.94990,0,0,0,0
445,445000,0.00237,-0.00129,-0.00704,-0.00595,90.09590,-44.90438,-44.62395,0.00285,-0.00154,-0.00844,-0.00714,180.19181,-89.80876,-89.24791,0,0,0,0
446,446000,-0.00495,-0.00165,-0.00821,-0.01481,85.58549,-18.37914,-66.91429,-0.00594,-0.00198,-0.00986,-0.01778,171.17098,-36.75828,-133.82859,0,0,0,0
447,447000,0.01364,-0.01285,0.00510,0.00589,72.21725,9.37619,-81.64231,0.01636,-0.01542,0.00612,0.00707,144.43450,18.75239,-163.28462,0,0,0,0
448,448000,0.00168,0.00144,-0.01047,-0.00736,52.94023,36.71611,-89.25220,0.00201,0.00172,-0.01257,-0.00883,105.88045,73.43221,-178.50441,0,0,0,0
449,449000,0.00111,-0.00978,-0.00814,-0.01682,27.61280,60.25141,-87.72796,0.00133,-0.01174,-0.00977,-0.02018,55.22559,120.50281,-175.45592,0,0,0,0
450,450000,0.00995,-0.01250,0.01046,0.00792,-0.24611,77.37068,-78.04177,0.01194,-0.01500,0.01256,0.00950,-0.49222,154.74136,-156.08353,0,0,0,0
451,451000,-0.00367,0.01075,-0.00915,-0.00207,-27.31785,87.95117,-60.11416,-0.00440,0.01290,-0.01098,-0.00248,-54.63571,175.90233,-120.22833,0,0,0,0
452,452000,0.00839,-0.00511,-0.00895,-0.00568,-52.44291,88.98618,-36.50105,0.01006,-0.00613,-0.01075,-0.00681,-104.88583,177.97236,-73.00209,0,0,0,0
453,453000,0.00946,0.00818,-0.01221,0.00543,-72.29663,82.33216,-9.53239,0.01135,0.00982,-0.01465,0.00652,-144.59326,164.66432,-19.06478,0,0,0,0
454,454000,-0.01413,-0.00224,-0.00997,-0.02634,-85.67944,66.41254,18.35737,-0.01696,-0.00269,-0.01196,-0.03161,-171.35889,132.82507,36.71474,0,0,0,0
455,455000,-0.00120,-0.00540,-0.00661,-0.01321,-89.61447,45.16653,44.88760,-0.00144,-0.00648,-0.00793,-0.01585,-179.22895,90.33307,89.77520,0,0,0,0
456,456000,-0.00665,0.01156,-0.00112,0.00379,-85.23518,18.99326,66.67948,-0.00798,0.01387,-0.00134,0.00455,-170.47036,37.98651,133.35897,0,0,0,0
457,457000,-0.00679,0.01146,-0.00649,-0.00182,-72.77681,-8.99572,81.61324,-0.00814,0.01375,-0.00779,-0.00218,-145.55361,-17.99143,163.22648,0,0,0,0
458,458000,-0.01081,0.00785,0.01012,0.00717,-52.94085,-36.94465,89.17834,-0.01297,0.00942,0.01215,0.00860,-105.88170,-73.88929,178.35669,0,0,0,0
459,459000,-0.01355,0.01253,-0.00642,-0.00744,-27.88192,-60.49335,87.68227,-0.01626,0.01503,-0.00770,-0.00893,-55.76384,-120.98670,175.36455,0,0,0,0
460,460000,-0.00918,-0.00762,0.00916,-0.00763,0.36412,-77.87775,78.00723,-0.01101,-0.00914,0.01100,-0.00915,0.72823,-155.75550,156.01445,0,0,0,0
461,461000,0.00106,-0.00002,0.00965,0.01070,27.40343,-87.53236,60.24238,0.00127,-0.00002,0.01159,0.01284,54.80685,-175.06472,120.48477,0,0,0,0
462,462000,0.01194,0.00644,0.00598,0.02435,52.34450,-89.38167,36.77331,0.01432,0.00772,0.00717,0.02922,104.68900,-178.76334,73.54662,0,0,0,0
463,463000,-0.00959,0.00100,0.01222,0.00364,73.02404,-82.46763,9.16666,-0.01151,0.00120,0.01467,0.00436,146.04807,-164.93525,18.33333,0,0,0,0
464,464000,0.01262,0.00890,0.00277,0.02429,84.99440,-66.48018,-18.32169,0.01514,0.01068,0.00333,0.02915,169.98880,-132.96037,-36.64338,0,0,0,0
465,465000,0.00501,-0.00706,0.00473,0.00267,89.98338,-44.70868,-44.53088,0.00601,-0.00847,0.00567,0.00321,179.96677,-89.41736,-89.06176,0,0,0,0
466,466000,-0.00428,-0.00447,-0.00322,-0.01197,85.38514,-19.09235,-66.43062,-0.00513,-0.00536,-0.00386,-0.01436,170.77029,-38.18470,-132.86125,0,0,0,0
467,467000,-0.00139,-0.00429,-0.00010,-0.00578,72.36191,9.33642,-81.72199,-0.00166,-0.00515,-0.00012,-0.00694,144.72382,18.67284,-163.44398,0,0,0,0
468,468000,-0.00282,0.00166,0.01099,0.00983,53.18757,36.14049,-89.49512,-0.00338,0.00200,0.01319,0.01180,106.37514,72.28097,-178.99025,0,0,0,0
469,469000,0.00381,-0.01093,0.01137,0.00425,27.71047,59.77035,-87.48965,0.00457,-0.01311,0.01364,0.00510,55.42094,119.54071,-174.97931,0,0,0,0
470,470000,0.00438,-0.00352,-0.00131,-0.00045,0.17094,78.03020,-77.57021,0.00525,-0.00423,-0.00157,-0.00054,0.34188,156.06040,-155.14042,0,0,0,0
471,471000,-0.00836,0.00747,-0.00285,-0.00373,-27.59303,88.20407,-60.39396,-0.01003,0.00896,-0.00342,-0.00448,-55.18607,176.40814,-120.78791,0,0,0,0
472,472000,0.00095,0.01266,0.00528,0.01888,-52.34441,89.12720,-36.86498,0.00114,0.01519,0.00634,0.02266,-104.68881,178.25441,-73.72996,0,0,0,0
473,473000,-0.01041,0.00299,0.00992,0.00250,-72.56413,82.21436,-8.94489,-0.01249,0.00359,0.01190,0.00300,-145.12826,164.42872,-17.88978,0,0,0,0
474,474000,0.00797,-0.01126,0.00579,0.00250,-85.02065,66.87369,18.57606,0.00957,-0.01351,0.00695,0.00300,-170.04130,133.74739,37.15213,0,0,0,0
475,475000,0.00270,0.00625,0.00796,0.01690,-89.93222,45.06932,45.31438,0.00324,0.00749,0.00955,0.02028,-179.86444,90.13864,90.62877,0,0,0,0
476,476000,0.00197,0.01344,-0.00611,0.00930,-85.14839,19.11052,66.91652,0.00237,0.01613,-0.00733,0.01116,-170.29679,38.22105,133.83304,0,0,0,0
477,477000,-0.00933,-0.00924,0.00479,-0.01378,-72.92198,-9.07139,82.25218,-0.01120,-0.01109,0.00575,-0.01654,-145.84397,-18.14277,164.50435,0,0,0,0
478,478000,0.00896,0.01320,-0.01137,0.01079,-52.61192,-36.81650,89.39944,0.01076,0.01584,-0.01365,0.01295,-105.22384,-73.63300,178.79889,0,0,0,0
479,479000,-0.01320,0.00334,0.01332,0.00346,-27.47016,-60.25620,88.24478,-0.01584,0.00401,0.01598,0.00415,-54.94032,-120.51240,176.48956,0,0,0,0
480,480000,-0.00972,0.00002,-0.00592,-0.01562,-0.38127,-77.59514,77.39328,-0.01166,0.00002,-0.00711,-0.01875,-0.76254,-155.19027,154.78656,0,0,0,0
481,481000,0.00780,0.00848,0.01403,0.03031,27.35629,-87.64207,60.18383,0.00936,0.01017,0.01683,0.03637,54.71258,-175.28414,120.36767,0,0,0,0
482,482000,-0.01229,-0.00058,-0.00002,-0.01289,52.54423,-89.76515,36.46221,-0.01475,-0.00069,-0.00003,-0.01547,105.08846,-179.53029,72.92442,0,0,0,0
483,483000,0.01360,-0.00867,-0.01118,-0.00625,72.84933,-81.88893,9.55955,0.01632,-0.01040,-0.01342,-0.00750,145.69865,-163.77785,19.11910,0,0,0,0
484,484000,0.00803,0.00968,-0.01313,0.00458,85.50230,-67.17992,-18.70291,0.00964,0.01161,-0.01575,0.00550,171.00461,-134.35983,-37.40582,0,0,0,0
485,485000,-0.01347,0.00476,0.01410,0.00539,89.41901,-45.17593,-45.23136,-0.01616,0.00571,0.01692,0.00647,178.83802,-90.35187,-90.46272,0,0,0,0
486,486000,0.00825,-0.00103,-0.01257,-0.00535,84.99242,-18.95305,-67.00526,0.00990,-0.00124,-0.01508,-0.00642,169.98485,-37.90610,-134.01052,0,0,0,0
487,487000,-0.00410,0.00373,0.00917,0.00880,72.37881,9.68258,-81.89845,-0.00492,0.00447,0.01100,0.01056,144.75763,19.36517,-163.79691,0,0,0,0
488,488000,0.00044,-0.00246,-0.00306,-0.00509,52.59015,36.08674,-89.23288,0.00052,-0.00296,-0.00367,-0.00610,105.18031,72.17347,-178.46577,0,0,0,0
489,489000,0.00080,0.01275,-0.00670,0.00684,27.57870,60.01895,-87.56556,0.00096,0.01530,-0.00805,0.00821,55.15739,120.03791,-175.13112,0,0,0,0
490,490000,-0.01060,0.00961,-0.00370,-0.00468,0.12081,77.51516,-77.96646,-0.01272,0.01154,-0.00444,-0.00562,0.24162,155.03032,-155.93292,0,0,0,0
491,491000,-0.01245,0.00684,0.01340,0.00779,-27.73141,87.77716,-60.09248,-0.01494,0.00821,0.01608,0.00934,-55.46282,175.55432,-120.18496,0,0,0,0
492,492000,-0.00050,-0.01315,-0.00630,-0.01995,-52.44989,89.19321,-36.68009,-0.00060,-0.01578,-0.00756,-0.02394,-104.89977,178.38642,-73.36018,0,0,0,0
493,493000,-0.01089,-0.00674,-0.01361,-0.03124,-72.43932,82.16287,-9.07853,-0.01307,-0.00809,-0.01634,-0.03749,-144.87864,164.32574,-18.15705,0,0,0,0
494,494000,-0.00217,-0.00909,-0.00181,-0.01307,-85.57612,66.72831,18.36891,-0.00261,-0.01091,-0.00217,-0.01569,-171.15225,133.45662,36.73782,0,0,0,0
495,495000,0.01309,0.01359,0.01399,0.04067,-90.09495,44.91776,45.33993,0.01570,0.01631,0.01679,0.04880,-180.18989,89.83553,90.67985,0,0,0,0
496,496000,0.00808,0.00321,0.00512,0.01641,-85.60099,18.52265,66.30994,0.00970,0.00385,0.00614,0.01969,-171.20197,37.04531,132.61987,0,0,0,0
497,497000,-0.00456,0.01327,-0.00474,0.00397,-72.68355,-9.07848,82.06378,-0.00547,0.01593,-0.00569,0.00477,-145.36710,-18.15696,164.12756,0,0,0,0
498,498000,-0.00856,0.01333,0.01019,0.01496,-52.68534,-36.34880,89.52633,-0.01027,0.01600,0.01222,0.01795,-105.37069,-72.69760,179.05267,0,0,0,0
499,499000,0.01361,-0.01332,0.00932,0.00961,-27.58729,-59.82814,87.70432,0.01633,-0.01598,0.01118,0.01153,-55.17458,-119.65629,175.40863,0,0,0,0
500,500000,0.00333,0.01001,0.01152,0.02485,0.32273,-78.06124,78.00291,0.00399,0.01201,0.01382,0.02982,0.64546,-156.12248,156.00583,0,0,0,0
501,501000,0.01289,0.01066,-0.00140,0.02215,27.52106,-88.11847,59.70901,0.01547,0.01279,-0.00168,0.02658,55.04212,-176.23695,119.41801,0,0,0,0
502,502000,0.00099,-0.00194,0.00937,0.00842,52.92343,-89.29126,36.67956,0.00118,-0.00233,0.01125,0.01010,105.84685,-178.58252,73.35912,0,0,0,0
503,503000,-0.00586,0.00412,-0.00199,-0.00373,72.45778,-82.34920,9.14515,-0.00703,0.00494,-0.00239,-0.00448,144.91555,-164.69840,18.29029,0,0,0,0
504,504000,0.00963,0.00864,-0.00791,0.01035,85.72597,-67.00692,-18.37944,0.01155,0.01037,-0.00950,0.01242,171.45195,-134.01385,-36.75888,0,0,0,0
505,505000,0.01114,0.01395,0.00430,0.02940,89.58669,-45.26195,-44.79779,0.01337,0.01674,0.00517,0.03528,179.17337,-90.52391,-89.59558,0,0,0,0
506,506000,0.00660,0.00910,0.01088,0.02658,85.44736,-18.27860,-66.67114,0.00792,0.01092,0.01306,0.03190,170.89472,-36.55720,-133.34227,0,0,0,0
507,507000,0.00794,-0.01185,0.01349,0.00958,72.73416,8.97082,-82.20566,0.00953,-0.01422,0.01619,0.01150,145.46832,17.94163,-164.41132,0,0,0,0
508,508000,-0.01413,0.00960,-0.00362,-0.00816,53.22783,36.14619,-89.08324,-0.01696,0.01152,-0.00435,-0.00979,106.45565,72.29238,-178.16648,0,0,0,0
509,509000,0.00334,0.00158,-0.00853,-0.00361,28.04225,60.45564,-88.01223,0.00400,0.00190,-0.01023,-0.00433,56.08450,120.91129,-176.02447,0,0,0,0
510,510000,-0.01145,0.00680,-0.00462,-0.00927,0.33892,77.55679,-77.74001,-0.01374,0.00816,-0.00554,-0.01112,0.67784,155.11358,-155.48001,0,0,0,0
511,511000,0.00904,0.00610,-0.01393,0.00121,-27.89818,88.25110,-60.41360,0.01085,0.00732,-0.01672,0.00145,-55.79637,176.50219,-120.82719,0,0,0,0
512,512000,-0.00585,0.00626,-0.00949,-0.00908,-53.15499,89.21111,-36.83772,-0.00702,0.00751,-0.01138,-0.01090,-106.30997,178.42221,-73.67544,0,0,0,0
513,513000,0.00375,-0.00709,0.00795,0.00461,-72.97212,81.66211,-9.29094,0.00450,-0.00851,0.00954,0.00553,-145.94424,163.32423,-18.58189,0,0,0,0
514,514000,-0.01021,-0.00129,-0.00169,-0.01320,-85.84411,67.04859,18.87920,-0.01226,-0.00155,-0.00203,-0.01584,-171.68821,134.09718,37.75840,0,0,0,0
515,515000,-0.00368,-0.00316,-0.00901,-0.01585,-89.46346,45.20575,44.74685,-0.00442,-0.00379,-0.01081,-0.01902,-178.92692,90.41150,89.49370,0,0,0,0
516,516000,0.00106,-0.01094,0.00221,-0.00767,-84.98691,19.04070,66.36535,0.00128,-0.01313,0.00265,-0.00920,-169.97383,38.08140,132.73070,0,0,0,0
517,517000,-0.00234,0.00271,0.01274,0.01311,-72.25724,-9.26650,82.03104,-0.00281,0.00325,0.01529,0.01573,-144.51449,-18.53300,164.06208,0,0,0,0
518,518000,-0.01327,0.00629,0.00799,0.00100,-52.87629,-36.36068,89.11848,-0.01593,0.00755,0.00958,0.00121,-105.75259,-72.72136,178.23696,0,0,0,0
519,519000,0.01076,0.01251,0.01096,0.03423,-27.59003,-59.79009,87.50459,0.01291,0.01501,0.01315,0.04108,-55.18007,-119.58019,175.00918,0,0,0,0
520,520000,-0.00651,0.00324,-0.00890,-0.01217,-0.14401,-77.98499,78.08539,-0.00781,0.00389,-0.01068,-0.01461,-0.28803,-155.96998,156.17078,0,0,0,0
521,521000,-0.00345,0.00523,0.00549,0.00726,27.33419,-87.78657,60.14597,-0.00414,0.00628,0.00658,0.00872,54.66838,-175.57314,120.29194,0,0,0,0
522,522000,-0.01092,0.00969,0.01129,0.01006,52.71974,-89.49955,36.65067,-0.01310,0.01162,0.01355,0.01207,105.43947,-178.99911,73.30135,0,0,0,0
523,523000,-0.00519,0.00238,0.00467,0.00187,72.36904,-81.95419,9.78251,-0.00622,0.00286,0.00560,0.00224,144.73809,-163.90838,19.56502,0,0,0,0
524,524000,-0.00405,-0.00746,0.01235,0.00083,85.60898,-66.88177,-18.28167,-0.00487,-0.00896,0.01482,0.00100,171.21796,-133.76354,-36.56334,0,0,0,0
525,525000,0.00578,-0.01257,0.00097,-0.00582,89.50941,-44.95161,-44.98084,0.00694,-0.01508,0.00116,-0.00698,179.01882,-89.90322,-89.96167,0,0,0,0
526,526000,0.00276,-0.01397,-0.00894,-0.02015,85.49116,-18.61197,-66.37616,0.00331,-0.01677,-0.01072,-0.02418,170.98231,-37.22394,-132.75231,0,0,0,0
527,527000,0.01275,-0.00117,0.00439,0.01597,72.34628,9.82397,-82.09439,0.01530,-0.00140,0.00527,0.01916,144.69257,19.64793,-164.18878,0,0,0,0
528,528000,0.00080,-0.01276,-0.00045,-0.01241,52.74707,36.63299,-89.29227,0.00097,-0.01532,-0.00055,-0.01490,105.49415,73.26598,-178.58454,0,0,0,0
529,529000,-0.00494,-0.00687,0.00564,-0.00618,27.73523,59.76213,-87.74302,-0.00593,-0.00824,0.00677,-0.00741,55.47046,119.52426,-175.48603,0,0,0,0
530,530000,-0.00713,0.00870,0.00457,0.00614,0.16024,77.80020,-77.76129,-0.00856,0.01044,0.00548,0.00736,0.32048,155.60040,-155.52257,0,0,0,0
531,531000,0.00552,-0.00756,0.00582,0.00378,-27.62253,87.53657,-60.41548,0.00662,-0.00907,0.00698,0.00454,-55.24507,175.07314,-120.83096,0,0,0,0
532,532000,0.00420,-0.01402,-0.00995,-0.01978,-52.65377,89.21455,-36.96839,0.00504,-0.01683,-0.01195,-0.02374,-105.30753,178.42910,-73.93677,0,0,0,0
533,533000,-0.01036,0.00735,-0.00626,-0.00927,-72.26460,82.36764,-9.64386,-0.01243,0.00883,-0.00751,-0.01112,-144.52920,164.73528,-19.28772,0,0,0,0
534,534000,0.01045,-0.00546,-0.00422,0.00076,-85.14611,66.84408,18.66897,0.01254,-0.00656,-0.00507,0.00091,-170.29222,133.68817,37.33795,0,0,0,0
535,535000,0.01378,0.00767,0.00778,0.02923,-90.14811,44.92136,45.17562,0.01653,0.00921,0.00933,0.03507,-180.29621,89.84273,90.35124,0,0,0,0
536,536000,-0.00015,-0.00326,0.00142,-0.00199,-85.68331,18.83455,66.57068,-0.00018,-0.00391,0.00170,-0.00239,-171.36662,37.66910,133.14137,0,0,0,0
537,537000,-0.01246,0.00580,-0.01052,-0.01719,-72.82084,-9.71376,81.67595,-0.01496,0.00695,-0.01262,-0.02063,-145.64169,-19.42752,163.35190,0,0,0,0
538,538000,0.01055,0.00722,-0.00719,0.01058,-52.57109,-36.77076,89.76793,0.01266,0.00866,-0.00863,0.01270,-105.14219,-73.54152,179.53587,0,0,0,0
539,539000,-0.00441,-0.01140,-0.00843,-0.02425,-27.30843,-59.82153,87.59563,-0.00529,-0.01368,-0.01012,-0.02909,-54.61687,-119.64306,175.19125,0,0,0,0
540,540000,0.01157,0.00113,0.00517,0.01787,0.30213,-77.66851,77.86188,0.01388,0.00136,0.00620,0.02145,0.60426,-155.33703,155.72376,0,0,0,0
541,541000,0.00936,-0.01316,-0.00192,-0.00571,27.88566,-88.17756,59.75633,0.01124,-0.01580,-0.00230,-0.00686,55.77132,-176.35511,119.51266,0,0,0,0
542,542000,0.00348,-0.00678,0.01221,0.00891,52.99946,-89.04841,36.93825,0.00418,-0.00813,0.01465,0.01070,105.99892,-178.09681,73.87651,0,0,0,0
543,543000,0.01248,0.01172,0.00194,0.02614,72.38317,-82.20057,9.51713,0.01497,0.01407,0.00233,0.03137,144.76633,-164.40114,19.03427,0,0,0,0
544,544000,0.00365,-0.00379,-0.00772,-0.00786,85.83922,-66.59610,-18.87756,0.00438,-0.00455,-0.00927,-0.00943,171.67843,-133.19219,-37.75513,0,0,0,0
545,545000,0.01214,-0.00590,0.00012,0.00636,89.36786,-44.68841,-45.18080,0.01457,-0.00708,0.00014,0.00763,178.73572,-89.37682,-90.36161,0,0,0,0
546,546000,-0.01245,0.01136,0.01371,0.01262,85.86566,-19.07280,-67.08849,-0.01494,0.01364,0.01645,0.01514,171.73132,-38.14561,-134.17697,0,0,0,0
547,547000,0.01031,0.00182,-0.00574,0.00639,72.54484,9.40150,-82.22640,0.01237,0.00219,-0.00689,0.00767,145.08968,18.80300,-164.45279,0,0,0,0
548,548000,0.00949,-0.01095,0.00729,0.00583,53.04865,36.66436,-89.51240,0.01139,-0.01314,0.00875,0.00700,106.09731,73.32872,-179.02480,0,0,0,0
549,549000,-0.00671,-0.00092,-0.00102,-0.00866,27.49028,59.81386,-88.28350,-0.00805,-0.00110,-0.00123,-0.01039,54.98056,119.62771,-176.56699,0,0,0,0
550,550000,-0.00083,-0.00382,-0.00704,-0.01169,-0.36086,77.52171,-77.83867,-0.00099,-0.00458,-0.00845,-0.01403,-0.72171,155.04342,-155.67735,0,0,0,0
551,551000,-0.00637,-0.00840,0.00991,-0.00487,-27.55761,88.09886,-60.46897,-0.00765,-0.01008,0.01189,-0.00584,-55.11521,176.19773,-120.93795,0,0,0,0
552,552000,0.00131,-0.00761,-0.01055,-0.01685,-53.00804,88.91759,-36.11492,0.00158,-0.00914,-0.01266,-0.02022,-106.01608,177.83518,-72.22985,0,0,0,0
553,553000,0.00052,0.00848,0.00001,0.00901,-72.95482,82.43798,-9.70782,0.00063,0.01017,0.00001,0.01081,-145.90964,164.87596,-19.41563,0,0,0,0
554,554000,-0.00018,0.00050,-0.00191,-0.00158,-85.15876,66.54445,18.83376,-0.00021,0.00060,-0.00229,-0.00189,-170.31752,133.08890,37.66752,0,0,0,0
555,555000,-0.01387,0.00635,0.00705,-0.00047,-89.90875,45.21341,45.11141,-0.01665,0.00762,0.00846,-0.00057,-179.81750,90.42682,90.22283,0,0,0,0
556,556000,-0.01258,-0.01118,-0.00791,-0.03167,-85.41829,18.76950,67.04853,-0.01510,-0.01342,-0.00949,-0.03801,-170.83657,37.53900,134.09706,0,0,0,0
557,557000,0.00213,0.00195,-0.00129,0.00279,-72.36748,-9.60009,81.65748,0.00256,0.00234,-0.00155,0.00335,-144.73495,-19.20018,163.31496,0,0,0,0
558,558000,0.00298,0.01036,0.00799,0.02133,-53.07413,-36.42681,89.03611,0.00357,0.01244,0.00959,0.02560,-106.14826,-72.85362,178.07221,0,0,0,0
559,559000,-0.01066,-0.00685,0.00856,-0.00895,-27.46371,-60.04062,88.29160,-0.01280,-0.00822,0.01027,-0.01074,-54.92743,-120.08125,176.58319,0,0,0,0
560,560000,0.00101,-0.01403,-0.01218,-0.02520,0.24101,-77.48157,77.67448,0.00122,-0.01683,-0.01462,-0.03024,0.48201,-154.96313,155.34896,0,0,0,0
561,561000,0.01213,0.01034,-0.00777,0.01471,27.69464,-88.05769,59.85302,0.01456,0.01241,-0.00932,0.01765,55.38928,-176.11538,119.70604,0,0,0,0
562,562000,0.00126,0.01186,-0.00753,0.00559,52.53572,-88.89393,36.24035,0.00151,0.01423,-0.00903,0.00671,105.07145,-177.78787,72.48070,0,0,0,0
563,563000,0.00681,0.01083,0.00054,0.01819,72.63811,-82.02402,9.80557,0.00818,0.01300,0.00065,0.02182,145.27622,-164.04804,19.61114,0,0,0,0
564,564000,0.00419,0.01246,0.00583,0.02248,85.56750,-66.97388,-18.27023,0.00503,0.01495,0.00700,0.02698,171.13500,-133.94777,-36.54047,0,0,0,0
565,565000,-0.00915,-0.00860,0.00606,-0.01169,89.78185,-44.62791,-45.27237,-0.01098,-0.01032,0.00727,-0.01402,179.56370,-89.25583,-90.54474,0,0,0,0
566,566000,-0.00324,-0.01029,0.00129,-0.01225,85.04504,-18.75796,-66.56857,-0.00389,-0.01235,0.00155,-0.01470,170.09009,-37.51592,-133.13715,0,0,0,0
567,567000,0.00137,-0.01007,0.00733,-0.00137,72.26079,9.78898,-81.87406,0.00165,-0.01209,0.00879,-0.00164,144.52158,19.57797,-163.74813,0,0,0,0
568,568000,-0.00361,-0.00298,-0.00379,-0.01038,52.46697,36.22520,-89.25492,-0.00434,-0.00358,-0.00455,-0.01246,104.93395,72.45041,-178.50984,0,0,0,0
569,569000,0.00105,-0.00256,-0.00508,-0.00658,27.94551,59.74868,-87.83592,0.00126,-0.00307,-0.00609,-0.00790,55.89103,119.49735,-175.67185,0,0,0,0
570,570000,0.01008,0.00875,-0.00339,0.01543,-0.16590,77.60029,-77.50522,0.01210,0.01050,-0.00407,0.01852,-0.33181,155.20058,-155.01045,0,0,0,0
571,571000,-0.01366,0.00715,-0.01286,-0.01937,-28.03196,87.91349,-60.25545,-0.01640,0.00858,-0.01543,-0.02324,-56.06392,175.82697,-120.51089,0,0,0,0
572,572000,-0.00799,-0.00827,-0.00678,-0.02304,-52.57888,89.21352,-36.72969,-0.00959,-0.00993,-0.00813,-0.02765,-105.15776,178.42703,-73.45939,0,0,0,0
573,573000,-0.00789,-0.01277,-0.01328,-0.03394,-73.02161,81.60623,-9.28084,-0.00947,-0.01532,-0.01593,-0.04073,-146.04322,163.21247,-18.56169,0,0,0,0
574,574000,-0.00236,-0.00016,-0.01388,-0.01641,-85.12192,66.50272,18.64969,-0.00284,-0.00020,-0.01666,-0.01969,-170.24384,133.00543,37.29938,0,0,0,0
575,575000,-0.01102,-0.01133,0.00640,-0.01594,-89.95736,45.21702,44.73437,-0.01323,-0.01359,0.00769,-0.01913,-179.91473,90.43404,89.46873,0,0,0,0
576,576000,0.01400,-0.01026,0.00302,0.00675,-85.77104,18.61899,66.99744,0.01680,-0.01231,0.00362,0.00811,-171.54208,37.23798,133.99487,0,0,0,0
577,577000,0.01169,0.00830,-0.01206,0.00794,-72.31261,-9.52667,81.81446,0.01403,0.00996,-0.01447,0.00953,-144.62522,-19.05335,163.62892,0,0,0,0
578,578000,0.00890,0.00407,0.00023,0.01320,-53.11994,-36.64942,89.16965,0.01068,0.00489,0.00027,0.01584,-106.23989,-73.29884,178.33930,0,0,0,0
579,579000,-0.01182,-0.00546,-0.00936,-0.02663,-27.91346,-60.45933,87.95636,-0.01418,-0.00655,-0.01123,-0.03196,-55.82691,-120.91865,175.91272,0,0,0,0
580,580000,-0.00340,-0.00841,-0.00657,-0.01837,-0.23406,-77.56461,77.86162,-0.00407,-0.01009,-0.00788,-0.02205,-0.46811,-155.12923,155.72324,0,0,0,0
581,581000,-0.01270,-0.00902,0.00615,-0.01557,27.64441,-88.21181,59.68820,-0.01524,-0.01083,0.00738,-0.01869,55.28883,-176.42362,119.37639,0,0,0,0
582,582000,-0.00441,-0.01130,-0.00811,-0.02381,52.42547,-89.64623,36.97485,-0.00529,-0.01356,-0.00973,-0.02858,104.85094,-179.29247,73.94970,0,0,0,0
583,583000,0.01307,0.00237,-0.01299,0.00244,72.44108,-82.03701,9.13979,0.01568,0.00285,-0.01559,0.00293,144.88215,-164.07403,18.27959,0,0,0,0
584,584000,0.00522,0.00570,-0.00355,0.00737,85.44506,-66.85357,-18.86211,0.00626,0.00684,-0.00426,0.00885,170.89013,-133.70714,-37.72421,0,0,0,0
585,585000,-0.00539,-0.00308,0.00991,0.00144,89.80458,-44.69786,-45.25339,-0.00647,-0.00370,0.01189,0.00172,179.60915,-89.39573,-90.50678,0,0,0,0
586,586000,-0.00874,-0.00513,-0.00051,-0.01439,85.86028,-19.04281,-67.04055,-0.01049,-0.00616,-0.00061,-0.01727,171.72057,-38.08561,-134.08109,0,0,0,0
587,587000,-0.00322,0.00718,0.01348,0.01744,72.38122,9.66184,-82.37269,-0.00386,0.00861,0.01617,0.02092,144.76243,19.32369,-164.74537,0,0,0,0
588,588000,0.00189,0.01068,-0.00855,0.00402,52.61210,36.23187,-89.07454,0.00227,0.01282,-0.01026,0.00483,105.22420,72.46375,-178.14907,0,0,0,0
589,589000,0.00930,0.01232,-0.01290,0.00873,28.19664,60.50471,-87.81542,0.01116,0.01479,-0.01548,0.01047,56.39328,121.00942,-175.63084,0,0,0,0
590,590000,-0.00296,0.01404,0.01090,0.02198,0.11398,78.08507,-78.06024,-0.00355,0.01685,0.01308,0.02638,0.22795,156.17013,-156.12048,0,0,0,0
591,591000,-0.00996,-0.00703,-0.00969,-0.02668,-27.60993,87.80928,-59.86146,-0.01195,-0.00844,-0.01163,-0.03201,-55.21987,175.61856,-119.72293,0,0,0,0
592,592000,-0.01215,-0.00675,-0.01221,-0.03111,-52.92085,89.23530,-36.74743,-0.01458,-0.00810,-0.01465,-0.03734,-105.84169,178.47060,-73.49486,0,0,0,0
593,593000,0.01101,-0.00164,0.00718,0.01655,-72.63498,81.69529,-9.03802,0.01321,-0.00197,0.00861,0.01986,-145.26996,163.39059,-18.07603,0,0,0,0
594,594000,0.00047,-0.00266,-0.00334,-0.00553,-85.54098,66.81481,18.96916,0.00056,-0.00319,-0.00400,-0.00663,-171.08196,133.62962,37.93832,0,0,0,0
595,595000,-0.00236,-0.00185,0.01310,0.00890,-90.03702,45.23505,44.95470,-0.00283,-0.00222,0.01573,0.01068,-180.07404,90.47009,89.90941,0,0,0,0
596,596000,0.01158,0.01040,-0.00195,0.02003,-85.24587,18.56686,67.02062,0.01390,0.01248,-0.00234,0.02404,-170.49173,37.13371,134.04124,0,0,0,0
597,597000,0.00262,-0.00237,0.01347,0.01372,-73.07170,-9.57723,82.15846,0.00314,-0.00284,0.01616,0.01646,-146.14340,-19.15445,164.31691,0,0,0,0
598,598000,-0.00627,0.00793,0.00675,0.00842,-52.65805,-36.61299,89.33172,-0.00753,0.00952,0.00811,0.01010,-105.31610,-73.22599,178.66344,0,0,0,0
599,599000,-0.01026,-0.01197,-0.00809,-0.03032,-27.95985,-60.19825,87.82488,-0.01231,-0.01436,-0.00971,-0.03638,-55.91969,-120.39650,175.64976,0,0,0,0
600,600000,0.00915,-0.00796,-0.01129,-0.01011,0.25521,-78.10083,77.92913,0.01098,-0.00955,-0.01355,-0.01213,0.51042,-156.20167,155.85827,0,0,0,0
601,601000,0.00855,0.01375,0.01261,0.03490,27.58533,-87.49109,60.16364,0.01026,0.01649,0.01513,0.04188,55.17066,-174.98218,120.32728,0,0,0,0
602,602000,-0.00485,0.00506,0.01212,0.01233,52.45052,-89.38200,36.71015,-0.00582,0.00607,0.01454,0.01479,104.90103,-178.76400,73.42030,0,0,0,0
603,603000,0.00034,0.00338,-0.00850,-0.00477,72.61517,-81.60185,9.81952,0.00041,0.00405,-0.01019,-0.00573,145.23033,-163.20369,19.63904,0,0,0,0
604,604000,0.00547,0.00076,-0.01364,-0.00741,85.26039,-66.49909,-18.64327,0.00656,0.00091,-0.01637,-0.00890,170.52077,-132.99818,-37.28655,0,0,0,0
605,605000,0.01269,0.00299,-0.01328,0.00241,89.74392,-45.26265,-44.61934,0.01523,0.00359,-0.01593,0.00289,179.48783,-90.52530,-89.23868,0,0,0,0
606,606000,-0.00914,0.00765,0.01083,0.00934,85.27866,-18.37000,-66.50367,-0.01097,0.00919,0.01299,0.01120,170.55731,-36.74001,-133.00733,0,0,0,0
607,607000,-0.00269,-0.00180,-0.00668,-0.01117,72.53928,9.26756,-82.06791,-0.00323,-0.00216,-0.00801,-0.01340,145.07856,18.53512,-164.13582,0,0,0,0
608,608000,-0.00446,0.01353,-0.00625,0.00281,53.11144,36.96250,-89.66383,-0.00536,0.01624,-0.00750,0.00338,106.22288,73.92500,-179.32765,0,0,0,0
609,609000,0.01406,-0.00570,-0.00935,-0.00100,28.10048,59.79969,-87.61982,0.01687,-0.00684,-0.01122,-0.00120,56.20095,119.59938,-175.23963,0,0,0,0
610,610000,-0.00847,-0.01353,0.00872,-0.01328,-0.29011,78.21995,-77.41042,-0.01016,-0.01623,0.01046,-0.01593,-0.58023,156.43991,-154.82083,0,0,0,0
611,611000,-0.00354,-0.00947,-0.01171,-0.02472,-27.51236,88.20866,-60.53434,-0.00424,-0.01137,-0.01405,-0.02967,-55.02471,176.41732,-121.06868,0,0,0,0
612,612000,-0.01285,0.01037,-0.01401,-0.01649,-52.76518,89.62774,-36.95121,-0.01542,0.01244,-0.01681,-0.01979,-105.53036,179.25549,-73.90241,0,0,0,0
613,613000,0.01100,-0.00232,-0.00236,0.00632,-72.55774,82.23421,-9.18825,0.01320,-0.00279,-0.00284,0.00758,-145.11549,164.46841,-18.37650,0,0,0,0
614,614000,0.01412,-0.01034,-0.00959,-0.00581,-85.50179,67.07673,18.26461,0.01694,-0.01241,-0.01151,-0.00698,-171.00358,134.15346,36.52922,0,0,0,0
615,615000,0.00081,-0.00813,-0.00038,-0.00770,-89.95204,44.87440,45.32914,0.00098,-0.00976,-0.00046,-0.00924,-179.90407,89.74881,90.65829,0,0,0,0
616,616000,-0.00669,-0.00889,-0.00487,-0.02044,-85.54908,19.03660,67.14134,-0.00803,-0.01067,-0.00584,-0.02453,-171.09817,38.07321,134.28268,0,0,0,0
617,617000,-0.01184,-0.00485,0.00474,-0.01195,-72.54062,-9.14234,81.69589,-0.01421,-0.00582,0.00569,-0.01435,-145.08124,-18.28469,163.39179,0,0,0,0
618,618000,-0.00068,-0.00440,0.01120,0.00612,-52.45924,-36.65091,89.29674,-0.00081,-0.00528,0.01344,0.00734,-104.91848,-73.30182,178.59347,0,0,0,0
619,619000,-0.00422,0.00710,-0.00027,0.00261,-27.82563,-59.99817,87.82868,-0.00506,0.00852,-0.00033,0.00313,-55.65127,-119.99634,175.65736,0,0,0,0
620,620000,-0.00195,0.00691,0.01049,0.01544,-0.34604,-77.89776,77.86407,-0.00234,0.00829,0.01258,0.01853,-0.69207,-155.79552,155.72814,0,0,0,0
621,621000,0.01000,-0.01032,-0.01010,-0.01042,27.56627,-87.97044,59.87511,0.01200,-0.01238,-0.01212,-0.01250,55.13254,-175.94087,119.75022,0,0,0,0
622,622000,-0.01412,-0.00044,0.01352,-0.00105,52.59908,-89.15751,36.73892,-0.01695,-0.00053,0.01622,-0.00126,105.19815,-178.31502,73.47785,0,0,0,0
623,623000,0.00606,0.00341,0.01401,0.02349,72.54617,-81.90822,9.64702,0.00728,0.00409,0.01682,0.02818,145.09234,-163.81644,19.29404,0,0,0,0
624,624000,-0.01132,-0.01214,0.00301,-0.02045,85.58392,-67.04462,-18.31949,-0.01358,-0.01457,0.00361,-0.02454,171.16783,-134.08924,-36.63899,0,0,0,0
625,625000,0.01088,0.00419,-0.00658,0.00849,89.57936,-44.96776,-44.75327,0.01306,0.00503,-0.00790,0.01019,179.15871,-89.93553,-89.50655,0,0,0,0
626,626000,-0.01012,-0.01067,-0.01112,-0.03191,85.22740,-18.31885,-66.38535,-0.01214,-0.01280,-0.01335,-0.03829,170.45479,-36.63771,-132.77070,0,0,0,0
627,627000,-0.00799,0.00697,0.01158,0.01056,73.10757,9.26846,-81.78132,-0.00959,0.00836,0.01390,0.01267,146.21515,18.53692,-163.56265,0,0,0,0
628,628000,-0.00868,-0.00521,0.00635,-0.00754,52.43890,36.35434,-89.07404,-0.01042,-0.00626,0.00762,-0.00905,104.87780,72.70867,-178.14809,0,0,0,0
629,629000,0.00772,0.00805,-0.01294,0.00283,27.65322,60.04230,-88.12591,0.00927,0.00966,-0.01553,0.00339,55.30645,120.08461,-176.25182,0,0,0,0
630,630000,0.00019,-0.00436,-0.00215,-0.00631,-0.05935,77.46924,-77.36524,0.00023,-0.00523,-0.00258,-0.00758,-0.11869,154.93848,-154.73047,0,0,0,0
631,631000,0.00148,-0.01407,-0.01390,-0.02649,-27.35792,87.54829,-60.20844,0.00177,-0.01688,-0.01668,-0.03179,-54.71585,175.09659,-120.41688,0,0,0,0
632,632000,0.00535,0.00954,0.00172,0.01661,-52.69808,89.24327,-36.73012,0.00642,0.01145,0.00207,0.01993,-105.39617,178.48654,-73.46023,0,0,0,0
633,633000,-0.00115,0.00387,0.00444,0.00715,-72.50430,82.11486,-9.79145,-0.00138,0.00465,0.00532,0.00859,-145.00861,164.22971,-19.58290,0,0,0,0
634,634000,0.00959,0.00977,-0.00396,0.01540,-85.76520,66.84451,18.90828,0.01151,0.01172,-0.00476,0.01848,-171.53041,133.68902,37.81656,0,0,0,0
635,635000,-0.00297,-0.00663,0.00068,-0.00892,-89.99277,44.84409,44.85999,-0.00357,-0.00796,0.00082,-0.01070,-179.98553,89.68818,89.71998,0,0,0,0
636,636000,0.00357,0.00685,0.00456,0.01498,-85.28686,18.35874,66.95720,0.00428,0.00822,0.00547,0.01798,-170.57373,36.71748,133.91439,0,0,0,0
637,637000,-0.00593,-0.00491,-0.01219,-0.02303,-73.01885,-9.74092,81.87283,-0.00712,-0.00589,-0.01463,-0.02763,-146.03770,-19.48183,163.74566,0,0,0,0
638,638000,-0.00028,0.00586,-0.01101,-0.00543,-52.81998,-36.87592,89.31555,-0.00034,0.00703,-0.01321,-0.00652,-105.63996,-73.75183,178.63110,0,0,0,0
639,639000,-0.01413,-0.01220,-0.01113,-0.03747,-27.70769,-59.71034,88.17734,-0.01696,-0.01464,-0.01336,-0.04496,-55.41537,-119.42069,176.35467,0,0,0,0
640,640000,-0.00273,0.00382,-0.01182,-0.01073,0.31265,-78.03520,78.02020,-0.00327,0.00458,-0.01419,-0.01287,0.62529,-156.07041,156.04040,0,0,0,0
641,641000,0.01216,0.01365,0.00665,0.03247,27.43292,-87.92264,60.21780,0.01459,0.01638,0.00798,0.03896,54.86584,-175.84527,120.43561,0,0,0,0
642,642000,0.01253,-0.00061,0.01058,0.02250,52.93617,-89.06553,36.29915,0.01503,-0.00073,0.01270,0.02700,105.87235,-178.13106,72.59830,0,0,0,0
643,643000,0.01274,-0.01109,-0.01375,-0.01210,72.98993,-81.89243,9.22711,0.01529,-0.01331,-0.01650,-0.01452,145.97987,-163.78486,18.45422,0,0,0,0
644,644000,0.00325,0.00708,-0.00972,0.00061,85.28446,-66.50086,-18.62369,0.00389,0.00850,-0.01166,0.00073,170.56891,-133.00171,-37.24738,0,0,0,0
645,645000,-0.00406,-0.01347,0.01027,-0.00727,89.74302,-44.88862,-44.74402,-0.00488,-0.01617,0.01232,-0.00872,179.48604,-89.77723,-89.48804,0,0,0,0
646,646000,0.00542,-0.00525,0.00155,0.00171,85.83410,-18.73444,-67.17027,0.00650,-0.00630,0.00186,0.00206,171.66820,-37.46887,-134.34054,0,0,0,0
647,647000,-0.00798,0.01234,0.01058,0.01494,72.68605,9.22727,-81.85455,-0.00957,0.01481,0.01270,0.01793,145.37210,18.45455,-163.70910,0,0,0,0
648,648000,0.01050,0.00139,0.01041,0.02230,52.37170,36.37656,-89.59692,0.01260,0.00167,0.01249,0.02676,104.74340,72.75311,-179.19384,0,0,0,0
649,649000,-0.00911,-0.00105,-0.01315,-0.02331,27.39700,59.97490,-87.73696,-0.01093,-0.00126,-0.01578,-0.02797,54.79400,119.94979,-175.47392,0,0,0,0
650,650000,0.00433,0.00676,0.01304,0.02412,0.36889,78.14596,-78.02406,0.00520,0.00811,0.01565,0.02895,0.73779,156.29193,-156.04813,0,0,0,0
651,651000,-0.00650,-0.00866,-0.00592,-0.02108,-28.15378,87.62645,-59.66907,-0.00780,-0.01039,-0.00710,-0.02529,-56.30757,175.25290,-119.33813,0,0,0,0
652,652000,0.00799,0.01241,0.00019,0.02060,-52.96329,89.04305,-36.10141,0.00959,0.01489,0.00023,0.02472,-105.92658,178.08610,-72.20283,0,0,0,0
653,653000,-0.00097,0.00957,0.00833,0.01693,-72.76558,82.43943,-9.39044,-0.00117,0.01149,0.00999,0.02031,-145.53115,164.87886,-18.78089,0,0,0,0
654,654000,0.01395,0.00184,-0.00868,0.00711,-85.84439,66.32667,18.80731,0.01674,0.00220,-0.01041,0.00853,-171.68878,132.65334,37.61462,0,0,0,0
655,655000,0.00138,0.00116,0.00536,0.00790,-89.66259,44.58046,45.15141,0.00166,0.00140,0.00643,0.00948,-179.32518,89.16091,90.30283,0,0,0,0
656,656000,-0.00627,-0.00393,0.00378,-0.00643,-85.49687,18.28898,66.91378,-0.00753,-0.00472,0.00453,-0.00772,-170.99374,36.57796,133.82757,0,0,0,0
657,657000,-0.00134,-0.00989,0.00980,-0.00143,-72.75428,-9.14051,81.61111,-0.00160,-0.01187,0.01176,-0.00172,-145.50857,-18.28102,163.22222,0,0,0,0
658,658000,0.00513,-0.00695,-0.01361,-0.01543,-52.53382,-36.11549,89.49184,0.00616,-0.00834,-0.01634,-0.01852,-105.06764,-72.23098,178.98369,0,0,0,0
659,659000,0.00016,-0.01097,0.00020,-0.01061,-27.66185,-60.49829,88.05720,0.00019,-0.01316,0.00025,-0.01273,-55.32371,-120.99659,176.11440,0,0,0,0
660,660000,0.01276,0.00163,0.01341,0.02781,0.26141,-77.76210,78.17965,0.01532,0.00196,0.01609,0.03337,0.52283,-155.52420,156.35930,0,0,0,0
661,661000,0.01332,0.00059,0.00534,0.01926,28.18697,-88.02072,60.52255,0.01599,0.00071,0.00641,0.02311,56.37393,-176.04144,121.04510,0,0,0,0
662,662000,-0.00650,0.00548,-0.00431,-0.00532,52.41581,-89.34151,36.25505,-0.00780,0.00658,-0.00517,-0.00639,104.83162,-178.68302,72.51010,0,0,0,0
663,663000,0.00416,0.00585,0.00740,0.01742,72.37174,-81.99622,9.09944,0.00499,0.00702,0.00889,0.02090,144.74348,-163.99243,18.19888,0,0,0,0
664,664000,-0.00465,-0.00592,0.00868,-0.00189,85.35846,-67.08618,-18.39388,-0.00558,-0.00710,0.01042,-0.00227,170.71693,-134.17237,-36.78776,0,0,0,0
665,665000,0.01260,0.01168,-0.01361,0.01066,89.55863,-45.15458,-44.87534,0.01512,0.01401,-0.01634,0.01279,179.11726,-90.30915,-89.75068,0,0,0,0
666,666000,0.00298,0.00177,0.00380,0.00855,85.10532,-18.76184,-67.10827,0.00357,0.00212,0.00456,0.01026,170.21064,-37.52369,-134.21653,0,0,0,0
667,667000,-0.00762,-0.00055,-0.00271,-0.01088,72.88218,9.77577,-82.31949,-0.00915,-0.00066,-0.00325,-0.01306,145.76435,19.55154,-164.63897,0,0,0,0
668,668000,-0.00370,0.01369,0.01367,0.02366,52.66978,36.14248,-89.28346,-0.00444,0.01642,0.01640,0.02839,105.33955,72.28495,-178.56691,0,0,0,0
669,669000,0.00227,-0.01201,-0.00592,-0.01567,28.18176,59.93859,-87.64138,0.00272,-0.01442,-0.00711,-0.01880,56.36352,119.87718,-175.28275,0,0,0,0
670,670000,0.00526,-0.01356,-0.00900,-0.01729,-0.07810,77.91298,-77.39203,0.00632,-0.01627,-0.01080,-0.02075,-0.15620,155.82595,-154.78407,0,0,0,0
671,671000,0.00543,-0.00647,-0.00239,-0.00343,-28.07409,87.67137,-59.80005,0.00652,-0.00776,-0.00287,-0.00411,-56.14819,175.34274,-119.60009,0,0,0,0
672,672000,-0.00288,0.01202,0.00549,0.01463,-52.37493,89.70974,-36.67397,-0.00346,0.01443,0.00658,0.01755,-104.74986,179.41948,-73.34794,0,0,0,0
673,673000,-0.00973,-0.00284,-0.00249,-0.01505,-72.28984,82.44099,-9.22907,-0.01167,-0.00341,-0.00299,-0.01807,-144.57968,164.88197,-18.45815,0,0,0,0
674,674000,0.00429,0.00898,0.00598,0.01925,-85.58432,66.55390,18.72790,0.00515,0.01078,0.00717,0.02310,-171.16864,133.10779,37.45580,0,0,0,0
675,675000,0.00802,0.00124,0.01330,0.02255,-90.16664,45.30569,44.59098,0.00962,0.00149,0.01595,0.02706,-180.33328,90.61137,89.18197,0,0,0,0
676,676000,0.00780,0.00419,-0.00713,0.00486,-85.10325,18.52988,66.53785,0.00935,0.00503,-0.00855,0.00583,-170.20650,37.05977,133.07570,0,0,0,0
677,677000,-0.00214,0.01302,-0.00156,0.00932,-72.95270,-8.99507,81.71666,-0.00256,0.01562,-0.00187,0.01119,-145.90539,-17.99013,163.43332,0,0,0,0
678,678000,-0.00181,0.00343,-0.01250,-0.01088,-52.46459,-36.15238,89.71292,-0.00217,0.00412,-0.01500,-0.01306,-104.92918,-72.30476,179.42583,0,0,0,0
679,679000,-0.00484,-0.00785,0.00678,-0.00591,-28.17914,-60.09248,88.25226,-0.00581,-0.00942,0.00814,-0.00709,-56.35829,-120.18496,176.50453,0,0,0,0
680,680000,-0.00197,-0.00353,0.00465,-0.00085,0.14064,-78.00341,77.74948,-0.00237,-0.00423,0.00558,-0.00102,0.28129,-156.00682,155.49897,0,0,0,0
681,681000,0.00793,0.00979,0.01030,0.02802,27.82274,-88.03147,60.47016,0.00951,0.01175,0.01236,0.03362,55.64548,-176.06295,120.94031,0,0,0,0
682,682000,0.01375,-0.00837,-0.01382,-0.00845,52.68480,-88.95536,36.95451,0.01649,-0.01004,-0.01659,-0.01013,105.36961,-177.91072,73.90901,0,0,0,0
683,683000,-0.00372,0.00020,0.00438,0.00086,72.57326,-82.22465,9.09273,-0.00447,0.00024,0.00525,0.00103,145.14653,-164.44929,18.18546,0,0,0,0
684,684000,-0.00732,-0.00998,0.01031,-0.00699,85.29063,-66.63146,-18.22863,-0.00878,-0.01197,0.01237,-0.00839,170.58126,-133.26293,-36.45725,0,0,0,0
685,685000,-0.01264,-0.00402,0.01352,-0.00314,89.46842,-44.50339,-44.68084,-0.01516,-0.00482,0.01622,-0.00377,178.93685,-89.00678,-89.36168,0,0,0,0
686,686000,0.01213,0.00404,0.01202,0.02819,85.05503,-18.70299,-66.52610,0.01455,0.00485,0.01443,0.03383,170.11005,-37.40599,-133.05220,0,0,0,0
687,687000,-0.00706,-0.00980,0.01394,-0.00292,72.21933,9.67792,-82.10619,-0.00847,-0.01176,0.01673,-0.00351,144.43867,19.35585,-164.21239,0,0,0,0
688,688000,-0.00370,-0.01412,-0.01304,-0.03087,52.93133,36.30241,-89.59272,-0.00444,-0.01695,-0.01565,-0.03704,105.86267,72.60482,-179.18544,0,0,0,0
689,689000,-0.00247,-0.00022,-0.00369,-0.00638,27.70787,59.70033,-87.91539,-0.00297,-0.00026,-0.00442,-0.00765,55.41574,119.40066,-175.83079,0,0,0,0
690,690000,-0.01391,-0.00513,-0.01280,-0.03184,0.29060,77.52683,-77.45772,-0.01669,-0.00616,-0.01536,-0.03821,0.58120,155.05367,-154.91544,0,0,0,0
691,691000,0.00405,-0.00987,-0.00719,-0.01301,-27.61545,87.72393,-59.67784,0.00486,-0.01185,-0.00863,-0.01561,-55.23090,175.44785,-119.35567,0,0,0,0
692,692000,0.00763,0.00555,-0.00025,0.01294,-52.95147,89.30366,-36.34009,0.00916,0.00667,-0.00030,0.01552,-105.90294,178.60732,-72.68019,0,0,0,0
693,693000,0.00144,0.00327,-0.00677,-0.00206,-72.75872,81.60371,-9.21739,0.00173,0.00392,-0.00812,-0.00247,-145.51744,163.20742,-18.43479,0,0,0,0
694,694000,-0.01174,-0.00435,-0.00616,-0.02225,-85.50558,66.68268,19.07945,-0.01409,-0.00522,-0.00739,-0.02670,-171.01115,133.36535,38.15890,0,0,0,0
695,695000,-0.01091,0.00469,-0.00411,-0.01033,-90.11845,44.91102,45.34845,-0.01310,0.00563,-0.00493,-0.01240,-180.23690,89.82204,90.69690,0,0,0,0
696,696000,0.01158,-0.00471,0.01305,0.01992,-85.30998,18.65317,67.17176,0.01389,-0.00565,0.01566,0.02390,-170.61995,37.30634,134.34351,0,0,0,0
697,697000,0.00300,0.01409,-0.01408,0.00301,-72.28297,-9.49966,82.17214,0.00360,0.01691,-0.01689,0.00361,-144.56594,-18.99933,164.34428,0,0,0,0
698,698000,0.01210,-0.01244,-0.00390,-0.00424,-52.75197,-36.29966,89.32653,0.01452,-0.01493,-0.00468,-0.00508,-105.50394,-72.59931,178.65307,0,0,0,0
699,699000,0.00549,-0.01207,-0.00840,-0.01499,-28.12189,-60.11489,88.22716,0.00658,-0.01449,-0.01009,-0.01799,-56.24379,-120.22978,176.45432,0,0,0,0
700,700000,-0.00215,-0.00800,0.01313,0.00298,-0.15809,-77.78173,77.56424,-0.00258,-0.00960,0.01576,0.00358,-0.31619,-155.56345,155.12849,0,0,0,0
701,701000,0.00714,-0.01216,0.01161,0.00659,27.95370,-87.94848,60.44349,0.00856,-0.01459,0.01393,0.00791,55.90740,-175.89695,120.88698,0,0,0,0
702,702000,-0.01293,0.01085,0.01285,0.01077,53.05977,-89.76601,36.33711,-0.01551,0.01302,0.01542,0.01293,106.11954,-179.53203,72.67421,0,0,0,0
703,703000,0.00469,0.00791,0.01131,0.02391,73.05395,-81.91005,8.98862,0.00563,0.00950,0.01357,0.02870,146.10790,-163.82011,17.97724,0,0,0,0
704,704000,0.00064,-0.00133,0.01000,0.00931,85.45346,-66.36650,-18.24373,0.00077,-0.00160,0.01200,0.01117,170.90691,-132.73300,-36.48747,0,0,0,0
705,705000,0.00929,0.00559,-0.01299,0.00188,90.24350,-45.10768,-45.09983,0.01115,0.00671,-0.01559,0.00226,180.48699,-90.21536,-90.19967,0,0,0,0
706,706000,0.00696,0.01092,-0.01382,0.00405,85.40459,-19.07413,-67.10324,0.00835,0.01310,-0.01659,0.00486,170.80918,-38.14826,-134.20648,0,0,0,0
707,707000,0.01109,-0.00052,0.00509,0.01566,72.92014,9.79176,-82.36060,0.01330,-0.00063,0.00611,0.01879,145.84028,19.58353,-164.72120,0,0,0,0
708,708000,0.01218,0.00354,0.00393,0.01964,52.81061,36.65647,-89.02535,0.01462,0.00424,0.00471,0.02357,105.62121,73.31295,-178.05070,0,0,0,0
709,709000,-0.00829,-0.00240,-0.00712,-0.01781,27.46761,59.86212,-87.73895,-0.00995,-0.00288,-0.00855,-0.02138,54.93522,119.72425,-175.47790,0,0,0,0
710,710000,-0.00914,0.00197,-0.01358,-0.02076,0.08758,77.53492,-77.90343,-0.01097,0.00236,-0.01630,-0.02491,0.17516,155.06983,-155.80686,0,0,0,0
711,711000,-0.00676,-0.00841,0.00880,-0.00638,-28.17025,88.18941,-59.92032,-0.00812,-0.01010,0.01056,-0.00765,-56.34051,176.37882,-119.84063,0,0,0,0
712,712000,-0.01058,-0.00440,-0.00077,-0.01575,-52.37702,89.09976,-36.17095,-0.01270,-0.00528,-0.00092,-0.01890,-104.75403,178.19952,-72.34189,0,0,0,0
713,713000,-0.00809,-0.00415,0.00451,-0.00773,-72.76710,81.85475,-9.02817,-0.00971,-0.00498,0.00541,-0.00928,-145.53421,163.70950,-18.05635,0,0,0,0
714,714000,0.01363,-0.01408,-0.00268,-0.00313,-85.65970,66.34442,18.47942,0.01635,-0.01689,-0.00322,-0.00376,-171.31940,132.68884,36.95884,0,0,0,0
715,715000,0.00697,-0.00896,0.00793,0.00594,-89.97510,44.96495,44.98733,0.00836,-0.01075,0.00952,0.00713,-179.95020,89.92991,89.97465,0,0,0,0
716,716000,-0.00157,-0.00520,-0.01272,-0.01949,-85.83791,18.80217,66.69993,-0.00189,-0.00623,-0.01527,-0.02339,-171.67582,37.60433,133.39987,0,0,0,0
717,717000,-0.00242,0.01375,-0.00537,0.00596,-72.84522,-9.45591,82.06213,-0.00290,0.01651,-0.00645,0.00716,-145.69044,-18.91182,164.12427,0,0,0,0
718,718000,0.00548,0.00195,0.00631,0.01373,-52.88304,-36.32303,89.71723,0.00657,0.00233,0.00757,0.01647,-105.76607,-72.64605,179.43447,0,0,0,0
719,719000,0.00301,-0.01178,0.00435,-0.00443,-27.41265,-60.12135,88.07912,0.00361,-0.01414,0.00522,-0.00531,-54.82531,-120.24270,176.15825,0,0,0,0
720,720000,0.01208,0.01053,0.00557,0.02818,0.23191,-78.01817,78.14786,0.01450,0.01264,0.00668,0.03382,0.46383,-156.03634,156.29572,0,0,0,0
721,721000,-0.01172,-0.00337,0.00961,-0.00549,27.68106,-87.76747,60.34828,-0.01407,-0.00405,0.01153,-0.00658,55.36213,-175.53493,120.69656,0,0,0,0
722,722000,0.00948,0.01172,0.01052,0.03172,52.99509,-88.98813,36.18920,0.01138,0.01406,0.01262,0.03806,105.99017,-177.97625,72.37840,0,0,0,0
723,723000,0.01028,0.01143,-0.00886,0.01285,72.34118,-82.45224,9.37192,0.01234,0.01371,-0.01063,0.01541,144.68236,-164.90447,18.74383,0,0,0,0
724,724000,0.00300,0.00595,0.00635,0.01530,85.36123,-66.90746,-18.76478,0.00359,0.00714,0.00762,0.01836,170.72246,-133.81492,-37.52956,0,0,0,0
725,725000,-0.00216,-0.00342,-0.01406,-0.01964,90.26339,-45.17430,-45.31557,-0.00260,-0.00410,-0.01688,-0.02357,180.52678,-90.34859,-90.63115,0,0,0,0
726,726000,-0.01163,0.00211,0.00901,-0.00051,85.42536,-18.69380,-66.92559,-0.01395,0.00253,0.01081,-0.00061,170.85072,-37.38761,-133.85118,0,0,0,0
727,727000,-0.00563,0.00125,-0.00945,-0.01383,73.01809,9.39177,-82.44394,-0.00675,0.00150,-0.01135,-0.01660,146.03618,18.78355,-164.88788,0,0,0,0
728,728000,-0.00968,0.00591,-0.01106,-0.01483,52.54089,36.11328,-89.22420,-0.01162,0.00710,-0.01327,-0.01780,105.08177,72.22656,-178.44839,0,0,0,0
729,729000,0.01003,-0.01061,-0.00818,-0.00876,27.46484,60.53016,-88.00962,0.01203,-0.01273,-0.00981,-0.01051,54.92968,121.06032,-176.01925,0,0,0,0
730,730000,0.00844,0.00920,-0.00262,0.01502,-0.19685,78.18083,-77.68136,0.01013,0.01104,-0.00314,0.01803,-0.39371,156.36165,-155.36273,0,0,0,0
731,731000,0.00359,0.00455,0.01113,0.01927,-27.78848,88.06586,-60.19901,0.00431,0.00546,0.01336,0.02313,-55.57696,176.13172,-120.39802,0,0,0,0
732,732000,0.00967,0.01271,-0.00676,0.01562,-53.21652,89.22834,-36.51008,0.01160,0.01526,-0.00811,0.01875,-106.43304,178.45667,-73.02017,0,0,0,0
733,733000,-0.00786,-0.00511,0.00044,-0.01254,-72.44499,81.86300,-9.76463,-0.00943,-0.00614,0.00053,-0.01504,-144.88997,163.72599,-19.52925,0,0,0,0
734,734000,0.00654,-0.00299,0.01370,0.01726,-85.55296,67.19428,18.40701,0.00785,-0.00358,0.01644,0.02071,-171.10591,134.38856,36.81402,0,0,0,0
735,735000,-0.01084,0.01271,0.00851,0.01038,-89.40670,45.13647,44.46623,-0.01301,0.01525,0.01021,0.01245,-178.81341,90.27294,88.93246,0,0,0,0
736,736000,0.00003,-0.00956,0.00710,-0.00243,-85.26121,19.06240,66.30450,0.00004,-0.01147,0.00852,-0.00291,-170.52242,38.12480,132.60900,0,0,0,0
737,737000,0.00308,-0.00556,0.00050,-0.00198,-72.99082,-9.81680,82.25787,0.00369,-0.00667,0.00060,-0.00237,-145.98163,-19.63359,164.51574,0,0,0,0
738,738000,-0.00977,-0.00480,0.00354,-0.01103,-52.94799,-36.10276,88.96123,-0.01172,-0.00576,0.00425,-0.01324,-105.89597,-72.20552,177.92246,0,0,0,0
739,739000,0.00860,0.00363,0.00366,0.01589,-27.84463,-60.24135,88.11421,0.01032,0.00436,0.00439,0.01907,-55.68927,-120.48271,176.22842,0,0,0,0
740,740000,-0.00817,0.01031,0.00589,0.00803,-0.10114,-78.13851,77.59221,-0.00981,0.01238,0.00707,0.00964,-0.20227,-156.27702,155.18442,0,0,0,0
741,741000,-0.00998,-0.01148,-0.00727,-0.02873,27.62337,-88.25495,59.75261,-0.01198,-0.01377,-0.00872,-0.03448,55.24674,-176.50990,119.50521,0,0,0,0
742,742000,-0.00433,0.01263,0.01278,0.02108,52.57705,-89.27236,36.24024,-0.00519,0.01515,0.01534,0.02530,105.15410,-178.54472,72.48048,0,0,0,0
743,743000,0.01135,-0.01146,0.00794,0.00783,72.82176,-81.92172,9.72923,0.01362,-0.01375,0.00953,0.00940,145.64353,-163.84344,19.45846,0,0,0,0
744,744000,0.00107,-0.00764,-0.01225,-0.01881,85.05693,-66.31738,-18.90818,0.00129,-0.00917,-0.01470,-0.02257,170.11386,-132.63476,-37.81636,0,0,0,0
745,745000,0.00522,0.00479,-0.00565,0.00437,89.55915,-45.12239,-45.29941,0.00626,0.00575,-0.00677,0.00524,179.11830,-90.24478,-90.59882,0,0,0,0
746,746000,-0.01316,0.01128,0.00975,0.00787,85.44465,-18.58513,-67.01460,-0.01579,0.01353,0.01170,0.00944,170.88931,-37.17026,-134.02919,0,0,0,0
747,747000,-0.00179,-0.00194,-0.00371,-0.00745,72.90391,9.55457,-82.35718,-0.00215,-0.00233,-0.00446,-0.00894,145.80783,19.10913,-164.71437,0,0,0,0
748,748000,-0.00154,0.00946,-0.01052,-0.00260,52.79029,36.91006,-89.66270,-0.00185,0.01135,-0.01263,-0.00312,105.58058,73.82012,-179.32539,0,0,0,0
749,749000,-0.00712,0.00277,0.00522,0.00087,28.20081,59.81498,-87.80508,-0.00854,0.00332,0.00626,0.00104,56.40161,119.62996,-175.61016,0,0,0,0
750,750000,-0.00718,-0.00430,0.00759,-0.00389,0.44659,77.47969,-77.78683,-0.00862,-0.00516,0.00911,-0.00467,0.89317,154.95938,-155.57366,0,0,0,0
751,751000,0.00984,0.01163,0.00076,0.02224,-27.69147,88.06134,-60.01462,0.01181,0.01396,0.00092,0.02668,-55.38295,176.12269,-120.02924,0,0,0,0
752,752000,0.00336,0.00038,0.00488,0.00862,-52.70260,89.58007,-36.90834,0.00403,0.00045,0.00586,0.01034,-105.40520,179.16013,-73.81667,0,0,0,0
753,753000,-0.01141,-0.00082,0.00366,-0.00857,-72.68282,81.69874,-9.08838,-0.01369,-0.00098,0.00439,-0.01029,-145.36563,163.39748,-18.17675,0,0,0,0
754,754000,0.00458,-0.01350,0.00759,-0.00133,-85.37906,66.69299,19.10053,0.00550,-0.01620,0.00910,-0.00159,-170.75813,133.38598,38.20105,0,0,0,0
755,755000,0.01350,-0.01018,-0.00874,-0.00543,-90.05012,44.73300,45.05441,0.01619,-0.01222,-0.01049,-0.00651,-180.10025,89.46600,90.10882,0,0,0,0
756,756000,-0.01135,0.00377,-0.00377,-0.01135,-85.37732,18.93876,66.44009,-0.01362,0.00452,-0.00453,-0.01362,-170.75463,37.87751,132.88017,0,0,0,0
757,757000,-0.01252,-0.00869,0.00653,-0.01467,-72.58047,-9.34660,82.03227,-0.01502,-0.01042,0.00783,-0.01761,-145.16094,-18.69321,164.06453,0,0,0,0
758,758000,0.00287,-0.01370,0.00925,-0.00157,-52.73796,-36.41327,89.26116,0.00345,-0.01643,0.01110,-0.00189,-105.47593,-72.82655,178.52231,0,0,0,0
759,759000,0.00128,-0.01163,-0.01282,-0.02318,-27.62453,-59.91965,88.06844,0.00154,-0.01396,-0.01539,-0.02781,-55.24906,-119.83931,176.13688,0,0,0,0
760,760000,0.01139,-0.00300,-0.01025,-0.00185,0.08024,-77.55649,77.53037,0.01367,-0.00360,-0.01230,-0.00222,0.16048,-155.11297,155.06074,0,0,0,0
761,761000,0.01111,-0.00405,-0.00244,0.00462,27.84477,-87.77664,60.33488,0.01334,-0.00487,-0.00292,0.00555,55.68955,-175.55329,120.66976,0,0,0,0
762,762000,0.00681,-0.01088,-0.00420,-0.00827,52.76226,-89.20137,36.66449,0.00817,-0.01305,-0.00504,-0.00992,105.52452,-178.40275,73.32898,0,0,0,0
763,763000,-0.00371,-0.00670,-0.00915,-0.01955,72.41653,-82.46928,9.51094,-0.00445,-0.00804,-0.01098,-0.02346,144.83306,-164.93855,19.02188,0,0,0,0
764,764000,0.00023,0.00534,0.00139,0.00696,85.65893,-67.15765,-19.06431,0.00027,0.00640,0.00167,0.00835,171.31786,-134.31530,-38.12862,0,0,0,0
765,765000,0.00944,0.01035,-0.01112,0.00867,90.04301,-45.04722,-45.26926,0.01133,0.01242,-0.01335,0.01040,180.08601,-90.09444,-90.53853,0,0,0,0
766,766000,-0.00346,0.01041,-0.00971,-0.00275,85.20378,-18.93987,-66.98914,-0.00415,0.01250,-0.01165,-0.00330,170.40756,-37.87975,-133.97828,0,0,0,0
767,767000,-0.00365,-0.00737,-0.00279,-0.01381,72.67338,8.95207,-81.70945,-0.00438,-0.00885,-0.00335,-0.01658,145.34675,17.90414,-163.41891,0,0,0,0
768,768000,-0.00016,-0.00504,0.01304,0.00784,52.37022,36.68146,-88.91906,-0.00020,-0.00604,0.01565,0.00941,104.74043,73.36292,-177.83812,0,0,0,0
769,769000,0.00714,0.00087,0.00373,0.01174,27.36495,60.54675,-87.99348,0.00857,0.00104,0.00448,0.01409,54.72990,121.09351,-175.98697,0,0,0,0
770,770000,0.00290,-0.00406,0.01212,0.01097,-0.28404,77.81842,-77.49152,0.00348,-0.00487,0.01454,0.01316,-0.56807,155.63683,-154.98305,0,0,0,0
771,771000,0.00836,-0.01307,-0.00675,-0.01146,-27.75567,87.82564,-60.28724,0.01003,-0.01568,-0.00810,-0.01375,-55.51133,175.65129,-120.57449,0,0,0,0
772,772000,0.00670,0.00530,0.00605,0.01805,-52.55733,89.25214,-36.83796,0.00804,0.00636,0.00726,0.02166,-105.11467,178.50428,-73.67591,0,0,0,0
773,773000,0.01174,0.00300,-0.00303,0.01171,-72.87289,82.07692,-9.01836,0.01409,0.00360,-0.00364,0.01405,-145.74577,164.15383,-18.03672,0,0,0,0
774,774000,-0.00398,-0.00390,0.00444,-0.00344,-85.01984,66.42427,18.98675,-0.00477,-0.00468,0.00533,-0.00413,-170.03968,132.84855,37.97350,0,0,0,0
775,775000,-0.00628,0.01114,-0.00229,0.00257,-89.46287,45.19454,44.93922,-0.00753,0.01337,-0.00275,0.00309,-178.92574,90.38907,89.87845,0,0,0,0
776,776000,-0.00751,-0.00050,-0.00803,-0.01605,-85.77823,18.75668,67.13355,-0.00902,-0.00060,-0.00964,-0.01926,-171.55647,37.51335,134.26711,0,0,0,0
777,777000,0.00101,-0.00333,-0.00650,-0.00882,-72.32588,-8.98277,82.37964,0.00121,-0.00400,-0.00780,-0.01059,-144.65175,-17.96553,164.75928,0,0,0,0
778,778000,0.00169,-0.00854,-0.01193,-0.01878,-52.55733,-36.78533,89.49005,0.00203,-0.01025,-0.01431,-0.02253,-105.11467,-73.57065,178.98009,0,0,0,0
779,779000,-0.01129,-0.01330,-0.01098,-0.03557,-28.08855,-60.21332,87.64736,-0.01354,-0.01596,-0.01318,-0.04269,-56.17709,-120.42665,175.29473,0,0,0,0
780,780000,-0.00163,-0.00766,-0.00945,-0.01873,-0.42331,-77.55408,77.96240,-0.00196,-0.00919,-0.01133,-0.02248,-0.84662,-155.10816,155.92480,0,0,0,0
781,781000,-0.01005,0.00458,-0.00284,-0.00831,27.58869,-87.83742,59.87866,-0.01206,0.00550,-0.00341,-0.00997,55.17739,-175.67484,119.75732,0,0,0,0
782,782000,0.00684,0.00293,-0.00463,0.00514,53.16474,-89.22064,36.36805,0.00820,0.00352,-0.00555,0.00617,106.32947,-178.44129,72.73609,0,0,0,0
783,783000,-0.00413,0.01236,0.01350,0.02173,72.70520,-82.47772,9.45152,-0.00496,0.01484,0.01620,0.02608,145.41041,-164.95544,18.90303,0,0,0,0
784,784000,-0.00989,0.00070,0.00102,-0.00817,85.67080,-67.14464,-18.86992,-0.01186,0.00083,0.00122,-0.00981,171.34159,-134.28929,-37.73984,0,0,0,0
785,785000,-0.00410,0.00562,-0.00001,0.00152,89.60976,-45.09136,-45.06658,-0.00492,0.00675,-0.00001,0.00182,179.21953,-90.18271,-90.13316,0,0,0,0
786,786000,-0.01340,0.01408,-0.00040,0.00028,85.06821,-18.62152,-66.39086,-0.01608,0.01689,-0.00048,0.00033,170.13643,-37.24303,-132.78172,0,0,0,0
787,787000,-0.00530,-0.00155,0.00758,0.00073,73.03108,9.60540,-81.62150,-0.00636,-0.00186,0.00909,0.00087,146.06217,19.21079,-163.24301,0,0,0,0
788,788000,-0.00131,-0.00222,-0.01271,-0.01624,52.77549,36.47982,-89.47726,-0.00158,-0.00266,-0.01525,-0.01949,105.55098,72.95963,-178.95453,0,0,0,0
789,789000,0.01011,-0.00837,0.01293,0.01468,28.05024,60.48119,-87.74525,0.01213,-0.01004,0.01552,0.01761,56.10048,120.96239,-175.49050,0,0,0,0
790,790000,0.01289,-0.00448,0.01252,0.02094,0.39093,78.00292,-77.96817,0.01547,-0.00538,0.01503,0.02512,0.78185,156.00583,-155.93634,0,0,0,0
791,791000,0.01412,0.00558,0.00617,0.02587,-28.15975,87.99742,-60.05743,0.01695,0.00670,0.00740,0.03104,-56.31949,175.99484,-120.11485,0,0,0,0
792,792000,0.00881,-0.01237,-0.00755,-0.01111,-52.68774,88.92985,-36.27622,0.01057,-0.01485,-0.00906,-0.01333,-105.37547,177.85969,-72.55244,0,0,0,0
793,793000,-0.00283,0.01226,-0.00639,0.00304,-72.53172,82.28606,-9.01007,-0.00340,0.01471,-0.00767,0.00365,-145.06344,164.57212,-18.02015,0,0,0,0
794,794000,-0.01345,-0.00827,-0.00168,-0.02340,-85.54128,66.92122,18.28788,-0.01614,-0.00993,-0.00201,-0.02808,-171.08256,133.84243,36.57575,0,0,0,0
795,795000,-0.00147,0.00600,-0.00660,-0.00207,-89.48524,44.86905,44.50051,-0.00177,0.00720,-0.00792,-0.00249,-178.97048,89.73809,89.00102,0,0,0,0
796,796000,-0.00447,-0.00178,0.01046,0.00421,-85.65150,18.53402,66.82871,-0.00537,-0.00213,0.01255,0.00505,-171.30300,37.06804,133.65742,0,0,0,0
797,797000,0.00251,0.00287,0.00939,0.01477,-72.78915,-9.75232,81.66334,0.00302,0.00344,0.01127,0.01772,-145.57830,-19.50464,163.32669,0,0,0,0
798,798000,0.00798,0.00159,0.00205,0.01162,-52.71872,-36.11695,89.17784,0.00958,0.00191,0.00246,0.01394,-105.43744,-72.23390,178.35568,0,0,0,0
799,799000,-0.00172,0.01355,0.00497,0.01679,-27.62597,-60.11581,87.79844,-0.00207,0.01626,0.00596,0.02015,-55.25195,-120.23161,175.59687,0,0,0,0
800,800000,-0.00125,-0.00467,-0.01223,-0.01815,-0.37892,-77.55332,78.15805,-0.00150,-0.00561,-0.01468,-0.02178,-0.75784,-155.10664,156.31611,0,0,0,0
801,801000,0.00304,0.00966,-0.00997,0.00273,27.67242,-87.77295,60.32005,0.00364,0.01159,-0.01196,0.00327,55.34485,-175.54589,120.64010,0,0,0,0
802,802000,0.00222,0.01319,0.00083,0.01624,52.89073,-89.62289,36.59824,0.00267,0.01583,0.00099,0.01949,105.78145,-179.24578,73.19647,0,0,0,0
803,803000,0.01269,0.00069,0.01040,0.02377,72.70213,-82.35936,9.67604,0.01522,0.00082,0.01248,0.02852,145.40426,-164.71873,19.35209,0,0,0,0
804,804000,0.00527,-0.00511,0.00488,0.00503,85.29554,-66.37804,-18.62362,0.00632,-0.00614,0.00585,0.00603,170.59109,-132.75608,-37.24723,0,0,0,0
805,805000,-0.00973,0.01097,0.01242,0.01366,90.20411,-45.27195,-45.19761,-0.01168,0.01316,0.01491,0.01639,180.40822,-90.54390,-90.39522,0,0,0,0
806,806000,-0.00917,-0.00522,-0.00327,-0.01766,85.41060,-18.37093,-67.12025,-0.01100,-0.00627,-0.00393,-0.02119,170.82121,-36.74186,-134.24049,0,0,0,0
807,807000,-0.00659,0.00779,-0.01189,-0.01069,72.48414,9.72837,-81.76991,-0.00791,0.00934,-0.01427,-0.01283,144.96829,19.45674,-163.53983,0,0,0,0
808,808000,0.01077,-0.00200,-0.00227,0.00650,53.06705,36.12425,-88.89311,0.01292,-0.00240,-0.00272,0.00780,106.13409,72.24850,-177.78622,0,0,0,0
809,809000,0.00796,0.01205,-0.01411,0.00591,27.86693,59.99430,-87.59769,0.00955,0.01446,-0.01693,0.00709,55.73385,119.98860,-175.19538,0,0,0,0
810,810000,0.00361,-0.00951,0.00996,0.00407,0.14318,77.47411,-78.00645,0.00434,-0.01141,0.01196,0.00488,0.28636,154.94822,-156.01290,0,0,0,0
811,811000,0.01259,0.01216,-0.00352,0.02123,-27.49571,87.65616,-60.24736,0.01510,0.01460,-0.00423,0.02548,-54.99142,175.31232,-120.49473,0,0,0,0
812,812000,0.00353,-0.01293,0.00299,-0.00641,-52.73381,88.92149,-36.56365,0.00423,-0.01551,0.00358,-0.00770,-105.46762,177.84298,-73.12730,0,0,0,0
813,813000,-0.00845,0.00934,0.01363,0.01452,-72.64336,82.24754,-9.04438,-0.01014,0.01121,0.01636,0.01742,-145.28672,164.49507,-18.08876,0,0,0,0
814,814000,-0.00889,-0.00915,-0.00381,-0.02184,-85.73215,66.64547,18.44850,-0.01067,-0.01098,-0.00457,-0.02621,-171.46431,133.29094,36.89699,0,0,0,0
815,815000,-0.00796,-0.00691,-0.00157,-0.01644,-89.79517,45.12426,45.22840,-0.00955,-0.00829,-0.00189,-0.01973,-179.59034,90.24851,90.45680,0,0,0,0
816,816000,-0.01069,0.00488,0.01076,0.00495,-85.27353,18.79801,67.00323,-0.01283,0.00586,0.01291,0.00594,-170.54706,37.59602,134.00646,0,0,0,0
817,817000,-0.00028,0.00748,-0.00446,0.00274,-73.00165,-9.53658,81.67315,-0.00034,0.00898,-0.00536,0.00329,-146.00329,-19.07316,163.34631,0,0,0,0
818,818000,0.01414,0.00368,0.00265,0.02047,-52.75096,-36.55431,89.51898,0.01697,0.00442,0.00318,0.02456,-105.50193,-73.10861,179.03796,0,0,0,0
819,819000,-0.00117,-0.00073,-0.00661,-0.00851,-28.10801,-59.98236,87.47340,-0.00140,-0.00088,-0.00793,-0.01021,-56.21602,-119.96471,174.94681,0,0,0,0
820,820000,0.01038,-0.00913,0.00667,0.00792,-0.21070,-77.60385,77.95347,0.01246,-0.01095,0.00800,0.00950,-0.42141,-155.20770,155.90693,0,0,0,0
821,821000,-0.00305,-0.00559,0.00368,-0.00496,27.44440,-87.75120,60.52890,-0.00366,-0.00671,0.00441,-0.00596,54.88880,-175.50239,121.05780,0,0,0,0
822,822000,-0.01400,-0.00527,0.01164,-0.00763,52.65730,-89.50973,36.66024,-0.01680,-0.00633,0.01397,-0.00916,105.31459,-179.01946,73.32048,0,0,0,0
823,823000,-0.00636,-0.00293,0.00645,-0.00283,72.41207,-82.38294,9.44489,-0.00764,-0.00351,0.00775,-0.00340,144.82414,-164.76588,18.88978,0,0,0,0
824,824000,0.00493,0.00655,-0.00791,0.00356,85.61504,-66.93968,-18.59005,0.00591,0.00786,-0.00950,0.00428,171.23008,-133.87936,-37.18011,0,0,0,0
825,825000,-0.00759,-0.00317,0.01350,0.00274,89.95341,-45.14129,-45.27448,-0.00911,-0.00380,0.01620,0.00329,179.90682,-90.28258,-90.54895,0,0,0,0
826,826000,0.00099,-0.01127,-0.00016,-0.01044,85.15413,-18.84721,-67.07265,0.00119,-0.01352,-0.00019,-0.01252,170.30827,-37.69441,-134.14530,0,0,0,0
827,827000,-0.00508,0.00591,-0.01196,-0.01113,72.72728,9.31813,-82.35085,-0.00610,0.00709,-0.01435,-0.01336,145.45457,18.63627,-164.70169,0,0,0,0
828,828000,-0.01321,-0.00499,-0.00947,-0.02767,52.75467,36.46767,-89.09883,-0.01585,-0.00599,-0.01136,-0.03320,105.50934,72.93535,-178.19766,0,0,0,0
829,829000,-0.00607,0.01050,-0.01065,-0.00622,27.39172,60.53797,-87.77130,-0.00728,0.01260,-0.01278,-0.00746,54.78343,121.07594,-175.54259,0,0,0,0
830,830000,0.01108,-0.00074,-0.01356,-0.00323,0.27960,77.48274,-77.63045,0.01329,-0.00089,-0.01627,-0.00387,0.55920,154.96547,-155.26091,0,0,0,0
831,831000,-0.01123,-0.01380,-0.01412,-0.03915,-27.87587,87.60377,-60.19524,-0.01347,-0.01656,-0.01694,-0.04698,-55.75174,175.20753,-120.39049,0,0,0,0
832,832000,-0.00031,0.00747,0.01226,0.01942,-53.23971,88.97621,-36.13563,-0.00038,0.00897,0.01471,0.02330,-106.47941,177.95242,-72.27126,0,0,0,0
833,833000,0.00537,0.00589,0.00961,0.02087,-72.54047,82.13173,-9.13402,0.00645,0.00706,0.01153,0.02504,-145.08094,164.26346,-18.26803,0,0,0,0
834,834000,0.00445,-0.01159,0.00457,-0.00258,-85.17641,66.39519,18.98002,0.00534,-0.01391,0.00548,-0.00309,-170.35282,132.79039,37.96005,0,0,0,0
835,835000,-0.01211,-0.01117,0.00986,-0.01342,-90.19149,44.67701,44.79609,-0.01453,-0.01340,0.01183,-0.01610,-180.38297,89.35402,89.59218,0,0,0,0
836,836000,-0.01019,0.01077,-0.01324,-0.01265,-85.07722,18.72091,66.61678,-0.01222,0.01293,-0.01589,-0.01518,-170.15443,37.44182,133.23356,0,0,0,0
837,837000,-0.00737,-0.00092,-0.01219,-0.02048,-72.98886,-9.82482,82.08781,-0.00885,-0.00111,-0.01462,-0.02458,-145.97773,-19.64965,164.17561,0,0,0,0
838,838000,0.00583,0.00899,0.00392,0.01874,-52.90588,-36.70972,89.74475,0.00699,0.01079,0.00471,0.02249,-105.81176,-73.41943,179.48951,0,0,0,0
839,839000,-0.00545,-0.00860,0.00539,-0.00866,-27.44965,-60.31065,87.92825,-0.00654,-0.01032,0.00647,-0.01039,-54.89930,-120.62131,175.85650,0,0,0,0
840,840000,0.01136,0.01254,0.00057,0.02448,-0.21231,-77.93009,77.86920,0.01363,0.01505,0.00069,0.02937,-0.42462,-155.86018,155.73840,0,0,0,0
841,841000,0.01018,-0.00687,-0.00062,0.00270,27.34035,-87.88361,60.02128,0.01222,-0.00824,-0.00074,0.00324,54.68069,-175.76721,120.04257,0,0,0,0
842,842000,-0.00568,0.01273,-0.00738,-0.00033,53.21936,-89.08155,36.10476,-0.00681,0.01527,-0.00885,-0.00040,106.43872,-178.16310,72.20952,0,0,0,0
843,843000,0.00032,0.00259,-0.00237,0.00054,73.04708,-81.63674,9.57430,0.00038,0.00311,-0.00285,0.00064,146.09415,-163.27348,19.14861,0,0,0,0
844,844000,0.00836,0.01106,0.00457,0.02400,85.68813,-67.13263,-18.53531,0.01004,0.01327,0.00549,0.02880,171.37625,-134.26527,-37.07063,0,0,0,0
845,845000,-0.00601,-0.00808,0.00643,-0.00767,90.08535,-45.02739,-44.75500,-0.00722,-0.00970,0.00771,-0.00920,180.17070,-90.05477,-89.51000,0,0,0,0
846,846000,-0.00923,-0.00191,0.00917,-0.00197,85.72227,-18.97030,-66.56327,-0.01107,-0.00229,0.01101,-0.00236,171.44453,-37.94059,-133.12653,0,0,0,0
847,847000,0.00843,-0.01187,-0.00674,-0.01018,72.61684,9.20967,-81.70348,0.01012,-0.01424,-0.00809,-0.01221,145.23368,18.41933,-163.40696,0,0,0,0
848,848000,-0.00992,-0.00706,-0.00382,-0.02080,52.54382,36.39393,-89.50668,-0.01190,-0.00848,-0.00459,-0.02496,105.08765,72.78786,-179.01336,0,0,0,0
849,849000,0.01282,-0.01116,-0.00787,-0.00621,27.89019,59.76801,-88.00694,0.01539,-0.01339,-0.00945,-0.00745,55.78037,119.53603,-176.01389,0,0,0,0
850,850000,0.01172,0.00940,-0.00008,0.02104,-0.06716,77.63375,-77.56661,0.01407,0.01128,-0.00009,0.02525,-0.13432,155.26751,-155.13322,0,0,0,0
851,851000,-0.00424,-0.01289,-0.00057,-0.01771,-28.18457,88.28132,-60.30452,-0.00509,-0.01547,-0.00069,-0.02125,-56.36914,176.56265,-120.60904,0,0,0,0
852,852000,0.01032,0.00107,-0.00214,0.00924,-53.18479,89.53655,-36.92118,0.01238,0.00128,-0.00257,0.01109,-106.36957,179.07310,-73.84235,0,0,0,0
853,853000,0.00681,0.01203,-0.00037,0.01847,-72.33201,81.94209,-9.70963,0.00818,0.01444,-0.00045,0.02217,-144.66403,163.88419,-19.41925,0,0,0,0
854,854000,-0.01204,-0.00547,0.01327,-0.00424,-85.60500,66.70742,18.74607,-0.01445,-0.00657,0.01592,-0.00509,-171.21000,133.41483,37.49214,0,0,0,0
855,855000,-0.01314,0.00791,-0.00860,-0.01382,-89.42831,44.55829,44.92544,-0.01576,0.00950,-0.01032,-0.01659,-178.85661,89.11658,89.85089,0,0,0,0
856,856000,-0.00871,-0.00862,-0.01175,-0.02907,-85.43562,18.71145,66.39175,-0.01045,-0.01034,-0.01409,-0.03489,-170.87124,37.42290,132.78349,0,0,0,0
857,857000,-0.00721,-0.00348,-0.00306,-0.01375,-72.53092,-9.69865,81.64453,-0.00865,-0.00417,-0.00367,-0.01649,-145.06185,-19.39731,163.28907,0,0,0,0
858,858000,-0.01189,-0.00682,0.00807,-0.01064,-52.56241,-36.55209,89.48372,-0.01427,-0.00819,0.00969,-0.01277,-105.12481,-73.10418,178.96745,0,0,0,0
859,859000,0.00962,-0.00761,0.00457,0.00658,-28.12918,-60.16127,87.49841,0.01155,-0.00914,0.00548,0.00789,-56.25836,-120.32255,174.99683,0,0,0,0
860,860000,-0.00920,-0.00541,0.01232,-0.00230,0.11522,-77.34556,77.36802,-0.01105,-0.00650,0.01478,-0.00276,0.23045,-154.69112,154.73603,0,0,0,0
861,861000,0.00567,-0.00243,-0.00325,-0.00001,27.64327,-88.24804,60.14636,0.00681,-0.00292,-0.00390,-0.00001,55.28654,-176.49608,120.29272,0,0,0,0
862,862000,-0.00977,0.00204,0.00088,-0.00685,53.08142,-88.89178,36.82061,-0.01172,0.00245,0.00105,-0.00822,106.16284,-177.78356,73.64121,0,0,0,0
863,863000,-0.01290,-0.00021,-0.00579,-0.01890,72.22068,-82.38047,9.46611,-0.01548,-0.00026,-0.00695,-0.02268,144.44136,-164.76095,18.93221,0,0,0,0
864,864000,-0.01080,-0.00990,0.00700,-0.01369,85.45639,-67.06719,-18.27409,-0.01295,-0.01188,0.00840,-0.01643,170.91278,-134.13438,-36.54818,0,0,0,0
865,865000,0.00325,-0.00343,-0.00098,-0.00116,89.85984,-45.11013,-44.48087,0.00390,-0.00411,-0.00118,-0.00139,179.71969,-90.22026,-88.96175,0,0,0,0
866,866000,-0.00181,-0.00722,0.00393,-0.00511,85.37123,-18.77098,-66.54628,-0.00218,-0.00867,0.00471,-0.00613,170.74246,-37.54196,-133.09256,0,0,0,0
867,867000,0.01056,0.01137,-0.01012,0.01181,72.61674,9.39605,-81.60109,0.01268,0.01364,-0.01214,0.01417,145.23349,18.79209,-163.20219,0,0,0,0
868,868000,0.00994,-0.01295,0.01400,0.01099,53.10605,36.27941,-89.29552,0.01193,-0.01554,0.01680,0.01319,106.21211,72.55881,-178.59105,0,0,0,0
869,869000,-0.00234,0.00171,-0.00235,-0.00297,27.50160,59.75055,-88.19903,-0.00280,0.00206,-0.00282,-0.00356,55.00319,119.50110,-176.39807,0,0,0,0
870,870000,0.01134,-0.00517,0.00100,0.00717,-0.01943,77.54615,-78.14324,0.01361,-0.00621,0.00120,0.00860,-0.03886,155.09231,-156.28648,0,0,0,0
871,871000,0.01374,-0.00693,-0.00376,0.00306,-27.52051,87.74815,-59.93862,0.01649,-0.00831,-0.00451,0.00367,-55.04102,175.49630,-119.87724,0,0,0,0
872,872000,-0.00877,0.00001,0.00860,-0.00016,-52.70395,89.03061,-36.40703,-0.01053,0.00001,0.01032,-0.00019,-105.40791,178.06123,-72.81406,0,0,0,0
873,873000,0.01247,-0.01111,0.00304,0.00440,-72.76962,82.03930,-9.78958,0.01496,-0.01333,0.00364,0.00527,-145.53924,164.07860,-19.57915,0,0,0,0
874,874000,-0.01106,0.00232,-0.01139,-0.02014,-85.70737,66.48891,18.51728,-0.01328,0.00278,-0.01367,-0.02417,-171.41475,132.97783,37.03456,0,0,0,0
875,875000,0.00850,0.01399,0.00386,0.02636,-89.68611,45.16315,45.06118,0.01020,0.01679,0.00463,0.03163,-179.37221,90.32630,90.12235,0,0,0,0
876,876000,0.00982,-0.00181,-0.00895,-0.00094,-85.21292,18.25516,66.48025,0.01178,-0.00218,-0.01074,-0.00113,-170.42585,36.51031,132.96050,0,0,0,0
877,877000,0.00634,-0.00372,0.01232,0.01494,-72.40808,-9.39022,81.97442,0.00761,-0.00446,0.01478,0.01793,-144.81616,-18.78045,163.94885,0,0,0,0
878,878000,0.00288,-0.01407,-0.00936,-0.02055,-52.90457,-36.17283,88.87689,0.00346,-0.01688,-0.01124,-0.02466,-105.80914,-72.34566,177.75379,0,0,0,0
879,879000,0.01062,-0.01364,-0.00188,-0.00490,-27.92036,-60.32632,88.02634,0.01275,-0.01636,-0.00226,-0.00587,-55.84071,-120.65263,176.05268,0,0,0,0
880,880000,-0.00908,0.01119,-0.01071,-0.00860,0.17097,-77.70635,78.03637,-0.01090,0.01343,-0.01285,-0.01032,0.34194,-155.41271,156.07274,0,0,0,0
881,881000,0.00193,0.00986,0.01373,0.02551,28.18589,-87.57508,60.23553,0.00231,0.01183,0.01647,0.03062,56.37178,-175.15016,120.47106,0,0,0,0
882,882000,0.01295,-0.00290,-0.00668,0.00338,52.92021,-89.10586,36.13723,0.01554,-0.00348,-0.00801,0.00406,105.84042,-178.21172,72.27445,0,0,0,0
883,883000,-0.00616,0.00777,-0.00274,-0.00113,72.50576,-82.15333,8.95835,-0.00739,0.00933,-0.00328,-0.00135,145.01153,-164.30665,17.91670,0,0,0,0
884,884000,0.00687,-0.00527,-0.01056,-0.00895,85.04200,-66.52331,-19.05122,0.00825,-0.00632,-0.01267,-0.01074,170.08400,-133.04662,-38.10244,0,0,0,0
885,885000,-0.00686,-0.00320,-0.01032,-0.02038,90.02857,-44.88003,-44.83271,-0.00823,-0.00384,-0.01238,-0.02445,180.05715,-89.76006,-89.66542,0,0,0,0
886,886000,0.01004,0.01277,0.01060,0.03341,85.08044,-18.48413,-66.60429,0.01205,0.01532,0.01271,0.04009,170.16088,-36.96827,-133.20859,0,0,0,0
887,887000,-0.00829,0.00449,0.00661,0.00280,72.35386,9.79788,-81.88168,-0.00995,0.00538,0.00793,0.00336,144.70771,19.59577,-163.76337,0,0,0,0
888,888000,0.00355,-0.00113,0.01099,0.01341,52.90194,36.60965,-89.33238,0.00426,-0.00136,0.01319,0.01610,105.80388,73.21930,-178.66476,0,0,0,0
889,889000,-0.01126,0.00529,0.01327,0.00731,27.59674,59.66784,-87.66001,-0.01351,0.00635,0.01592,0.00877,55.19348,119.33568,-175.32002,0,0,0,0
890,890000,-0.00223,0.01221,0.01147,0.02146,0.31379,78.08766,-77.61297,-0.00267,0.01465,0.01377,0.02575,0.62759,156.17531,-155.22595,0,0,0,0
891,891000,-0.00437,-0.00206,-0.00765,-0.01408,-27.69397,87.74079,-59.97065,-0.00524,-0.00247,-0.00918,-0.01690,-55.38795,175.48158,-119.94130,0,0,0,0
892,892000,-0.00575,-0.00256,0.00101,-0.00730,-52.51234,89.00082,-36.18516,-0.00690,-0.00307,0.00121,-0.00876,-105.02468,178.00165,-72.37032,0,0,0,0
893,893000,-0.00644,0.00468,-0.01253,-0.01430,-72.74167,81.85277,-9.27941,-0.00773,0.00561,-0.01504,-0.01716,-145.48333,163.70554,-18.55883,0,0,0,0
894,894000,-0.00282,-0.00356,0.00817,0.00179,-85.49605,66.96790,18.22558,-0.00339,-0.00427,0.00981,0.00215,-170.99209,133.93580,36.45115,0,0,0,0
895,895000,0.00795,0.01100,0.00367,0.02262,-89.97344,44.50190,45.10604,0.00954,0.01320,0.00440,0.02714,-179.94688,89.00380,90.21207,0,0,0,0
896,896000,-0.01225,-0.00775,0.00133,-0.01868,-85.78396,18.33839,66.50966,-0.01471,-0.00930,0.00159,-0.02241,-171.56793,36.67677,133.01931,0,0,0,0
897,897000,0.00638,0.00556,0.01273,0.02467,-72.64404,-9.69186,82.44164,0.00766,0.00667,0.01527,0.02961,-145.28809,-19.38373,164.88328,0,0,0,0
898,898000,-0.00878,0.01095,0.00273,0.00490,-52.88329,-36.53344,88.93287,-0.01053,0.01314,0.00328,0.00589,-105.76658,-73.06687,177.86574,0,0,0,0
899,899000,-0.00197,0.01095,-0.01271,-0.00374,-28.11292,-59.70233,88.28495,-0.00237,0.01314,-0.01525,-0.00448,-56.22584,-119.40465,176.56991,0,0,0,0
900,900000,0.00352,0.00840,-0.00518,0.00674,-0.20374,-77.89926,78.11728,0.00423,0.01008,-0.00622,0.00808,-0.40748,-155.79853,156.23456,0,0,0,0
901,901000,-0.00044,-0.00144,-0.00382,-0.00570,27.82400,-88.05789,60.40702,-0.00053,-0.00173,-0.00459,-0.00684,55.64801,-176.11579,120.81403,0,0,0,0
902,902000,0.01269,0.00801,-0.00591,0.01478,52.80534,-89.46662,36.92881,0.01522,0.00961,-0.00709,0.01774,105.61067,-178.93324,73.85763,0,0,0,0
903,903000,0.00316,-0.00970,-0.01181,-0.01834,73.04525,-82.32809,9.17763,0.00379,-0.01164,-0.01417,-0.02201,146.09051,-164.65619,18.35526,0,0,0,0
904,904000,-0.00972,-0.00009,0.01095,0.00114,85.24043,-66.30035,-18.64919,-0.01166,-0.00011,0.01314,0.00137,170.48087,-132.60071,-37.29838,0,0,0,0
905,905000,0.01070,0.00914,0.01394,0.03378,89.66964,-44.87643,-44.79240,0.01284,0.01096,0.01673,0.04053,179.33927,-89.75286,-89.58481,0,0,0,0
906,906000,0.01291,0.00009,0.00262,0.01562,85.11693,-18.31680,-66.95449,0.01549,0.00011,0.00314,0.01874,170.23387,-36.63359,-133.90899,0,0,0,0
907,907000,0.01013,-0.00780,0.00198,0.00430,72.81348,8.99219,-82.45354,0.01215,-0.00936,0.00238,0.00516,145.62696,17.98439,-164.90709,0,0,0,0
908,908000,-0.00953,0.00486,0.00661,0.00194,52.83812,36.59628,-89.63413,-0.01144,0.00583,0.00793,0.00233,105.67625,73.19255,-179.26826,0,0,0,0
909,909000,0.00437,-0.00616,0.00223,0.00044,27.84449,60.11930,-87.90048,0.00524,-0.00739,0.00268,0.00053,55.68898,120.23860,-175.80097,0,0,0,0
910,910000,-0.00470,-0.00192,0.00064,-0.00598,-0.09538,77.88049,-77.83574,-0.00564,-0.00230,0.00077,-0.00718,-0.19075,155.76099,-155.67148,0,0,0,0
911,911000,-0.00528,0.01304,-0.00406,0.00370,-28.17803,87.84403,-60.31660,-0.00633,0.01565,-0.00488,0.00444,-56.35607,175.68805,-120.63320,0,0,0,0
912,912000,-0.00569,-0.01237,-0.00863,-0.02669,-53.06301,89.44689,-36.75323,-0.00683,-0.01484,-0.01035,-0.03203,-106.12601,178.89377,-73.50646,0,0,0,0
913,913000,-0.00776,-0.01104,-0.00583,-0.02463,-73.02756,81.96724,-9.68672,-0.00931,-0.01325,-0.00700,-0.02956,-146.05511,163.93449,-19.37343,0,0,0,0
914,914000,0.00350,0.01121,0.00751,0.02222,-85.11000,66.74948,18.27826,0.00421,0.01345,0.00902,0.02667,-170.21999,133.49896,36.55653,0,0,0,0
915,915000,-0.00654,0.01007,-0.00688,-0.00335,-89.47038,44.91168,44.80385,-0.00785,0.01209,-0.00826,-0.00402,-178.94076,89.82336,89.60770,0,0,0,0
916,916000,0.00767,-0.00016,0.00815,0.01566,-85.24111,18.37543,66.36878,0.00921,-0.00019,0.00978,0.01879,-170.48221,36.75086,132.73756,0,0,0,0
917,917000,0.00097,-0.01387,-0.00306,-0.01596,-72.92123,-9.78156,82.48433,0.00116,-0.01664,-0.00367,-0.01916,-145.84246,-19.56312,164.96867,0,0,0,0
918,918000,0.01279,0.00143,0.01069,0.02491,-52.96778,-36.72921,89.41592,0.01535,0.00172,0.01282,0.02990,-105.93556,-73.45843,178.83184,0,0,0,0
919,919000,-0.00027,0.00553,0.00871,0.01396,-27.78487,-60.21114,87.46500,-0.00033,0.00663,0.01045,0.01675,-55.56974,-120.42228,174.93001,0,0,0,0
920,920000,0.00523,0.01334,0.00499,0.02355,-0.43344,-78.14744,77.84481,0.00627,0.01601,0.00599,0.02826,-0.86688,-156.29487,155.68962,0,0,0,0
921,921000,-0.01384,-0.00793,-0.00617,-0.02794,28.12985,-87.76363,60.53243,-0.01661,-0.00951,-0.00741,-0.03353,56.25970,-175.52725,121.06487,0,0,0,0
922,922000,0.00363,-0.00029,0.00806,0.01140,52.93889,-89.65341,36.69112,0.00436,-0.00035,0.00967,0.01367,105.87778,-179.30683,73.38224,0,0,0,0
923,923000,-0.00153,-0.00872,0.00546,-0.00478,72.27676,-81.85279,9.25531,-0.00183,-0.01046,0.00655,-0.00574,144.55352,-163.70559,18.51063,0,0,0,0
924,924000,0.01122,0.00023,-0.00426,0.00719,85.64245,-66.96975,-18.30033,0.01347,0.00027,-0.00511,0.00863,171.28491,-133.93951,-36.60067,0,0,0,0
925,925000,-0.00169,0.00945,-0.01169,-0.00394,90.00106,-45.21009,-44.66023,-0.00203,0.01134,-0.01403,-0.00472,180.00212,-90.42018,-89.32046,0,0,0,0
926,926000,-0.00702,0.01276,0.00155,0.00730,85.66295,-18.90892,-67.08035,-0.00842,0.01531,0.00186,0.00875,171.32589,-37.81785,-134.16071,0,0,0,0
927,927000,0.00179,0.01370,-0.00482,0.01066,73.06830,9.02466,-82.04113,0.00214,0.01644,-0.00579,0.01279,146.13659,18.04932,-164.08227,0,0,0,0
928,928000,-0.00019,0.00723,0.01265,0.01969,52.78436,36.44503,-89.39042,-0.00023,0.00868,0.01518,0.02363,105.56872,72.89005,-178.78083,0,0,0,0
929,929000,-0.00458,-0.01060,-0.00124,-0.01642,27.96277,60.09816,-87.72605,-0.00549,-0.01273,-0.00149,-0.01971,55.92555,120.19633,-175.45209,0,0,0,0
930,930000,0.00047,-0.01404,-0.01029,-0.02386,-0.14858,77.41580,-77.58055,0.00057,-0.01685,-0.01235,-0.02864,-0.29717,154.83160,-155.16109,0,0,0,0
931,931000,0.00877,0.00227,-0.00411,0.00694,-28.03334,87.88696,-59.80303,0.01053,0.00273,-0.00493,0.00833,-56.06667,175.77391,-119.60605,0,0,0,0
932,932000,0.00341,0.00230,0.00713,0.01285,-52.48567,89.71215,-36.41519,0.00410,0.00276,0.00855,0.01542,-104.97134,179.42431,-72.83037,0,0,0,0
933,933000,-0.00608,-0.00171,-0.00289,-0.01068,-73.07230,81.69956,-9.52774,-0.00729,-0.00206,-0.00347,-0.01282,-146.14460,163.39912,-19.05548,0,0,0,0
934,934000,0.00962,-0.00851,-0.00166,-0.00055,-85.21904,66.31356,18.30465,0.01154,-0.01021,-0.00199,-0.00066,-170.43808,132.62712,36.60930,0,0,0,0
935,935000,0.00839,-0.00091,0.00405,0.01153,-89.47274,44.81730,44.83006,0.01006,-0.00109,0.00487,0.01383,-178.94549,89.63460,89.66013,0,0,0,0
936,936000,0.00252,-0.00535,-0.00666,-0.00949,-85.45224,18.76485,66.53085,0.00302,-0.00642,-0.00799,-0.01139,-170.90448,37.52971,133.06170,0,0,0,0
937,937000,-0.01345,-0.01324,0.00544,-0.02125,-73.05260,-8.97048,81.89620,-0.01613,-0.01589,0.00653,-0.02550,-146.10519,-17.94095,163.79239,0,0,0,0
938,938000,-0.00248,0.01343,-0.00989,0.00105,-52.92484,-36.88144,89.12429,-0.00297,0.01611,-0.01187,0.00127,-105.84967,-73.76288,178.24858,0,0,0,0
939,939000,0.00222,0.00685,0.00253,0.01160,-27.94016,-59.71164,87.46851,0.00266,0.00822,0.00304,0.01392,-55.88032,-119.42328,174.93703,0,0,0,0
940,940000,0.00181,-0.00977,-0.00573,-0.01369,0.28810,-77.91235,78.02197,0.00217,-0.01172,-0.00688,-0.01643,0.57620,-155.82470,156.04394,0,0,0,0
941,941000,-0.00674,0.01027,-0.00877,-0.00525,27.72333,-87.73652,60.47437,-0.00809,0.01232,-0.01053,-0.00630,55.44667,-175.47304,120.94873,0,0,0,0
942,942000,-0.00609,0.00533,-0.00663,-0.00739,52.58814,-88.88548,36.60823,-0.00731,0.00640,-0.00796,-0.00887,105.17628,-177.77096,73.21646,0,0,0,0
943,943000,0.01012,0.00125,-0.00177,0.00960,72.59556,-81.78512,9.61114,0.01214,0.00150,-0.00212,0.01152,145.19112,-163.57024,19.22228,0,0,0,0
944,944000,0.00975,0.00405,0.01402,0.02782,85.80946,-66.47595,-18.27489,0.01170,0.00486,0.01682,0.03339,171.61891,-132.95190,-36.54977,0,0,0,0
945,945000,0.01173,-0.00745,0.01300,0.01728,90.23187,-44.52607,-44.46137,0.01407,-0.00894,0.01560,0.02074,180.46373,-89.05215,-88.92273,0,0,0,0
946,946000,0.00471,-0.01368,-0.00421,-0.01318,85.18623,-18.41779,-66.84724,0.00566,-0.01642,-0.00505,-0.01581,170.37246,-36.83558,-133.69447,0,0,0,0
947,947000,0.00933,-0.00825,0.00389,0.00498,73.06829,9.15045,-81.79291,0.01120,-0.00990,0.00467,0.00597,146.13658,18.30090,-163.58582,0,0,0,0
948,948000,-0.00791,-0.00783,-0.00829,-0.02403,53.08119,36.12135,-89.42754,-0.00949,-0.00939,-0.00995,-0.02884,106.16239,72.24269,-178.85509,0,0,0,0
949,949000,-0.01373,-0.00568,0.00424,-0.01517,27.58282,60.50936,-87.65184,-0.01648,-0.00681,0.00509,-0.01820,55.16563,121.01873,-175.30368,0,0,0,0
950,950000,0.00307,0.01077,0.00045,0.01429,0.01170,77.34901,-77.72631,0.00368,0.01292,0.00054,0.01714,0.02341,154.69803,-155.45262,0,0,0,0
951,951000,0.00024,0.00424,0.00121,0.00570,-27.72656,87.90403,-60.37871,0.00029,0.00509,0.00146,0.00684,-55.45311,175.80807,-120.75741,0,0,0,0
952,952000,-0.00693,0.00741,-0.01245,-0.01196,-52.93228,89.54230,-36.53659,-0.00832,0.00890,-0.01494,-0.01436,-105.86456,179.08460,-73.07317,0,0,0,0
953,953000,-0.00717,0.00085,0.01072,0.00439,-72.39299,81.92775,-9.02571,-0.00861,0.00101,0.01287,0.00527,-144.78597,163.85550,-18.05143,0,0,0,0
954,954000,0.01213,-0.01169,-0.00179,-0.00134,-85.34980,66.54935,19.03997,0.01456,-0.01402,-0.00215,-0.00161,-170.69959,133.09870,38.07994,0,0,0,0
955,955000,-0.00297,0.00948,0.01246,0.01897,-89.72945,45.09750,44.74213,-0.00357,0.01137,0.01495,0.02276,-179.45891,90.19501,89.48425,0,0,0,0
956,956000,-0.01143,-0.00067,0.00579,-0.00630,-85.70753,18.63157,66.70991,-0.01371,-0.00080,0.00695,-0.00756,-171.41505,37.26313,133.41982,0,0,0,0
957,957000,0.00631,-0.00104,0.00413,0.00939,-72.54366,-9.63026,82.26250,0.00757,-0.00125,0.00496,0.01127,-145.08731,-19.26052,164.52501,0,0,0,0
958,958000,0.01001,-0.00080,0.01302,0.02223,-52.35938,-36.67459,89.22244,0.01201,-0.00096,0.01563,0.02668,-104.71875,-73.34919,178.44488,0,0,0,0
959,959000,-0.01337,0.00031,-0.01333,-0.02639,-27.66340,-60.46986,88.11145,-0.01604,0.00037,-0.01600,-0.03167,-55.32680,-120.93971,176.22289,0,0,0,0
960,960000,-0.01379,-0.01042,0.00126,-0.02295,-0.08609,-77.64384,77.80573,-0.01655,-0.01250,0.00151,-0.02754,-0.17219,-155.28768,155.61147,0,0,0,0
961,961000,-0.00486,0.00010,-0.00930,-0.01406,27.81741,-87.99468,59.83709,-0.00583,0.00012,-0.01116,-0.01687,55.63482,-175.98936,119.67417,0,0,0,0
962,962000,0.00755,-0.00677,0.01362,0.01440,52.96469,-89.66137,36.96417,0.00906,-0.00812,0.01634,0.01728,105.92938,-179.32274,73.92834,0,0,0,0
963,963000,0.01194,-0.00731,0.01341,0.01805,72.98873,-82.28957,9.69660,0.01433,-0.00877,0.01609,0.02165,145.97746,-164.57914,19.39321,0,0,0,0
964,964000,-0.01253,0.01362,-0.00408,-0.00300,85.63158,-66.82177,-18.36840,-0.01504,0.01634,-0.00490,-0.00360,171.26317,-133.64355,-36.73681,0,0,0,0
965,965000,0.00749,-0.00370,0.01340,0.01720,89.93988,-45.04172,-45.01456,0.00899,-0.00444,0.01608,0.02063,179.87976,-90.08345,-90.02911,0,0,0,0
966,966000,-0.00829,-0.00972,-0.00901,-0.02702,85.80179,-19.03136,-66.52032,-0.00995,-0.01166,-0.01081,-0.03242,171.60359,-38.06272,-133.04064,0,0,0,0
967,967000,0.00630,0.01177,0.00657,0.02464,72.54759,9.07181,-81.69400,0.00756,0.01413,0.00788,0.02957,145.09518,18.14362,-163.38799,0,0,0,0
968,968000,-0.00749,0.00847,0.00981,0.01079,52.56239,36.22471,-88.99832,-0.00899,0.01017,0.01177,0.01295,105.12478,72.44941,-177.99664,0,0,0,0
969,969000,-0.00703,0.00571,-0.00362,-0.00495,28.05493,60.07465,-87.90450,-0.00844,0.00685,-0.00435,-0.00594,56.10985,120.14930,-175.80900,0,0,0,0
970,970000,0.01205,0.01319,0.00734,0.03258,-0.44187,77.67332,-77.76220,0.01446,0.01583,0.00880,0.03909,-0.88375,155.34663,-155.52439,0,0,0,0
971,971000,-0.00064,-0.00990,0.00821,-0.00234,-27.57339,88.25780,-60.52829,-0.00077,-0.01188,0.00985,-0.00281,-55.14679,176.51561,-121.05658,0,0,0,0
972,972000,0.00456,0.00871,-0.00155,0.01171,-52.65171,89.54389,-36.97509,0.00547,0.01045,-0.00186,0.01406,-105.30343,179.08777,-73.95018,0,0,0,0
973,973000,0.01059,-0.00211,0.00352,0.01199,-72.46143,82.20521,-9.06013,0.01270,-0.00253,0.00422,0.01439,-144.92287,164.41042,-18.12026,0,0,0,0
974,974000,0.00879,-0.00218,-0.01378,-0.00717,-85.17849,66.34677,18.56938,0.01055,-0.00262,-0.01654,-0.00861,-170.35698,132.69353,37.13876,0,0,0,0
975,975000,-0.01293,0.00140,0.00471,-0.00683,-89.53506,45.19058,44.64097,-0.01552,0.00168,0.00565,-0.00820,-179.07012,90.38115,89.28195,0,0,0,0
976,976000,-0.00600,0.00437,-0.01081,-0.01244,-85.06939,18.87488,66.76102,-0.00721,0.00525,-0.01297,-0.01492,-170.13878,37.74976,133.52204,0,0,0,0
977,977000,-0.00931,0.00895,-0.01096,-0.01132,-72.54238,-9.01080,81.66247,-0.01117,0.01074,-0.01315,-0.01359,-145.08476,-18.02159,163.32494,0,0,0,0
978,978000,0.00423,0.01398,0.01283,0.03104,-52.82425,-36.57104,89.69634,0.00508,0.01677,0.01539,0.03724,-105.64850,-73.14207,179.39268,0,0,0,0
979,979000,0.00196,-0.00405,-0.00578,-0.00787,-27.99053,-60.52256,87.97896,0.00236,-0.00486,-0.00694,-0.00944,-55.98105,-121.04511,175.95791,0,0,0,0
980,980000,0.00939,-0.01334,-0.00601,-0.00996,0.37902,-77.86632,78.16960,0.01127,-0.01600,-0.00722,-0.01195,0.75804,-155.73264,156.33921,0,0,0,0
981,981000,-0.00287,0.00752,-0.00944,-0.00479,27.33145,-87.63176,60.50776,-0.00345,0.00902,-0.01133,-0.00575,54.66289,-175.26351,121.01553,0,0,0,0
982,982000,-0.01318,-0.00931,-0.01214,-0.03463,52.71584,-89.26416,36.20682,-0.01581,-0.01117,-0.01457,-0.04155,105.43168,-178.52832,72.41364,0,0,0,0
983,983000,-0.00291,0.00295,-0.00512,-0.00508,72.84112,-82.23557,9.01326,-0.00349,0.00354,-0.00615,-0.00610,145.68223,-164.47114,18.02653,0,0,0,0
984,984000,-0.00908,-0.00154,-0.00389,-0.01451,85.26384,-66.34448,-18.38940,-0.01090,-0.00184,-0.00466,-0.01741,170.52767,-132.68896,-36.77880,0,0,0,0
985,985000,-0.00627,-0.00824,0.00887,-0.00565,89.44049,-45.14472,-44.96521,-0.00753,-0.00989,0.01064,-0.00678,178.88098,-90.28944,-89.93041,0,0,0,0
986,986000,0.00377,-0.00153,0.00120,0.00344,85.76666,-18.94574,-67.09242,0.00452,-0.00184,0.00144,0.00412,171.53333,-37.89149,-134.18485,0,0,0,0
987,987000,0.00998,-0.01132,-0.00183,-0.00317,72.70258,9.46254,-82.31860,0.01197,-0.01358,-0.00220,-0.00381,145.40516,18.92507,-164.63720,0,0,0,0
988,988000,0.00066,-0.01231,0.00593,-0.00572,52.48957,36.51104,-89.23531,0.00079,-0.01477,0.00712,-0.00686,104.97914,73.02207,-178.47063,0,0,0,0
989,989000,-0.00519,-0.00878,-0.00907,-0.02304,27.47015,60.01369,-87.71846,-0.00623,-0.01054,-0.01088,-0.02765,54.94031,120.02738,-175.43692,0,0,0,0
990,990000,-0.00086,0.00594,-0.00487,0.00020,-0.11409,77.39324,-77.93445,-0.00103,0.00712,-0.00585,0.00024,-0.22818,154.78647,-155.86890,0,0,0,0
991,991000,-0.01300,-0.01221,-0.00127,-0.02648,-27.66460,88.04575,-60.45918,-0.01560,-0.01465,-0.00152,-0.03177,-55.32919,176.09150,-120.91835,0,0,0,0
992,992000,-0.01168,-0.00181,0.01085,-0.00263,-52.65952,89.16419,-36.17323,-0.01402,-0.00217,0.01302,-0.00316,-105.31905,178.32838,-72.34645,0,0,0,0
993,993000,0.01355,0.00325,-0.00552,0.01128,-72.76245,82.23823,-9.03932,0.01626,0.00390,-0.00662,0.01354,-145.52490,164.47646,-18.07863,0,0,0,0
994,994000,0.00954,-0.00598,-0.00185,0.00171,-85.04111,66.54704,18.79557,0.01144,-0.00718,-0.00222,0.00205,-170.08223,133.09408,37.59114,0,0,0,0
995,995000,0.01149,-0.00815,0.01373,0.01707,-89.78556,44.67668,44.62064,0.01378,-0.00978,0.01647,0.02048,-179.57111,89.35337,89.24128,0,0,0,0
996,996000,0.00840,-0.01329,-0.00658,-0.01148,-85.45417,18.32272,66.74392,0.01007,-0.01595,-0.00790,-0.01377,-170.90834,36.64545,133.48783,0,0,0,0
997,997000,0.01359,-0.00873,0.01346,0.01832,-72.81177,-9.22442,81.92251,0.01631,-0.01047,0.01615,0.02199,-145.62353,-18.44884,163.84503,0,0,0,0
998,998000,0.00183,0.01258,0.00001,0.01442,-52.54407,-36.39632,89.32934,0.00219,0.01510,0.00001,0.01730,-105.08813,-72.79264,178.65867,0,0,0,0
999,999000,0.00551,0.00258,-0.00857,-0.00049,-28.09662,-60.14157,87.56182,0.00661,0.00309,-0.01029,-0.00058,-56.19325,-120.28313,175.12364,0,0,0,0
