0,0,-0.28288,-0.29001,0.57036,-0.00252,-0.32002,-77.47699,77.63031,-0.33945,-0.34801,0.68443,-0.00303,-0.64004,-154.95398,155.26062,0,0,0,1
1,1000,-0.12258,-0.41292,0.52661,-0.00889,27.89974,-87.52158,59.88805,-0.14709,-0.49551,0.63193,-0.01067,55.79949,-175.04315,119.77611,0,0,0,1
2,2000,0.04502,-0.52906,0.44539,-0.03865,52.57016,-89.57028,36.75944,0.05402,-0.63487,0.53446,-0.04638,105.14033,-179.14056,73.51888,0,0,0,1
3,3000,0.24254,-0.57655,0.33169,-0.00232,73.04434,-81.90953,9.10709,0.29105,-0.69186,0.39803,-0.00279,146.08868,-163.81906,18.21418,0,0,0,1
4,4000,0.37397,-0.54637,0.18795,0.01555,85.69289,-66.41060,-18.85727,0.44877,-0.65565,0.22554,0.01866,171.38579,-132.82119,-37.71455,0,0,0,1
5,5000,0.49812,-0.49753,0.01015,0.01073,89.70637,-44.77785,-45.26897,0.59774,-0.59704,0.01218,0.01288,179.41275,-89.55570,-90.53793,0,0,0,1
6,6000,0.55017,-0.37104,-0.17926,-0.00013,85.18273,-18.84022,-66.34101,0.66020,-0.44525,-0.21512,-0.00016,170.36547,-37.68044,-132.68201,0,0,0,1
7,7000,0.57200,-0.23537,-0.34137,-0.00474,72.56931,9.35663,-81.69805,0.68639,-0.28244,-0.40964,-0.00569,145.13862,18.71326,-163.39609,0,0,0,1
8,8000,0.51224,-0.04560,-0.46477,0.00187,52.60801,36.37562,-89.28345,0.61468,-0.05472,-0.55773,0.00224,105.21602,72.75123,-178.56691,0,0,0,1
9,9000,0.42048,0.12967,-0.52638,0.02377,27.37385,59.86472,-87.87800,0.50458,0.15560,-0.63166,0.02852,54.74770,119.72944,-175.75600,0,0,0,1
10,10000,0.29167,0.27804,-0.57319,-0.00348,0.24709,77.79394,-77.61999,0.35001,0.33364,-0.68783,-0.00418,0.49418,155.58787,-155.23997,0,0,0,1
11,11000,0.10394,0.43143,-0.53740,-0.00203,-27.58492,87.73989,-59.74836,0.12473,0.51771,-0.64487,-0.00243,-55.16984,175.47978,-119.49671,0,0,0,1
12,12000,-0.05284,0.52676,-0.47089,0.00303,-52.95814,88.95787,-36.33170,-0.06341,0.63211,-0.56506,0.00363,-105.91628,177.91573,-72.66340,0,0,0,1
13,13000,-0.23073,0.55496,-0.32352,0.00071,-72.66988,82.43385,-9.64537,-0.27688,0.66595,-0.38822,0.00085,-145.33976,164.86770,-19.29074,0,0,0,1
14,14000,-0.37415,0.54672,-0.16530,0.00727,-85.83419,67.12983,18.43711,-0.44898,0.65606,-0.19836,0.00872,-171.66838,134.25967,36.87421,0,0,0,1
15,15000,-0.49003,0.48018,0.00049,-0.00936,-89.99918,45.25092,44.52456,-0.58804,0.57621,0.00059,-0.01124,-179.99835,90.50184,89.04911,0,0,0,1
16,16000,-0.55174,0.37201,0.18282,0.00309,-85.32428,18.63723,67.02893,-0.66209,0.44642,0.21938,0.00371,-170.64855,37.27447,134.05787,0,0,0,1
17,17000,-0.56063,0.23551,0.34436,0.01924,-72.84663,-9.40480,82.34149,-0.67276,0.28261,0.41324,0.02309,-145.69326,-18.80960,164.68299,0,0,0,1
18,18000,-0.51692,0.04705,0.45358,-0.01629,-52.81527,-36.88741,89.71920,-0.62030,0.05646,0.54429,-0.01955,-105.63053,-73.77483,179.43840,0,0,0,1
19,19000,-0.41590,-0.10817,0.53183,0.00776,-27.70477,-60.10099,88.12339,-0.49908,-0.12980,0.63820,0.00931,-55.40954,-120.20198,176.24679,0,0,0,1
20,20000,-0.29663,-0.29174,0.56233,-0.02604,0.26977,-78.11260,77.99779,-0.35596,-0.35008,0.67480,-0.03124,0.53953,-156.22521,155.99558,0,0,0,1
21,21000,-0.12253,-0.42635,0.53845,-0.01043,27.34063,-87.65075,60.30144,-0.14704,-0.51162,0.64615,-0.01252,54.68127,-175.30150,120.60287,0,0,0,1
22,22000,0.05825,-0.52515,0.45285,-0.01405,52.74286,-89.76748,36.42522,0.06990,-0.63018,0.54342,-0.01686,105.48571,-179.53497,72.85045,0,0,0,1
23,23000,0.23348,-0.56491,0.33929,0.00786,72.76594,-81.90048,9.69438,0.28017,-0.67789,0.40715,0.00943,145.53188,-163.80095,19.38875,0,0,0,1
24,24000,0.37163,-0.55925,0.18229,-0.00534,85.31352,-67.13634,-18.64496,0.44595,-0.67110,0.21874,-0.00641,170.62704,-134.27267,-37.28993,0,0,0,1
25,25000,0.48456,-0.47843,-0.01353,-0.00740,89.52230,-44.60209,-44.72994,0.58147,-0.57411,-0.01624,-0.00888,179.04461,-89.20418,-89.45988,0,0,0,1
26,26000,0.55696,-0.37458,-0.16391,0.01847,85.48249,-18.81518,-66.47256,0.66835,-0.44950,-0.19669,0.02216,170.96498,-37.63037,-132.94513,0,0,0,1
27,27000,0.55029,-0.22302,-0.33751,-0.01024,72.41518,9.03723,-81.74005,0.66035,-0.26762,-0.40502,-0.01229,144.83037,18.07446,-163.48011,0,0,0,1
28,28000,0.52039,-0.05675,-0.45728,0.00636,53.12341,36.70952,-89.75784,0.62447,-0.06810,-0.54874,0.00763,106.24682,73.41904,-179.51569,0,0,0,1
29,29000,0.41238,0.13146,-0.53228,0.01156,28.12443,60.13187,-87.55720,0.49485,0.15775,-0.63873,0.01387,56.24886,120.26373,-175.11441,0,0,0,1
30,30000,0.27350,0.28326,-0.55676,-0.00000,0.30231,78.20501,-77.48930,0.32820,0.33991,-0.66812,-0.00000,0.60462,156.41001,-154.97860,0,0,0,1
31,31000,0.10524,0.42429,-0.53654,-0.00701,-27.36968,88.22958,-60.39491,0.12628,0.50915,-0.64385,-0.00841,-54.73936,176.45917,-120.78981,0,0,0,1
32,32000,-0.05211,0.50698,-0.44452,0.01035,-53.20847,89.30855,-36.23362,-0.06253,0.60837,-0.53342,0.01242,-106.41694,178.61710,-72.46723,0,0,0,1
33,33000,-0.22556,0.55282,-0.33573,-0.00847,-72.57757,82.00663,-9.63605,-0.27067,0.66338,-0.40288,-0.01017,-145.15514,164.01326,-19.27210,0,0,0,1
34,34000,-0.37564,0.55471,-0.18038,-0.00131,-85.06631,66.55939,18.70449,-0.45076,0.66565,-0.21646,-0.00157,-170.13263,133.11879,37.40898,0,0,0,1
35,35000,-0.50216,0.48992,-0.01189,-0.02413,-89.47764,44.84663,44.47422,-0.60260,0.58790,-0.01426,-0.02896,-178.95527,89.69326,88.94843,0,0,0,1
36,36000,-0.56075,0.37345,0.17711,-0.01019,-85.38349,18.91855,66.65334,-0.67290,0.44814,0.21253,-0.01222,-170.76698,37.83711,133.30668,0,0,0,1
37,37000,-0.56485,0.21774,0.33864,-0.00846,-72.42953,-9.12892,82.41635,-0.67782,0.26129,0.40637,-0.01015,-144.85905,-18.25785,164.83270,0,0,0,1
38,38000,-0.51630,0.05453,0.46226,0.00049,-53.19872,-36.43239,89.38129,-0.61956,0.06544,0.55472,0.00059,-106.39744,-72.86477,178.76259,0,0,0,1
39,39000,-0.42603,-0.13144,0.54629,-0.01117,-27.74506,-59.65706,88.02929,-0.51124,-0.15772,0.65555,-0.01341,-55.49011,-119.31412,176.05859,0,0,0,1
40,40000,-0.27352,-0.29073,0.56888,0.00463,0.27690,-77.95623,77.51403,-0.32822,-0.34887,0.68265,0.00556,0.55381,-155.91246,155.02805,0,0,0,1
41,41000,-0.10752,-0.41805,0.54481,0.01924,28.15312,-88.03237,60.23151,-0.12902,-0.50166,0.65377,0.02309,56.30624,-176.06473,120.46303,0,0,0,1
42,42000,0.05243,-0.50483,0.46901,0.01660,52.90266,-89.43211,36.39988,0.06291,-0.60580,0.56281,0.01992,105.80532,-178.86422,72.79976,0,0,0,1
43,43000,0.23961,-0.55792,0.34484,0.02653,72.62303,-82.23533,9.23030,0.28753,-0.66950,0.41380,0.03183,145.24605,-164.47067,18.46060,0,0,0,1
44,44000,0.38998,-0.54805,0.17617,0.01811,85.29707,-66.52744,-18.39221,0.46798,-0.65765,0.21141,0.02173,170.59414,-133.05488,-36.78441,0,0,0,1
45,45000,0.48677,-0.47818,0.00881,0.01740,89.67557,-45.26596,-45.30482,0.58412,-0.57382,0.01057,0.02088,179.35114,-90.53192,-90.60964,0,0,0,1
46,46000,0.55524,-0.39043,-0.16171,0.00310,85.30353,-18.49376,-66.67184,0.66629,-0.46852,-0.19405,0.00372,170.60705,-36.98752,-133.34369,0,0,0,1
47,47000,0.57465,-0.23472,-0.34034,-0.00041,72.45120,9.50800,-81.76601,0.68958,-0.28166,-0.40841,-0.00049,144.90241,19.01601,-163.53202,0,0,0,1
48,48000,0.52297,-0.05283,-0.46946,0.00068,53.04768,36.34147,-89.49613,0.62756,-0.06340,-0.56335,0.00081,106.09536,72.68293,-178.99225,0,0,0,1
49,49000,0.41319,0.10432,-0.54123,-0.02371,27.35484,59.84722,-87.72504,0.49583,0.12519,-0.64948,-0.02846,54.70969,119.69445,-175.45007,0,0,0,1
50,50000,0.27723,0.28873,-0.56087,0.00509,-0.16996,78.10012,-77.53178,0.33268,0.34647,-0.67304,0.00611,-0.33992,156.20024,-155.06357,0,0,0,1
51,51000,0.12572,0.43203,-0.54103,0.01672,-27.85289,87.73148,-59.70763,0.15086,0.51844,-0.64923,0.02007,-55.70577,175.46296,-119.41527,0,0,0,1
52,52000,-0.05581,0.50630,-0.44589,0.00460,-53.08042,89.58063,-36.68193,-0.06697,0.60756,-0.53507,0.00553,-106.16083,179.16125,-73.36386,0,0,0,1
53,53000,-0.23758,0.56703,-0.33361,-0.00417,-72.78345,81.80450,-9.30195,-0.28510,0.68043,-0.40034,-0.00500,-145.56690,163.60900,-18.60389,0,0,0,1
54,54000,-0.37540,0.54697,-0.16427,0.00731,-85.85507,67.16130,18.82143,-0.45048,0.65637,-0.19712,0.00877,-171.71013,134.32260,37.64286,0,0,0,1
55,55000,-0.49989,0.50369,0.00136,0.00515,-89.91753,44.73756,44.96304,-0.59987,0.60442,0.00163,0.00619,-179.83507,89.47512,89.92608,0,0,0,1
56,56000,-0.56374,0.38491,0.17422,-0.00461,-85.45206,18.71142,66.96733,-0.67649,0.46189,0.20906,-0.00553,-170.90411,37.42283,133.93467,0,0,0,1
57,57000,-0.55301,0.24237,0.33099,0.02035,-72.46145,-9.37318,81.99989,-0.66361,0.29085,0.39719,0.02442,-144.92291,-18.74635,163.99978,0,0,0,1
58,58000,-0.51126,0.06875,0.46403,0.02152,-52.43126,-36.53386,89.17044,-0.61351,0.08250,0.55684,0.02583,-104.86252,-73.06772,178.34089,0,0,0,1
59,59000,-0.41848,-0.12628,0.54135,-0.00341,-27.99314,-60.33411,87.73148,-0.50218,-0.15153,0.64962,-0.00409,-55.98628,-120.66823,175.46297,0,0,0,1
60,60000,-0.27960,-0.27838,0.55578,-0.00221,-0.41930,-77.52619,77.81920,-0.33552,-0.33406,0.66693,-0.00265,-0.83861,-155.05237,155.63840,0,0,0,1
61,61000,-0.10737,-0.41416,0.53429,0.01276,27.38669,-87.52913,59.88421,-0.12885,-0.49699,0.64114,0.01531,54.77337,-175.05825,119.76842,0,0,0,1
62,62000,0.06772,-0.50305,0.46474,0.02940,52.92352,-88.88026,36.71575,0.08126,-0.60366,0.55768,0.03528,105.84704,-177.76051,73.43150,0,0,0,1
63,63000,0.22086,-0.55723,0.32610,-0.01027,72.34185,-82.06123,9.19255,0.26503,-0.66868,0.39131,-0.01233,144.68369,-164.12246,18.38511,0,0,0,1
64,64000,0.36705,-0.54965,0.16686,-0.01573,85.20576,-67.02047,-18.61824,0.44046,-0.65958,0.20024,-0.01888,170.41152,-134.04094,-37.23648,0,0,0,1
65,65000,0.49400,-0.49785,-0.00826,-0.01210,89.74787,-45.19925,-45.14885,0.59280,-0.59741,-0.00991,-0.01452,179.49573,-90.39851,-90.29770,0,0,0,1
66,66000,0.54919,-0.38014,-0.17195,-0.00290,85.23572,-18.37401,-66.78431,0.65903,-0.45617,-0.20634,-0.00348,170.47144,-36.74803,-133.56862,0,0,0,1
67,67000,0.57245,-0.22780,-0.32042,0.02424,72.74944,9.58747,-82.37056,0.68694,-0.27336,-0.38450,0.02909,145.49888,19.17493,-164.74113,0,0,0,1
68,68000,0.50948,-0.05189,-0.47162,-0.01403,53.19150,36.52023,-89.19181,0.61137,-0.06227,-0.56594,-0.01683,106.38299,73.04045,-178.38363,0,0,0,1
69,69000,0.41474,0.12441,-0.53464,0.00451,27.45484,60.07781,-88.18143,0.49769,0.14929,-0.64157,0.00541,54.90968,120.15562,-176.36286,0,0,0,1
70,70000,0.27241,0.28009,-0.55615,-0.00365,0.14311,78.16930,-77.82136,0.32690,0.33610,-0.66738,-0.00438,0.28623,156.33861,-155.64272,0,0,0,1
71,71000,0.12472,0.41459,-0.53848,0.00083,-28.18087,87.81235,-60.38922,0.14966,0.49751,-0.64618,0.00100,-56.36174,175.62471,-120.77844,0,0,0,1
72,72000,-0.07158,0.50685,-0.45418,-0.01891,-52.84569,89.11769,-36.08474,-0.08590,0.60822,-0.54502,-0.02270,-105.69137,178.23537,-72.16948,0,0,0,1
73,73000,-0.23652,0.55471,-0.34316,-0.02497,-73.01479,82.32151,-9.41692,-0.28382,0.66565,-0.41179,-0.02996,-146.02957,164.64303,-18.83384,0,0,0,1
74,74000,-0.38572,0.55563,-0.18841,-0.01850,-85.80780,67.14378,18.89671,-0.46287,0.66676,-0.22609,-0.02220,-171.61561,134.28755,37.79342,0,0,0,1
75,75000,-0.49327,0.47943,-0.00231,-0.01615,-89.80064,45.14139,45.15743,-0.59193,0.57532,-0.00277,-0.01938,-179.60127,90.28277,90.31487,0,0,0,1
76,76000,-0.56272,0.38478,0.17998,0.00203,-85.52492,18.25673,66.81181,-0.67527,0.46174,0.21597,0.00244,-171.04983,36.51346,133.62361,0,0,0,1
77,77000,-0.57025,0.21708,0.34484,-0.00833,-72.56234,-9.45894,81.93112,-0.68430,0.26049,0.41381,-0.01000,-145.12467,-18.91788,163.86224,0,0,0,1
78,78000,-0.51790,0.05752,0.45553,-0.00485,-53.06177,-36.38719,89.01858,-0.62148,0.06903,0.54664,-0.00582,-106.12354,-72.77437,178.03716,0,0,0,1
79,79000,-0.40725,-0.12801,0.53096,-0.00430,-27.92710,-60.33107,88.04786,-0.48871,-0.15361,0.63716,-0.00516,-55.85420,-120.66214,176.09572,0,0,0,1
80,80000,-0.28197,-0.27515,0.56036,0.00324,0.09680,-77.62444,77.79732,-0.33836,-0.33018,0.67243,0.00389,0.19361,-155.24888,155.59463,0,0,0,1
81,81000,-0.10969,-0.42189,0.52843,-0.00315,27.61020,-88.13390,60.54164,-0.13163,-0.50627,0.63412,-0.00378,55.22040,-176.26781,121.08328,0,0,0,1
82,82000,0.04630,-0.52895,0.46122,-0.02143,52.92245,-89.08169,36.14415,0.05556,-0.63474,0.55347,-0.02572,105.84491,-178.16339,72.28831,0,0,0,1
83,83000,0.23501,-0.56108,0.32777,0.00170,72.94911,-81.75576,9.17981,0.28201,-0.67330,0.39333,0.00204,145.89823,-163.51152,18.35961,0,0,0,1
84,84000,0.39213,-0.56527,0.16812,-0.00502,85.31634,-67.06021,-18.95377,0.47056,-0.67832,0.20174,-0.00602,170.63269,-134.12043,-37.90753,0,0,0,1
85,85000,0.48621,-0.49296,0.00378,-0.00298,89.62156,-45.22426,-44.49036,0.58345,-0.59156,0.00453,-0.00358,179.24311,-90.44852,-88.98072,0,0,0,1
86,86000,0.55158,-0.37478,-0.18380,-0.00700,85.19154,-18.23221,-66.35222,0.66190,-0.44974,-0.22056,-0.00840,170.38308,-36.46443,-132.70444,0,0,0,1
87,87000,0.55518,-0.22060,-0.33520,-0.00063,72.35866,9.70434,-82.48191,0.66622,-0.26472,-0.40224,-0.00075,144.71732,19.40867,-164.96383,0,0,0,1
88,88000,0.52836,-0.05551,-0.45465,0.01820,52.47792,36.80974,-89.39772,0.63403,-0.06661,-0.54558,0.02183,104.95585,73.61948,-178.79543,0,0,0,1
89,89000,0.40869,0.12397,-0.52753,0.00513,27.73299,60.01572,-88.23064,0.49043,0.14877,-0.63304,0.00616,55.46598,120.03144,-176.46128,0,0,0,1
90,90000,0.28026,0.28663,-0.56787,-0.00097,0.44523,77.34124,-77.68825,0.33632,0.34396,-0.68144,-0.00116,0.89047,154.68249,-155.37651,0,0,0,1
91,91000,0.10795,0.41258,-0.54391,-0.02338,-27.43462,87.82938,-60.00442,0.12954,0.49509,-0.65269,-0.02806,-54.86925,175.65875,-120.00883,0,0,0,1
92,92000,-0.06829,0.52670,-0.44794,0.01048,-53.02114,88.88979,-36.57863,-0.08194,0.63205,-0.53753,0.01257,-106.04228,177.77957,-73.15725,0,0,0,1
93,93000,-0.21859,0.55616,-0.32503,0.01254,-72.95463,81.82528,-9.74749,-0.26231,0.66739,-0.39003,0.01505,-145.90926,163.65055,-19.49497,0,0,0,1
94,94000,-0.36632,0.56377,-0.18249,0.01495,-85.32397,66.31496,18.75170,-0.43959,0.67652,-0.21899,0.01794,-170.64794,132.62991,37.50340,0,0,0,1
95,95000,-0.48367,0.48729,0.01232,0.01594,-89.93274,45.04211,45.01989,-0.58040,0.58475,0.01478,0.01913,-179.86548,90.08422,90.03978,0,0,0,1
96,96000,-0.54330,0.37732,0.17524,0.00927,-85.02010,18.23641,66.48913,-0.65196,0.45279,0.21029,0.01112,-170.04019,36.47282,132.97827,0,0,0,1
97,97000,-0.55375,0.23193,0.31919,-0.00263,-72.41642,-9.56536,81.68558,-0.66450,0.27832,0.38303,-0.00316,-144.83283,-19.13073,163.37117,0,0,0,1
98,98000,-0.51578,0.05605,0.46897,0.00925,-53.18149,-36.33728,88.92501,-0.61893,0.06726,0.56277,0.01110,-106.36298,-72.67456,177.85001,0,0,0,1
99,99000,-0.43265,-0.10468,0.54096,0.00363,-27.71205,-59.74278,88.00236,-0.51918,-0.12561,0.64915,0.00435,-55.42409,-119.48557,176.00473,0,0,0,1
100,100000,-0.29300,-0.29352,0.57461,-0.01191,-0.15433,-77.52309,78.00813,-0.35161,-0.35222,0.68953,-0.01430,-0.30865,-155.04618,156.01626,0,0,0,1
101,101000,-0.11984,-0.43221,0.53324,-0.01882,27.63092,-88.01869,59.76821,-0.14381,-0.51865,0.63988,-0.02258,55.26184,-176.03739,119.53641,0,0,0,1
102,102000,0.06627,-0.50418,0.45744,0.01954,52.70474,-89.72305,36.70955,0.07953,-0.60501,0.54893,0.02345,105.40948,-179.44610,73.41910,0,0,0,1
103,103000,0.23802,-0.56945,0.32827,-0.00316,72.66686,-82.47616,9.11847,0.28562,-0.68333,0.39392,-0.00379,145.33372,-164.95233,18.23694,0,0,0,1
104,104000,0.37489,-0.55275,0.18144,0.00358,85.04641,-66.80966,-18.25909,0.44987,-0.66330,0.21772,0.00429,170.09282,-133.61932,-36.51818,0,0,0,1
105,105000,0.48550,-0.47799,0.00989,0.01740,89.89204,-45.03453,-44.61496,0.58260,-0.57359,0.01186,0.02088,179.78408,-90.06906,-89.22992,0,0,0,1
106,106000,0.55117,-0.37985,-0.17719,-0.00586,85.28581,-18.57383,-67.08213,0.66141,-0.45582,-0.21262,-0.00703,170.57162,-37.14765,-134.16425,0,0,0,1
107,107000,0.57151,-0.22036,-0.34004,0.01111,72.94657,9.12274,-82.24386,0.68582,-0.26443,-0.40805,0.01334,145.89313,18.24548,-164.48772,0,0,0,1
108,108000,0.52508,-0.06314,-0.45977,0.00217,53.01099,36.94246,-89.66375,0.63010,-0.07577,-0.55173,0.00260,106.02199,73.88491,-179.32750,0,0,0,1
109,109000,0.42162,0.11793,-0.53404,0.00551,27.84815,60.33085,-87.56168,0.50595,0.14152,-0.64085,0.00661,55.69631,120.66170,-175.12336,0,0,0,1
110,110000,0.27410,0.27007,-0.56413,-0.01995,-0.28746,77.87544,-77.39546,0.32892,0.32408,-0.67695,-0.02395,-0.57492,155.75089,-154.79092,0,0,0,1
111,111000,0.12486,0.42055,-0.53017,0.01523,-27.45129,87.86304,-60.15989,0.14983,0.50465,-0.63620,0.01828,-54.90258,175.72607,-120.31978,0,0,0,1
112,112000,-0.05365,0.51871,-0.47115,-0.00610,-52.60412,89.42279,-36.67619,-0.06438,0.62245,-0.56538,-0.00731,-105.20823,178.84559,-73.35238,0,0,0,1
113,113000,-0.22585,0.57232,-0.33931,0.00716,-72.38480,82.09110,-9.57979,-0.27102,0.68678,-0.40717,0.00859,-144.76960,164.18220,-19.15957,0,0,0,1
114,114000,-0.36564,0.55647,-0.17446,0.01637,-85.83845,67.09938,18.80167,-0.43876,0.66776,-0.20935,0.01965,-171.67690,134.19876,37.60333,0,0,0,1
115,115000,-0.49999,0.48095,-0.01077,-0.02981,-90.05728,45.34712,44.73886,-0.59999,0.57714,-0.01292,-0.03577,-180.11455,90.69424,89.47772,0,0,0,1
116,116000,-0.54881,0.38704,0.16916,0.00739,-85.49883,18.64792,66.80000,-0.65857,0.46444,0.20299,0.00886,-170.99765,37.29585,133.59999,0,0,0,1
117,117000,-0.57159,0.22487,0.33424,-0.01247,-72.59496,-9.50334,82.09690,-0.68590,0.26985,0.40109,-0.01497,-145.18992,-19.00668,164.19380,0,0,0,1
118,118000,-0.51708,0.04784,0.47000,0.00076,-52.61199,-36.93684,89.22713,-0.62050,0.05740,0.56400,0.00091,-105.22399,-73.87368,178.45427,0,0,0,1
119,119000,-0.41059,-0.12802,0.54440,0.00579,-27.79712,-59.95338,88.14625,-0.49271,-0.15362,0.65328,0.00695,-55.59424,-119.90676,176.29250,0,0,0,1
120,120000,-0.28950,-0.28995,0.57323,-0.00622,0.28138,-77.34879,77.67772,-0.34739,-0.34794,0.68788,-0.00746,0.56276,-154.69757,155.35543,0,0,0,1
121,121000,-0.12341,-0.42564,0.53753,-0.01152,27.69275,-87.96951,60.39231,-0.14809,-0.51077,0.64504,-0.01382,55.38550,-175.93903,120.78462,0,0,0,1
122,122000,0.04910,-0.50352,0.44679,-0.00763,52.43372,-89.51956,36.44355,0.05892,-0.60422,0.53615,-0.00915,104.86744,-179.03912,72.88709,0,0,0,1
123,123000,0.24144,-0.54858,0.33505,0.02792,72.37837,-81.93170,9.40515,0.28973,-0.65829,0.40206,0.03350,144.75673,-163.86341,18.81030,0,0,0,1
124,124000,0.36534,-0.55062,0.18692,0.00164,85.34153,-66.99380,-18.38392,0.43840,-0.66074,0.22430,0.00197,170.68306,-133.98761,-36.76784,0,0,0,1
125,125000,0.48719,-0.49853,0.00732,-0.00403,90.01450,-44.50558,-44.75952,0.58462,-0.59824,0.00878,-0.00483,180.02899,-89.01115,-89.51904,0,0,0,1
126,126000,0.55475,-0.36557,-0.18172,0.00746,85.13907,-18.73166,-66.87264,0.66570,-0.43869,-0.21806,0.00895,170.27814,-37.46332,-133.74529,0,0,0,1
127,127000,0.55733,-0.24028,-0.31891,-0.00186,73.08239,9.56088,-82.26207,0.66879,-0.28833,-0.38269,-0.00223,146.16479,19.12175,-164.52415,0,0,0,1
128,128000,0.52689,-0.07154,-0.45309,0.00225,52.42722,36.64019,-89.74508,0.63227,-0.08585,-0.54371,0.00271,104.85445,73.28037,-179.49016,0,0,0,1
129,129000,0.41551,0.12160,-0.52959,0.00752,27.71079,60.27906,-87.95708,0.49861,0.14591,-0.63550,0.00902,55.42158,120.55812,-175.91417,0,0,0,1
130,130000,0.28034,0.27121,-0.56736,-0.01582,0.15445,77.35383,-77.94634,0.33641,0.32545,-0.68084,-0.01898,0.30891,154.70765,-155.89269,0,0,0,1
131,131000,0.11390,0.43416,-0.54926,-0.00120,-28.13396,87.85567,-60.17829,0.13668,0.52100,-0.65911,-0.00144,-56.26791,175.71135,-120.35658,0,0,0,1
132,132000,-0.05586,0.50971,-0.46724,-0.01339,-52.45702,89.01541,-36.73288,-0.06703,0.61165,-0.56069,-0.01607,-104.91404,178.03081,-73.46577,0,0,0,1
133,133000,-0.23145,0.57223,-0.32214,0.01863,-72.65003,81.91295,-9.36946,-0.27774,0.68667,-0.38657,0.02236,-145.30006,163.82589,-18.73891,0,0,0,1
134,134000,-0.37372,0.54899,-0.16135,0.01393,-85.08848,66.62923,18.85642,-0.44846,0.65879,-0.19362,0.01671,-170.17696,133.25846,37.71284,0,0,0,1
135,135000,-0.50315,0.48121,0.00470,-0.01724,-89.95666,44.71594,45.27610,-0.60378,0.57745,0.00564,-0.02069,-179.91332,89.43187,90.55221,0,0,0,1
136,136000,-0.55019,0.38650,0.18357,0.01987,-85.59752,18.63001,66.76773,-0.66023,0.46380,0.22028,0.02385,-171.19504,37.26001,133.53546,0,0,0,1
137,137000,-0.57159,0.22955,0.33968,-0.00236,-73.10364,-9.61628,82.45077,-0.68591,0.27546,0.40761,-0.00284,-146.20728,-19.23256,164.90154,0,0,0,1
138,138000,-0.51822,0.06070,0.45941,0.00190,-52.70326,-36.56054,89.60416,-0.62186,0.07284,0.55130,0.00228,-105.40651,-73.12108,179.20831,0,0,0,1
139,139000,-0.41956,-0.11677,0.54125,0.00492,-28.12765,-60.37391,87.79189,-0.50347,-0.14012,0.64950,0.00591,-56.25529,-120.74782,175.58377,0,0,0,1
140,140000,-0.28955,-0.27350,0.56790,0.00486,0.25837,-77.63604,78.06542,-0.34746,-0.32820,0.68148,0.00583,0.51674,-155.27207,156.13084,0,0,0,1
141,141000,-0.11034,-0.42866,0.53009,-0.00891,27.45849,-87.58132,59.66516,-0.13241,-0.51439,0.63611,-0.01070,54.91698,-175.16264,119.33033,0,0,0,1
142,142000,0.05056,-0.51212,0.45722,-0.00434,53.07894,-89.24273,36.44921,0.06068,-0.61455,0.54867,-0.00520,106.15789,-178.48545,72.89843,0,0,0,1
143,143000,0.24401,-0.56392,0.32880,0.00889,72.96756,-81.65193,9.42873,0.29281,-0.67670,0.39456,0.01067,145.93513,-163.30386,18.85746,0,0,0,1
144,144000,0.36990,-0.55188,0.16592,-0.01606,85.80859,-66.82167,-18.53535,0.44388,-0.66226,0.19910,-0.01928,171.61719,-133.64335,-37.07069,0,0,0,1
145,145000,0.48341,-0.48279,0.01319,0.01381,89.84006,-44.93005,-44.74325,0.58010,-0.57935,0.01583,0.01658,179.68011,-89.86011,-89.48649,0,0,0,1
146,146000,0.54743,-0.38305,-0.17216,-0.00779,85.71958,-18.71145,-66.83795,0.65691,-0.45966,-0.20659,-0.00934,171.43917,-37.42290,-133.67590,0,0,0,1
147,147000,0.57460,-0.22656,-0.32793,0.02010,72.99370,9.53016,-82.07544,0.68951,-0.27187,-0.39352,0.02413,145.98741,19.06032,-164.15088,0,0,0,1
148,148000,0.52207,-0.07238,-0.46055,-0.01087,52.87569,36.59026,-89.55386,0.62648,-0.08686,-0.55266,-0.01304,105.75137,73.18053,-179.10771,0,0,0,1
149,149000,0.42650,0.12578,-0.53425,0.01803,28.05878,59.77254,-88.27313,0.51180,0.15094,-0.64109,0.02164,56.11755,119.54507,-176.54626,0,0,0,1
150,150000,0.27535,0.27204,-0.56267,-0.01528,-0.17097,77.77178,-77.96350,0.33042,0.32645,-0.67520,-0.01834,-0.34194,155.54357,-155.92701,0,0,0,1
151,151000,0.12034,0.41689,-0.52440,0.01283,-27.96156,88.29214,-60.48561,0.14441,0.50027,-0.62928,0.01540,-55.92313,176.58428,-120.97122,0,0,0,1
152,152000,-0.06214,0.52925,-0.44368,0.02343,-52.77812,89.10121,-36.88813,-0.07457,0.63510,-0.53241,0.02812,-105.55624,178.20243,-73.77625,0,0,0,1
153,153000,-0.21870,0.55839,-0.33771,0.00198,-72.63446,82.17317,-9.42413,-0.26244,0.67007,-0.40525,0.00238,-145.26891,164.34634,-18.84825,0,0,0,1
154,154000,-0.36608,0.55284,-0.16633,0.02043,-85.00444,66.91360,18.36885,-0.43929,0.66340,-0.19960,0.02451,-170.00888,133.82719,36.73770,0,0,0,1
155,155000,-0.48534,0.49482,-0.01220,-0.00272,-89.81651,44.94635,45.33224,-0.58241,0.59378,-0.01464,-0.00327,-179.63302,89.89270,90.66448,0,0,0,1
156,156000,-0.54577,0.36931,0.16570,-0.01076,-85.23897,18.98269,66.59533,-0.65492,0.44317,0.19884,-0.01291,-170.47793,37.96538,133.19067,0,0,0,1
157,157000,-0.57496,0.23083,0.34451,0.00039,-72.90873,-9.45014,81.73723,-0.68995,0.27700,0.41341,0.00047,-145.81746,-18.90028,163.47446,0,0,0,1
158,158000,-0.50809,0.07277,0.45289,0.01757,-52.54193,-36.48006,89.46096,-0.60970,0.08732,0.54346,0.02108,-105.08385,-72.96011,178.92191,0,0,0,1
159,159000,-0.41084,-0.11084,0.54296,0.02129,-27.88986,-60.41664,88.21572,-0.49300,-0.13300,0.65155,0.02555,-55.77973,-120.83327,176.43144,0,0,0,1
160,160000,-0.27852,-0.26900,0.55426,0.00674,0.03417,-77.45972,77.44052,-0.33423,-0.32280,0.66511,0.00809,0.06835,-154.91944,154.88104,0,0,0,1
161,161000,-0.11526,-0.43112,0.53885,-0.00754,28.12204,-87.94140,59.79603,-0.13832,-0.51735,0.64661,-0.00905,56.24409,-175.88280,119.59206,0,0,0,1
162,162000,0.05292,-0.51983,0.44431,-0.02260,52.93412,-89.10205,36.60355,0.06351,-0.62380,0.53317,-0.02712,105.86824,-178.20410,73.20711,0,0,0,1
163,163000,0.22791,-0.56825,0.33887,-0.00147,72.98651,-82.26533,8.95788,0.27349,-0.68190,0.40664,-0.00177,145.97302,-164.53065,17.91576,0,0,0,1
164,164000,0.37116,-0.56489,0.17921,-0.01452,85.72854,-66.97306,-18.89621,0.44539,-0.67786,0.21505,-0.01742,171.45707,-133.94613,-37.79242,0,0,0,1
165,165000,0.47750,-0.50218,-0.01248,-0.03716,89.87041,-44.81819,-45.24191,0.57300,-0.60261,-0.01498,-0.04459,179.74082,-89.63639,-90.48382,0,0,0,1
166,166000,0.53964,-0.36900,-0.18493,-0.01429,85.07969,-18.34762,-66.41342,0.64756,-0.44280,-0.22191,-0.01714,170.15939,-36.69525,-132.82685,0,0,0,1
167,167000,0.56574,-0.24073,-0.33009,-0.00508,72.27076,9.44552,-82.23799,0.67889,-0.28888,-0.39611,-0.00610,144.54152,18.89104,-164.47599,0,0,0,1
168,168000,0.52398,-0.06998,-0.45854,-0.00453,52.89748,36.44814,-89.11434,0.62878,-0.08397,-0.55025,-0.00544,105.79496,72.89628,-178.22868,0,0,0,1
169,169000,0.41214,0.10758,-0.52409,-0.00438,28.01627,59.96940,-88.18353,0.49456,0.12910,-0.62891,-0.00525,56.03253,119.93880,-176.36707,0,0,0,1
170,170000,0.27492,0.27995,-0.57949,-0.02462,0.26971,77.74536,-77.71481,0.32990,0.33594,-0.69538,-0.02954,0.53942,155.49072,-155.42963,0,0,0,1
171,171000,0.12049,0.42576,-0.54518,0.00107,-27.44253,87.99107,-60.03154,0.14459,0.51091,-0.65422,0.00129,-54.88506,175.98213,-120.06308,0,0,0,1
172,172000,-0.06451,0.52860,-0.47102,-0.00693,-53.07208,89.21063,-36.76349,-0.07741,0.63431,-0.56522,-0.00832,-106.14417,178.42125,-73.52699,0,0,0,1
173,173000,-0.23271,0.57087,-0.32556,0.01260,-72.37648,82.41284,-9.36016,-0.27925,0.68505,-0.39067,0.01513,-144.75295,164.82568,-18.72032,0,0,0,1
174,174000,-0.39181,0.56496,-0.16860,0.00454,-85.72320,67.05757,18.38279,-0.47018,0.67795,-0.20232,0.00545,-171.44641,134.11513,36.76559,0,0,0,1
175,175000,-0.47889,0.50045,0.00565,0.02721,-89.44534,45.07843,44.52575,-0.57467,0.60055,0.00678,0.03265,-178.89068,90.15685,89.05149,0,0,0,1
176,176000,-0.55777,0.38459,0.16402,-0.00917,-85.74383,18.99452,67.04427,-0.66933,0.46150,0.19682,-0.01100,-171.48765,37.98904,134.08854,0,0,0,1
177,177000,-0.57103,0.22945,0.33580,-0.00578,-72.28746,-9.12887,81.99009,-0.68524,0.27534,0.40296,-0.00694,-144.57491,-18.25773,163.98018,0,0,0,1
178,178000,-0.51589,0.04910,0.45971,-0.00707,-53.16748,-36.32856,89.55439,-0.61907,0.05893,0.55166,-0.00849,-106.33497,-72.65712,179.10878,0,0,0,1
179,179000,-0.41766,-0.13153,0.53595,-0.01324,-27.33400,-60.03242,88.24684,-0.50119,-0.15783,0.64314,-0.01588,-54.66801,-120.06483,176.49367,0,0,0,1
180,180000,-0.26872,-0.28379,0.57558,0.02308,-0.01199,-77.35165,77.34280,-0.32246,-0.34055,0.69070,0.02769,-0.02397,-154.70331,154.68559,0,0,0,1
181,181000,-0.12733,-0.41207,0.53860,-0.00080,27.35614,-87.53136,60.52846,-0.15280,-0.49448,0.64632,-0.00097,54.71228,-175.06271,121.05691,0,0,0,1
182,182000,0.06138,-0.50639,0.45658,0.01157,52.75579,-88.94821,36.84413,0.07366,-0.60767,0.54790,0.01388,105.51159,-177.89643,73.68826,0,0,0,1
183,183000,0.24095,-0.55767,0.32713,0.01040,72.61440,-82.12171,9.34639,0.28914,-0.66921,0.39255,0.01248,145.22881,-164.24343,18.69279,0,0,0,1
184,184000,0.37017,-0.54126,0.16669,-0.00440,85.83389,-66.35789,-18.33531,0.44421,-0.64951,0.20003,-0.00527,171.66778,-132.71579,-36.67061,0,0,0,1
185,185000,0.49815,-0.49055,-0.00346,0.00414,89.46714,-44.60202,-44.91093,0.59778,-0.58866,-0.00416,0.00496,178.93428,-89.20404,-89.82185,0,0,0,1
186,186000,0.54129,-0.38917,-0.16171,-0.00959,85.15037,-18.72409,-67.15067,0.64955,-0.46700,-0.19405,-0.01151,170.30073,-37.44818,-134.30135,0,0,0,1
187,187000,0.57068,-0.23520,-0.34050,-0.00503,72.50863,9.67234,-82.18838,0.68481,-0.28224,-0.40861,-0.00604,145.01726,19.34467,-164.37677,0,0,0,1
188,188000,0.52831,-0.05623,-0.44769,0.02439,52.53695,36.74460,-89.31489,0.63397,-0.06748,-0.53723,0.02926,105.07391,73.48920,-178.62977,0,0,0,1
189,189000,0.42412,0.12334,-0.54967,-0.00221,27.37266,60.30682,-87.65879,0.50894,0.14801,-0.65961,-0.00266,54.74533,120.61363,-175.31758,0,0,0,1
190,190000,0.28542,0.28451,-0.56587,0.00406,-0.24067,77.78562,-77.58927,0.34250,0.34141,-0.67904,0.00487,-0.48135,155.57124,-155.17854,0,0,0,1
191,191000,0.11341,0.43048,-0.54714,-0.00325,-28.20086,87.66667,-60.24014,0.13610,0.51658,-0.65657,-0.00390,-56.40171,175.33335,-120.48027,0,0,0,1
192,192000,-0.05318,0.51665,-0.44674,0.01674,-53.08289,89.48784,-36.40283,-0.06381,0.61998,-0.53609,0.02008,-106.16578,178.97567,-72.80567,0,0,0,1
193,193000,-0.23798,0.57551,-0.32605,0.01147,-72.35849,82.06025,-9.00262,-0.28557,0.69061,-0.39126,0.01377,-144.71698,164.12050,-18.00524,0,0,0,1
194,194000,-0.36850,0.55318,-0.16451,0.02017,-85.02267,66.98820,18.82107,-0.44220,0.66381,-0.19741,0.02420,-170.04535,133.97640,37.64214,0,0,0,1
195,195000,-0.48351,0.48596,-0.00298,-0.00053,-89.66989,45.16106,45.32281,-0.58021,0.58316,-0.00358,-0.00064,-179.33979,90.32212,90.64562,0,0,0,1
196,196000,-0.54582,0.37814,0.18432,0.01664,-85.00126,18.70332,66.83639,-0.65498,0.45377,0.22118,0.01997,-170.00253,37.40664,133.67278,0,0,0,1
197,197000,-0.56624,0.23477,0.33196,0.00049,-72.84332,-9.34160,82.45112,-0.67949,0.28173,0.39835,0.00058,-145.68665,-18.68320,164.90224,0,0,0,1
198,198000,-0.51061,0.07216,0.45237,0.01392,-53.18439,-36.33446,89.03239,-0.61274,0.08660,0.54285,0.01671,-106.36879,-72.66891,178.06478,0,0,0,1
199,199000,-0.41527,-0.12764,0.53906,-0.00385,-28.04848,-59.91976,88.15313,-0.49832,-0.15317,0.64687,-0.00462,-56.09697,-119.83952,176.30625,0,0,0,1
200,200000,-0.27440,-0.28118,0.55517,-0.00041,0.30385,-78.16887,77.70256,-0.32928,-0.33741,0.66620,-0.00050,0.60771,-156.33774,155.40511,0,0,0,1
201,201000,-0.10699,-0.41187,0.52392,0.00507,27.97626,-87.60852,59.93342,-0.12838,-0.49424,0.62871,0.00608,55.95251,-175.21705,119.86684,0,0,0,1
202,202000,0.06165,-0.51889,0.46699,0.00975,52.42380,-89.25832,36.61067,0.07398,-0.62267,0.56039,0.01170,104.84760,-178.51665,73.22134,0,0,0,1
203,203000,0.23417,-0.55848,0.34223,0.01792,72.63553,-81.81138,8.95451,0.28100,-0.67018,0.41067,0.02150,145.27106,-163.62276,17.90901,0,0,0,1
204,204000,0.38384,-0.54622,0.18169,0.01932,85.36264,-67.00575,-18.58302,0.46061,-0.65546,0.21803,0.02318,170.72528,-134.01150,-37.16605,0,0,0,1
205,205000,0.49820,-0.49890,-0.01070,-0.01140,90.02149,-44.45958,-44.96512,0.59784,-0.59868,-0.01284,-0.01367,180.04299,-88.91915,-89.93023,0,0,0,1
206,206000,0.55211,-0.36793,-0.17249,0.01169,85.56479,-18.91092,-67.08004,0.66254,-0.44152,-0.20699,0.01403,171.12957,-37.82184,-134.16008,0,0,0,1
207,207000,0.57602,-0.22325,-0.31975,0.03302,72.61452,9.11068,-82.39475,0.69122,-0.26789,-0.38370,0.03963,145.22905,18.22136,-164.78951,0,0,0,1
208,208000,0.50564,-0.07279,-0.45135,-0.01850,52.53928,36.16170,-89.76026,0.60677,-0.08735,-0.54162,-0.02220,105.07856,72.32341,-179.52052,0,0,0,1
209,209000,0.43291,0.12881,-0.54921,0.01251,27.79378,59.87768,-88.18459,0.51950,0.15457,-0.65905,0.01501,55.58756,119.75535,-176.36917,0,0,0,1
210,210000,0.29109,0.29327,-0.55192,0.03245,-0.08053,78.06735,-77.60860,0.34931,0.35193,-0.66230,0.03893,-0.16106,156.13470,-155.21720,0,0,0,1
211,211000,0.10788,0.43409,-0.54552,-0.00354,-28.05139,87.76735,-60.30202,0.12946,0.52091,-0.65462,-0.00425,-56.10278,175.53470,-120.60405,0,0,0,1
212,212000,-0.06535,0.52274,-0.46359,-0.00620,-52.54901,88.98715,-36.57222,-0.07842,0.62729,-0.55630,-0.00744,-105.09802,177.97430,-73.14445,0,0,0,1
213,213000,-0.21849,0.55555,-0.32559,0.01147,-72.37928,82.40938,-9.07379,-0.26219,0.66666,-0.39071,0.01376,-144.75856,164.81876,-18.14758,0,0,0,1
214,214000,-0.36747,0.54915,-0.18772,-0.00604,-85.61048,66.94217,18.44731,-0.44096,0.65898,-0.22526,-0.00724,-171.22095,133.88433,36.89462,0,0,0,1
215,215000,-0.49476,0.48504,-0.00333,-0.01305,-89.49105,44.60633,45.33349,-0.59372,0.58205,-0.00400,-0.01566,-178.98210,89.21266,90.66698,0,0,0,1
216,216000,-0.54206,0.39258,0.16756,0.01808,-85.11304,18.48664,66.63043,-0.65047,0.47110,0.20107,0.02170,-170.22608,36.97328,133.26087,0,0,0,1
217,217000,-0.57606,0.23591,0.31986,-0.02029,-72.67594,-9.51314,82.35143,-0.69127,0.28309,0.38384,-0.02434,-145.35188,-19.02628,164.70285,0,0,0,1
218,218000,-0.51512,0.05463,0.44824,-0.01225,-53.17092,-36.52607,89.65397,-0.61815,0.06555,0.53789,-0.01470,-106.34184,-73.05214,179.30794,0,0,0,1
219,219000,-0.41050,-0.12334,0.54800,0.01416,-27.85932,-59.80138,87.77106,-0.49260,-0.14801,0.65760,0.01699,-55.71863,-119.60276,175.54212,0,0,0,1
220,220000,-0.28112,-0.26953,0.57419,0.02355,-0.15193,-77.78386,77.67930,-0.33734,-0.32343,0.68903,0.02826,-0.30385,-155.56772,155.35860,0,0,0,1
221,221000,-0.12516,-0.43273,0.54035,-0.01754,27.75573,-87.50535,59.99794,-0.15019,-0.51928,0.64843,-0.02104,55.51145,-175.01071,119.99587,0,0,0,1
222,222000,0.06887,-0.51120,0.46037,0.01803,52.59940,-89.06610,36.28451,0.08264,-0.61344,0.55244,0.02164,105.19881,-178.13220,72.56902,0,0,0,1
223,223000,0.22749,-0.56160,0.34027,0.00616,72.81924,-82.29167,9.12003,0.27299,-0.67392,0.40832,0.00739,145.63849,-164.58333,18.24005,0,0,0,1
224,224000,0.38334,-0.56240,0.16897,-0.01009,85.39740,-66.78639,-18.34423,0.46001,-0.67488,0.20276,-0.01211,170.79480,-133.57278,-36.68846,0,0,0,1
225,225000,0.49194,-0.49134,0.01329,0.01389,90.16106,-45.22255,-44.99296,0.59032,-0.58960,0.01595,0.01667,180.32212,-90.44510,-89.98593,0,0,0,1
226,226000,0.56120,-0.38795,-0.16873,0.00453,85.24573,-18.60262,-67.05846,0.67344,-0.46553,-0.20247,0.00543,170.49146,-37.20525,-134.11692,0,0,0,1
227,227000,0.56935,-0.22351,-0.32415,0.02169,72.81635,9.73969,-81.85022,0.68322,-0.26821,-0.38898,0.02603,145.63269,19.47938,-163.70044,0,0,0,1
228,228000,0.50712,-0.05789,-0.44404,0.00519,52.95412,36.17012,-89.64294,0.60854,-0.06947,-0.53285,0.00623,105.90825,72.34023,-179.28587,0,0,0,1
229,229000,0.41505,0.12174,-0.54704,-0.01025,27.44144,59.71325,-87.97272,0.49807,0.14609,-0.65645,-0.01230,54.88287,119.42650,-175.94545,0,0,0,1
230,230000,0.28933,0.28194,-0.56455,0.00672,-0.44745,77.97133,-78.20131,0.34720,0.33833,-0.67747,0.00806,-0.89489,155.94266,-156.40262,0,0,0,1
231,231000,0.10587,0.43030,-0.55013,-0.01396,-27.82859,87.62189,-60.36531,0.12704,0.51636,-0.66016,-0.01675,-55.65718,175.24377,-120.73062,0,0,0,1
232,232000,-0.06547,0.50923,-0.46349,-0.01973,-52.87402,89.55490,-36.08918,-0.07856,0.61107,-0.55619,-0.02368,-105.74805,179.10980,-72.17837,0,0,0,1
233,233000,-0.22574,0.55490,-0.32539,0.00376,-72.47764,81.85979,-8.95400,-0.27089,0.66588,-0.39047,0.00451,-144.95527,163.71959,-17.90801,0,0,0,1
234,234000,-0.37286,0.56507,-0.17705,0.01517,-85.32820,66.30910,18.81319,-0.44743,0.67809,-0.21246,0.01820,-170.65639,132.61819,37.62639,0,0,0,1
235,235000,-0.49543,0.48388,0.00513,-0.00642,-90.01665,45.11545,45.17789,-0.59451,0.58066,0.00616,-0.00770,-180.03329,90.23091,90.35578,0,0,0,1
236,236000,-0.54877,0.38672,0.16090,-0.00115,-85.06554,18.54740,66.33534,-0.65852,0.46406,0.19308,-0.00138,-170.13107,37.09481,132.67069,0,0,0,1
237,237000,-0.55755,0.22359,0.34439,0.01043,-72.58003,-9.29883,82.20960,-0.66906,0.26831,0.41327,0.01252,-145.16005,-18.59766,164.41919,0,0,0,1
238,238000,-0.52766,0.05285,0.44959,-0.02521,-52.51016,-36.21195,89.44554,-0.63319,0.06342,0.53951,-0.03026,-105.02032,-72.42390,178.89108,0,0,0,1
239,239000,-0.41735,-0.12665,0.53616,-0.00783,-27.50160,-60.13496,87.76281,-0.50082,-0.15198,0.64340,-0.00940,-55.00319,-120.26992,175.52563,0,0,0,1
240,240000,-0.28162,-0.28170,0.57545,0.01213,0.08153,-77.70671,77.33987,-0.33794,-0.33804,0.69054,0.01456,0.16305,-155.41343,154.67974,0,0,0,1
241,241000,-0.11852,-0.41631,0.54260,0.00778,27.43843,-88.03922,60.04576,-0.14222,-0.49957,0.65112,0.00933,54.87686,-176.07843,120.09152,0,0,0,1
242,242000,0.04717,-0.51957,0.46504,-0.00737,52.60808,-88.93639,36.84449,0.05661,-0.62349,0.55804,-0.00884,105.21616,-177.87278,73.68899,0,0,0,1
243,243000,0.23108,-0.55087,0.33216,0.01237,72.24149,-82.37971,9.15562,0.27729,-0.66105,0.39860,0.01484,144.48298,-164.75943,18.31125,0,0,0,1
244,244000,0.38262,-0.55177,0.16184,-0.00731,85.38106,-66.56781,-18.89635,0.45915,-0.66213,0.19421,-0.00877,170.76212,-133.13563,-37.79269,0,0,0,1
245,245000,0.49966,-0.48988,-0.00524,0.00453,90.04110,-45.10334,-45.07675,0.59959,-0.58786,-0.00629,0.00544,180.08220,-90.20668,-90.15349,0,0,0,1
246,246000,0.56323,-0.37449,-0.18241,0.00632,85.36852,-19.06049,-66.39757,0.67588,-0.44939,-0.21890,0.00758,170.73704,-38.12097,-132.79514,0,0,0,1
247,247000,0.55396,-0.24169,-0.32042,-0.00814,72.47707,9.23851,-81.78272,0.66476,-0.29002,-0.38450,-0.00977,144.95413,18.47702,-163.56545,0,0,0,1
248,248000,0.50854,-0.05350,-0.44579,0.00925,52.47328,36.24015,-88.87931,0.61024,-0.06420,-0.53495,0.01110,104.94655,72.48029,-177.75862,0,0,0,1
249,249000,0.41744,0.10727,-0.54509,-0.02039,28.10924,59.77145,-88.00421,0.50093,0.12872,-0.65411,-0.02446,56.21848,119.54289,-176.00843,0,0,0,1
250,250000,0.27522,0.27544,-0.55551,-0.00484,-0.01016,77.74255,-77.75702,0.33026,0.33053,-0.66661,-0.00581,-0.02032,155.48510,-155.51404,0,0,0,1
251,251000,0.10506,0.41362,-0.54530,-0.02662,-27.80013,87.43705,-59.68437,0.12607,0.49634,-0.65436,-0.03194,-55.60027,174.87410,-119.36873,0,0,0,1
252,252000,-0.06713,0.52814,-0.44571,0.01530,-52.55436,89.44537,-36.95925,-0.08055,0.63376,-0.53485,0.01836,-105.10871,178.89074,-73.91851,0,0,0,1
253,253000,-0.24166,0.56108,-0.34128,-0.02186,-72.88138,81.89411,-9.67291,-0.28999,0.67329,-0.40954,-0.02624,-145.76275,163.78822,-19.34582,0,0,0,1
254,254000,-0.36770,0.55465,-0.18699,-0.00004,-85.45918,66.64831,18.54617,-0.44124,0.66558,-0.22439,-0.00005,-170.91836,133.29662,37.09233,0,0,0,1
255,255000,-0.48492,0.49309,-0.00386,0.00430,-90.08544,45.28536,44.64631,-0.58191,0.59170,-0.00464,0.00516,-180.17088,90.57071,89.29263,0,0,0,1
256,256000,-0.54456,0.38481,0.17810,0.01836,-85.11863,18.38487,66.66123,-0.65347,0.46178,0.21372,0.02203,-170.23726,36.76975,133.32245,0,0,0,1
257,257000,-0.56906,0.22601,0.32505,-0.01801,-72.77335,-9.15491,82.14096,-0.68287,0.27121,0.39006,-0.02161,-145.54669,-18.30983,164.28192,0,0,0,1
258,258000,-0.50511,0.05504,0.44468,-0.00539,-53.11125,-36.35430,89.06717,-0.60613,0.06604,0.53362,-0.00647,-106.22249,-72.70861,178.13434,0,0,0,1
259,259000,-0.41091,-0.12358,0.54130,0.00681,-27.77344,-59.82788,87.60144,-0.49310,-0.14830,0.64956,0.00817,-55.54689,-119.65575,175.20288,0,0,0,1
260,260000,-0.27257,-0.27931,0.55694,0.00506,0.44242,-77.51826,77.74176,-0.32708,-0.33518,0.66833,0.00607,0.88484,-155.03652,155.48351,0,0,0,1
261,261000,-0.11405,-0.41386,0.54561,0.01770,27.77045,-87.89638,60.00155,-0.13686,-0.49663,0.65473,0.02124,55.54089,-175.79275,120.00310,0,0,0,1
262,262000,0.05043,-0.50954,0.45708,-0.00203,52.41932,-89.13903,36.59518,0.06051,-0.61145,0.54850,-0.00243,104.83864,-178.27807,73.19035,0,0,0,1
263,263000,0.22100,-0.55055,0.33751,0.00796,72.99214,-82.22627,9.30586,0.26520,-0.66066,0.40502,0.00955,145.98427,-164.45254,18.61173,0,0,0,1
264,264000,0.37815,-0.54543,0.16700,-0.00028,85.79983,-66.69318,-18.25008,0.45377,-0.65451,0.20040,-0.00033,171.59965,-133.38635,-36.50016,0,0,0,1
265,265000,0.49792,-0.50013,-0.00403,-0.00623,89.45030,-44.54715,-44.93836,0.59751,-0.60015,-0.00483,-0.00748,178.90060,-89.09430,-89.87673,0,0,0,1
266,266000,0.54369,-0.37945,-0.17211,-0.00787,84.99672,-18.22820,-66.80523,0.65243,-0.45534,-0.20653,-0.00944,169.99345,-36.45640,-133.61046,0,0,0,1
267,267000,0.57335,-0.23601,-0.33385,0.00349,72.24940,9.08073,-82.25993,0.68802,-0.28322,-0.40062,0.00418,144.49880,18.16146,-164.51986,0,0,0,1
268,268000,0.51666,-0.06242,-0.46454,-0.01030,52.47154,36.70178,-89.20511,0.61999,-0.07490,-0.55745,-0.01236,104.94308,73.40355,-178.41022,0,0,0,1
269,269000,0.43220,0.11099,-0.52451,0.01868,27.62778,59.99102,-87.44760,0.51864,0.13319,-0.62941,0.02242,55.25556,119.98203,-174.89519,0,0,0,1
270,270000,0.28053,0.27128,-0.57389,-0.02209,0.05537,77.84814,-77.83336,0.33663,0.32554,-0.68867,-0.02651,0.11073,155.69629,-155.66673,0,0,0,1
271,271000,0.11447,0.41355,-0.54034,-0.01232,-27.82347,87.81161,-60.24823,0.13736,0.49626,-0.64841,-0.01479,-55.64695,175.62321,-120.49647,0,0,0,1
272,272000,-0.04728,0.50689,-0.45182,0.00778,-52.86467,89.40573,-36.36585,-0.05674,0.60826,-0.54218,0.00934,-105.72935,178.81145,-72.73169,0,0,0,1
273,273000,-0.24114,0.57188,-0.34453,-0.01379,-72.54833,82.38892,-9.81076,-0.28937,0.68626,-0.41344,-0.01655,-145.09666,164.77784,-19.62152,0,0,0,1
274,274000,-0.38894,0.55160,-0.16249,0.00017,-85.86014,66.59704,18.67063,-0.46673,0.66192,-0.19498,0.00020,-171.72028,133.19408,37.34126,0,0,0,1
275,275000,-0.50346,0.49038,0.01154,-0.00154,-90.05899,45.24005,44.47297,-0.60416,0.58846,0.01385,-0.00185,-180.11798,90.48010,88.94595,0,0,0,1
276,276000,-0.55076,0.37736,0.18330,0.00990,-85.32661,19.03668,66.77359,-0.66091,0.45283,0.21996,0.01188,-170.65322,38.07337,133.54719,0,0,0,1
277,277000,-0.56087,0.23145,0.33851,0.00909,-72.36666,-9.80399,82.18096,-0.67304,0.27774,0.40621,0.01091,-144.73332,-19.60798,164.36192,0,0,0,1
278,278000,-0.52035,0.06848,0.44529,-0.00658,-53.05330,-36.16942,89.58502,-0.62442,0.08218,0.53434,-0.00790,-106.10659,-72.33884,179.17004,0,0,0,1
279,279000,-0.41621,-0.13140,0.53813,-0.00948,-28.06761,-60.17633,87.64104,-0.49945,-0.15768,0.64576,-0.01138,-56.13522,-120.35266,175.28208,0,0,0,1
280,280000,-0.27332,-0.29640,0.56245,-0.00727,0.24534,-77.67594,77.56844,-0.32799,-0.35568,0.67494,-0.00872,0.49069,-155.35188,155.13687,0,0,0,1
281,281000,-0.12579,-0.42650,0.54370,-0.00859,27.88496,-88.18507,59.68975,-0.15095,-0.51180,0.65244,-0.01031,55.76992,-176.37014,119.37951,0,0,0,1
282,282000,0.05045,-0.52006,0.44651,-0.02310,52.91846,-89.45319,36.88575,0.06054,-0.62407,0.53581,-0.02772,105.83692,-178.90637,73.77150,0,0,0,1
283,283000,0.22381,-0.56928,0.33937,-0.00610,72.67974,-81.99673,9.61133,0.26858,-0.68314,0.40725,-0.00732,145.35948,-163.99345,19.22265,0,0,0,1
284,284000,0.36736,-0.54194,0.16525,-0.00933,85.67403,-66.49897,-18.99449,0.44084,-0.65033,0.19830,-0.01119,171.34806,-132.99794,-37.98897,0,0,0,1
285,285000,0.50149,-0.47855,0.00446,0.02740,89.53735,-44.79532,-45.20266,0.60179,-0.57426,0.00535,0.03288,179.07470,-89.59064,-90.40532,0,0,0,1
286,286000,0.56230,-0.38311,-0.16877,0.01042,85.17944,-18.81523,-66.69630,0.67476,-0.45974,-0.20252,0.01251,170.35888,-37.63046,-133.39259,0,0,0,1
287,287000,0.57483,-0.22055,-0.34206,0.01222,72.65619,9.30846,-82.26156,0.68979,-0.26466,-0.41048,0.01466,145.31238,18.61693,-164.52313,0,0,0,1
288,288000,0.52260,-0.06870,-0.45799,-0.00409,53.23970,36.30255,-89.53157,0.62713,-0.08244,-0.54959,-0.00490,106.47940,72.60509,-179.06315,0,0,0,1
289,289000,0.41188,0.10908,-0.53362,-0.01266,27.45164,60.41068,-87.55986,0.49426,0.13089,-0.64034,-0.01519,54.90328,120.82136,-175.11972,0,0,0,1
290,290000,0.29138,0.29516,-0.56375,0.02279,0.16205,77.51183,-77.59304,0.34966,0.35419,-0.67650,0.02734,0.32411,155.02367,-155.18608,0,0,0,1
291,291000,0.10744,0.43294,-0.54823,-0.00784,-27.56761,87.47605,-59.96723,0.12893,0.51953,-0.65787,-0.00941,-55.13521,174.95209,-119.93446,0,0,0,1
292,292000,-0.06410,0.53048,-0.44943,0.01695,-52.87858,89.42919,-36.45527,-0.07692,0.63657,-0.53932,0.02033,-105.75716,178.85838,-72.91053,0,0,0,1
293,293000,-0.23934,0.56410,-0.34610,-0.02134,-72.88275,81.97364,-9.13863,-0.28721,0.67692,-0.41532,-0.02561,-145.76551,163.94727,-18.27727,0,0,0,1
294,294000,-0.37039,0.55517,-0.18303,0.00175,-85.31636,66.76319,19.07625,-0.44447,0.66621,-0.21964,0.00210,-170.63271,133.52638,38.15250,0,0,0,1
295,295000,-0.47637,0.48479,-0.00079,0.00763,-90.02729,44.90492,44.48575,-0.57164,0.58175,-0.00095,0.00915,-180.05458,89.80985,88.97150,0,0,0,1
296,296000,-0.54611,0.38012,0.18739,0.02140,-85.72520,19.07790,66.32512,-0.65533,0.45614,0.22487,0.02568,-171.45040,38.15580,132.65025,0,0,0,1
297,297000,-0.56501,0.23382,0.33822,0.00703,-72.66133,-9.16420,81.81374,-0.67801,0.28059,0.40586,0.00844,-145.32266,-18.32841,163.62749,0,0,0,1
298,298000,-0.51179,0.06395,0.45803,0.01018,-52.64679,-36.61237,89.61960,-0.61415,0.07674,0.54963,0.01222,-105.29358,-73.22473,179.23920,0,0,0,1
299,299000,-0.43278,-0.11429,0.54202,-0.00505,-27.40859,-59.78228,88.14352,-0.51933,-0.13715,0.65043,-0.00606,-54.81718,-119.56456,176.28703,0,0,0,1
300,300000,-1.26049,-0.27169,0.55958,-0.97260,-0.08659,-77.33470,77.33867,-1.51259,-0.32602,0.67150,-1.16712,-0.17319,-154.66939,154.67733,0,0,0,1
301,301000,-0.53483,-0.42387,0.54525,-0.41345,4.13039,-87.60648,59.65882,-0.64179,-0.50865,0.65430,-0.49614,8.26077,-175.21295,119.31765,0,0,0,1
302,302000,0.25777,-0.50859,0.44620,0.19539,8.08182,-89.57973,36.95150,0.30933,-0.61030,0.53544,0.23446,16.16363,-179.15946,73.90300,0,0,0,1
303,303000,1.02922,-0.55101,0.32555,0.80376,10.75435,-82.15511,9.19342,1.23506,-0.66121,0.39066,0.96451,21.50870,-164.31021,18.38684,1,0,0,1
304,304000,1.71639,-0.55200,0.17642,1.34081,13.26003,-66.89154,-18.24115,2.05966,-0.66240,0.21170,1.60897,26.52007,-133.78309,-36.48230,1,0,0,1
305,305000,2.20291,-0.50395,-0.00490,1.69406,13.64519,-44.89932,-44.59329,2.64350,-0.60474,-0.00588,2.03287,27.29038,-89.79864,-89.18659,1,0,0,1
306,306000,2.50063,-0.36745,-0.18239,1.95080,12.85955,-19.06300,-67.03047,3.00075,-0.44094,-0.21886,2.34096,25.71910,-38.12601,-134.06095,1,0,0,1
307,307000,2.52565,-0.22834,-0.32241,1.97490,10.51028,9.72766,-81.89809,3.03078,-0.27401,-0.38689,2.36988,21.02055,19.45532,-163.79618,1,0,0,1
308,308000,2.33812,-0.04636,-0.44853,1.84323,7.68819,36.30905,-89.39328,2.80574,-0.05563,-0.53823,2.21188,15.37638,72.61810,-178.78656,1,0,0,1
309,309000,1.89981,0.10559,-0.54430,1.46110,3.94035,60.43738,-88.07218,2.27977,0.12671,-0.65316,1.75333,7.88070,120.87476,-176.14436,1,0,0,1
310,310000,1.26516,0.28444,-0.56521,0.98439,-0.32033,77.54209,-77.81306,1.51819,0.34133,-0.67826,1.18127,-0.64066,155.08418,-155.62613,1,0,0,1
311,311000,0.51786,0.42304,-0.52386,0.41704,-3.87786,87.49221,-60.32902,0.62143,0.50765,-0.62863,0.50044,-7.75571,174.98442,-120.65805,1,0,0,1
312,312000,-0.27284,0.52386,-0.45293,-0.20190,-7.84882,89.65526,-36.11724,-0.32740,0.62863,-0.54351,-0.24228,-15.69764,179.31052,-72.23448,1,0,0,1
313,313000,-1.03250,0.55153,-0.32725,-0.80822,-10.94025,81.79028,-9.27130,-1.23900,0.66184,-0.39270,-0.96987,-21.88049,163.58056,-18.54261,1,0,0,1
314,314000,-1.70343,0.54963,-0.16497,-1.31877,-12.75121,67.01083,18.93696,-2.04412,0.65956,-0.19796,-1.58252,-25.50242,134.02167,37.87393,1,0,0,1
315,315000,-2.19342,0.48489,-0.00562,-1.71415,-13.43809,45.21086,44.94147,-2.63211,0.58187,-0.00675,-2.05699,-26.87617,90.42172,89.88295,1,0,0,1
316,316000,-2.49647,0.37231,0.18839,-1.93576,-12.58279,19.06759,67.07249,-2.99576,0.44678,0.22607,-2.32291,-25.16558,38.13519,134.14499,1,0,0,1
317,317000,-2.52908,0.23292,0.34659,-1.94957,-10.85056,-9.17125,82.38961,-3.03490,0.27951,0.41590,-2.33949,-21.70112,-18.34249,164.77923,1,0,0,1
318,318000,-2.33127,0.05590,0.46388,-1.81149,-8.08044,-36.61095,89.18694,-2.79752,0.06709,0.55665,-2.17379,-16.16088,-73.22191,178.37388,1,0,0,1
319,319000,-1.89711,-0.12704,0.52769,-1.49646,-4.32949,-59.97077,88.24754,-2.27653,-0.15245,0.63323,-1.79575,-8.65898,-119.94154,176.49507,1,0,0,1
320,320000,-1.27919,-0.28650,0.56513,-1.00056,-0.00651,-77.34998,78.15955,-1.53502,-0.34380,0.67816,-1.20067,-0.01303,-154.69995,156.31910,1,0,0,1
321,321000,-0.52619,-0.43357,0.52527,-0.43448,3.87360,-87.69094,60.04073,-0.63143,-0.52028,0.63033,-0.52138,7.74719,-175.38187,120.08146,1,0,0,1
322,322000,0.25540,-0.51029,0.45857,0.20368,7.49254,-89.44386,36.96996,0.30648,-0.61234,0.55028,0.24442,14.98507,-178.88771,73.93992,1,0,0,1
323,323000,1.03716,-0.54867,0.32940,0.81789,11.25606,-82.21303,9.42929,1.24459,-0.65841,0.39528,0.98146,22.51213,-164.42605,18.85857,1,0,0,1
324,324000,1.70630,-0.54912,0.17843,1.33562,13.15347,-66.41351,-18.77341,2.04756,-0.65894,0.21412,1.60274,26.30694,-132.82702,-37.54682,1,0,0,1
325,325000,2.19176,-0.48735,-0.01227,1.69214,13.53219,-44.67029,-44.56625,2.63011,-0.58482,-0.01473,2.03057,27.06438,-89.34057,-89.13250,1,0,0,1
326,326000,2.49617,-0.38009,-0.16956,1.94651,13.00933,-18.61345,-66.43830,2.99540,-0.45611,-0.20348,2.33581,26.01866,-37.22691,-132.87660,1,0,0,1
327,327000,2.54419,-0.22154,-0.34340,1.97925,11.09457,9.51506,-82.24014,3.05303,-0.26585,-0.41208,2.37510,22.18914,19.03012,-164.48028,1,0,0,1
328,328000,2.32075,-0.06669,-0.45352,1.80054,7.49065,36.33358,-89.76652,2.78490,-0.08003,-0.54422,2.16065,14.98130,72.66716,-179.53304,1,0,0,1
329,329000,1.88299,0.12033,-0.52767,1.47565,3.93741,60.34940,-88.04015,2.25959,0.14440,-0.63321,1.77078,7.87482,120.69880,-176.08031,1,0,0,1
330,330000,1.27367,0.28623,-0.55509,1.00482,-0.10980,77.75944,-77.36644,1.52841,0.34348,-0.66611,1.20578,-0.21960,155.51887,-154.73289,1,0,0,1
331,331000,0.53538,0.42589,-0.54666,0.41460,-3.72754,87.74368,-59.84381,0.64245,0.51106,-0.65600,0.49752,-7.45508,175.48737,-119.68761,1,0,0,1
332,332000,-0.27902,0.51449,-0.45504,-0.21957,-7.97861,88.88831,-36.09605,-0.33482,0.61739,-0.54605,-0.26348,-15.95722,177.77662,-72.19210,1,0,0,1
333,333000,-1.03624,0.56612,-0.31896,-0.78908,-10.55319,82.39297,-8.95327,-1.24348,0.67934,-0.38275,-0.94690,-21.10638,164.78594,-17.90654,1,0,1,1
334,334000,-1.70640,0.56569,-0.17488,-1.31559,-13.22222,66.44916,18.45802,-2.04768,0.67882,-0.20986,-1.57871,-26.44445,132.89832,36.91605,1,0,1,1
335,335000,-2.20330,0.48083,0.00168,-1.72080,-13.47375,44.94505,44.89113,-2.64396,0.57699,0.00201,-2.06496,-26.94749,89.89010,89.78226,1,0,1,1
336,336000,-2.50111,0.37129,0.18409,-1.94573,-13.09093,18.98828,66.98673,-3.00133,0.44554,0.22090,-2.33488,-26.18187,37.97656,133.97346,1,0,1,1
337,337000,-2.51784,0.23581,0.34643,-1.93559,-11.32226,-9.19986,82.48277,-3.02140,0.28298,0.41572,-2.32271,-22.64453,-18.39972,164.96554,1,0,1,1
338,338000,-2.32717,0.05065,0.45575,-1.82077,-7.97041,-36.18660,89.38153,-2.79260,0.06078,0.54690,-2.18492,-15.94082,-72.37320,178.76306,1,0,1,1
339,339000,-1.88756,-0.11178,0.54737,-1.45197,-4.48292,-59.93106,88.09867,-2.26508,-0.13413,0.65684,-1.74237,-8.96583,-119.86212,176.19734,1,0,1,1
340,340000,-1.26775,-0.28651,0.57976,-0.97450,-0.14921,-78.14976,77.41239,-1.52130,-0.34381,0.69571,-1.16941,-0.29841,-156.29952,154.82477,1,0,1,1
341,341000,-0.53181,-0.41388,0.55042,-0.39526,4.19525,-87.71168,59.73436,-0.63817,-0.49666,0.66051,-0.47432,8.39050,-175.42336,119.46872,1,0,1,1
342,342000,0.25755,-0.52851,0.45992,0.18896,7.95310,-89.61685,36.55590,0.30906,-0.63422,0.55191,0.22676,15.90620,-179.23371,73.11181,1,0,1,1
343,343000,1.02671,-0.55051,0.33584,0.81204,10.78616,-82.18794,9.35611,1.23206,-0.66062,0.40301,0.97445,21.57231,-164.37587,18.71222,1,0,1,1
344,344000,1.69268,-0.56255,0.17932,1.30945,12.92132,-67.14591,-18.44143,2.03122,-0.67506,0.21518,1.57134,25.84264,-134.29183,-36.88287,1,0,1,1
345,345000,2.21039,-0.49155,-0.00570,1.71314,13.79694,-44.65836,-44.46408,2.65247,-0.58986,-0.00684,2.05577,27.59388,-89.31673,-88.92817,1,0,1,1
346,346000,2.49498,-0.36987,-0.16089,1.96422,12.38891,-18.92131,-66.59111,2.99397,-0.44384,-0.19307,2.35707,24.77782,-37.84263,-133.18223,1,0,1,1
347,347000,2.54106,-0.23746,-0.33061,1.97299,10.95192,9.51658,-81.96338,3.04927,-0.28496,-0.39673,2.36758,21.90384,19.03316,-163.92675,1,0,1,1
348,348000,2.33140,-0.06523,-0.46012,1.80605,7.66006,36.17958,-89.71079,2.79769,-0.07828,-0.55214,2.16727,15.32013,72.35917,-179.42158,1,0,1,1
349,349000,1.90511,0.10348,-0.52452,1.48407,4.39538,59.66624,-87.60272,2.28613,0.12417,-0.62942,1.78088,8.79077,119.33249,-175.20544,1,0,1,1
350,350000,1.28116,0.27743,-0.57465,0.98394,0.26292,78.13785,-77.37803,1.53739,0.33291,-0.68958,1.18073,0.52584,156.27571,-154.75605,1,0,1,1
351,351000,0.53996,0.41775,-0.54428,0.41343,-3.86255,88.17958,-60.44324,0.64796,0.50130,-0.65314,0.49611,-7.72509,176.35915,-120.88649,1,0,1,1
352,352000,-0.26218,0.51718,-0.45495,-0.19996,-8.17759,89.21312,-36.20343,-0.31462,0.62061,-0.54594,-0.23995,-16.35518,178.42624,-72.40686,1,0,1,1
353,353000,-1.03138,0.57506,-0.34220,-0.79852,-10.89978,82.33202,-9.42223,-1.23765,0.69007,-0.41064,-0.95823,-21.79957,164.66404,-18.84446,1,0,1,1
354,354000,-1.71228,0.56692,-0.16723,-1.31259,-13.03154,66.53274,18.70900,-2.05474,0.68031,-0.20068,-1.57511,-26.06307,133.06549,37.41800,1,0,1,1
355,355000,-2.19319,0.47708,-0.00122,-1.71733,-13.84824,44.58003,44.82266,-2.63183,0.57250,-0.00147,-2.06080,-27.69648,89.16005,89.64531,1,0,1,1
356,356000,-2.48173,0.38194,0.18359,-1.91621,-12.85989,18.43060,66.99399,-2.97808,0.45832,0.22031,-2.29945,-25.71978,36.86121,133.98799,1,0,1,1
357,357000,-2.53311,0.22265,0.33038,-1.98008,-10.94295,-8.98898,82.14072,-3.03973,0.26719,0.39645,-2.37609,-21.88591,-17.97796,164.28144,1,0,1,1
358,358000,-2.33522,0.05290,0.46956,-1.81277,-8.11074,-36.64599,89.50168,-2.80227,0.06348,0.56347,-2.17532,-16.22148,-73.29198,179.00336,1,0,1,1
359,359000,-1.90139,-0.12219,0.54646,-1.47712,-3.84672,-59.86692,88.29059,-2.28167,-0.14663,0.65575,-1.77255,-7.69343,-119.73384,176.58118,1,0,1,1
360,360000,-1.27686,-0.28612,0.57781,-0.98517,-0.14146,-77.65930,77.63706,-1.53223,-0.34334,0.69337,-1.18220,-0.28292,-155.31860,155.27413,1,0,1,1
361,361000,-0.53805,-0.41640,0.54713,-0.40731,4.34143,-87.65586,59.87601,-0.64566,-0.49968,0.65656,-0.48878,8.68286,-175.31172,119.75201,1,0,1,1
362,362000,0.25885,-0.52887,0.46530,0.19527,7.75753,-89.76438,36.57375,0.31062,-0.63464,0.55835,0.23433,15.51506,-179.52875,73.14751,1,0,1,1
363,363000,1.04489,-0.55553,0.32021,0.80957,10.85159,-82.37592,9.43278,1.25386,-0.66664,0.38425,0.97148,21.70319,-164.75185,18.86557,1,0,1,1
364,364000,1.71703,-0.55897,0.17264,1.33070,12.50141,-67.01519,-18.62493,2.06043,-0.67076,0.20717,1.59683,25.00283,-134.03038,-37.24985,1,0,1,1
365,365000,2.21389,-0.49589,0.00939,1.72739,13.26303,-44.66409,-44.95103,2.65667,-0.59506,0.01127,2.07287,26.52607,-89.32819,-89.90207,1,0,1,1
366,366000,2.49893,-0.36806,-0.17145,1.95943,12.61670,-18.33785,-66.42273,2.99872,-0.44167,-0.20573,2.35131,25.23340,-36.67570,-132.84546,1,0,1,1
367,367000,2.51954,-0.21775,-0.32516,1.97663,10.73640,9.05351,-82.10091,3.02345,-0.26130,-0.39019,2.37196,21.47280,18.10703,-164.20182,1,0,1,1
368,368000,2.32765,-0.06160,-0.45527,1.81078,7.71605,36.57899,-89.71616,2.79318,-0.07392,-0.54632,2.17294,15.43209,73.15799,-179.43231,1,0,1,1
369,369000,1.88202,0.12894,-0.53748,1.47347,4.56484,59.79613,-87.69545,2.25842,0.15472,-0.64497,1.76817,9.12968,119.59227,-175.39090,1,0,1,1
370,370000,1.27467,0.29251,-0.57421,0.99298,-0.09064,77.51239,-78.09346,1.52961,0.35102,-0.68905,1.19157,-0.18127,155.02479,-156.18691,1,0,1,1
371,371000,0.51766,0.41805,-0.52638,0.40932,-4.37348,88.24135,-60.46384,0.62119,0.50166,-0.63166,0.49119,-8.74695,176.48270,-120.92767,1,0,1,1
372,372000,-0.27785,0.51246,-0.46882,-0.23421,-7.77871,89.54670,-36.93425,-0.33342,0.61495,-0.56259,-0.28105,-15.55741,179.09340,-73.86850,1,0,1,1
373,373000,-1.04670,0.57394,-0.33103,-0.80378,-11.30965,82.45647,-9.57273,-1.25604,0.68873,-0.39723,-0.96454,-22.61930,164.91293,-19.14547,1,0,1,1
374,374000,-1.70486,0.55926,-0.17981,-1.32542,-12.90028,66.47522,18.60014,-2.04584,0.67112,-0.21578,-1.59050,-25.80057,132.95045,37.20028,1,0,1,1
375,375000,-2.21670,0.48764,-0.01395,-1.74301,-13.25017,45.20633,45.16380,-2.66003,0.58516,-0.01674,-2.09161,-26.50033,90.41267,90.32760,1,0,1,1
376,376000,-2.49639,0.38709,0.18388,-1.92542,-13.09303,18.56052,66.34355,-2.99566,0.46450,0.22065,-2.31051,-26.18607,37.12104,132.68710,1,0,1,1
377,377000,-2.54513,0.22683,0.32381,-1.99449,-11.30112,-9.11333,82.48159,-3.05415,0.27219,0.38857,-2.39338,-22.60225,-18.22666,164.96318,1,0,1,1
378,378000,-2.32889,0.04657,0.46240,-1.81993,-7.77872,-36.12973,89.57717,-2.79467,0.05588,0.55488,-2.18391,-15.55744,-72.25946,179.15434,1,0,1,1
379,379000,-1.87937,-0.12833,0.53888,-1.46881,-4.11832,-59.94299,87.42928,-2.25524,-0.15399,0.64666,-1.76257,-8.23665,-119.88598,174.85856,1,0,1,1
380,380000,-1.26079,-0.27761,0.56644,-0.97196,0.43033,-77.71911,77.97000,-1.51295,-0.33313,0.67972,-1.16636,0.86066,-155.43823,155.94000,1,0,1,1
381,381000,-0.52028,-0.42786,0.54282,-0.40533,3.75185,-87.77711,60.22237,-0.62434,-0.51343,0.65138,-0.48639,7.50370,-175.55422,120.44475,1,0,1,1
382,382000,0.27333,-0.51351,0.46095,0.22077,8.02321,-89.26541,36.65687,0.32799,-0.61621,0.55313,0.26492,16.04642,-178.53082,73.31374,1,0,1,1
383,383000,1.03465,-0.56291,0.32361,0.79535,10.86645,-81.73484,9.63049,1.24158,-0.67549,0.38833,0.95442,21.73290,-163.46968,19.26097,1,0,1,1
384,384000,1.69411,-0.56601,0.16518,1.29328,13.02397,-66.40549,-18.41831,2.03293,-0.67921,0.19821,1.55193,26.04793,-132.81098,-36.83661,1,0,1,1
385,385000,2.20955,-0.48569,0.01076,1.73462,13.63266,-44.94296,-44.87520,2.65146,-0.58283,0.01292,2.08155,27.26532,-89.88592,-89.75040,1,0,1,1
386,386000,2.49027,-0.38753,-0.16695,1.93580,12.92062,-18.71183,-66.84004,2.98833,-0.46503,-0.20033,2.32296,25.84125,-37.42366,-133.68008,1,0,1,1
387,387000,2.53619,-0.24011,-0.33770,1.95838,11.06662,9.38048,-82.32707,3.04342,-0.28813,-0.40524,2.35005,22.13325,18.76096,-164.65413,1,0,1,1
388,388000,2.31151,-0.06129,-0.46700,1.78322,8.02678,36.48899,-89.23793,2.77381,-0.07354,-0.56040,2.13986,16.05356,72.97799,-178.47585,1,0,1,1
389,389000,1.88722,0.12980,-0.52434,1.49267,4.36359,59.72634,-87.66917,2.26466,0.15576,-0.62921,1.79120,8.72719,119.45269,-175.33835,1,0,1,1
390,390000,1.25879,0.29584,-0.56631,0.98832,0.17757,78.05083,-77.65009,1.51055,0.35501,-0.67957,1.18599,0.35515,156.10165,-155.30018,1,0,1,1
391,391000,0.53553,0.40850,-0.54353,0.40051,-4.34501,88.00024,-60.45188,0.64264,0.49020,-0.65223,0.48061,-8.69002,176.00048,-120.90376,1,0,1,1
392,392000,-0.27025,0.50382,-0.46478,-0.23122,-7.95009,89.09487,-36.55777,-0.32430,0.60458,-0.55774,-0.27746,-15.90018,178.18975,-73.11555,1,0,1,1
393,393000,0.01122,-0.00133,0.00861,0.01849,-72.65324,82.41098,-9.64102,0.01346,-0.00160,0.01033,0.02219,-145.30648,164.82195,-19.28204,0,0,1,0
394,394000,-0.01017,0.00423,0.00850,0.00255,-85.46443,66.63036,18.43300,-0.01221,0.00508,0.01019,0.00306,-170.92885,133.26072,36.86601,0,0,1,0
395,395000,-0.00937,0.00492,0.01097,0.00652,-90.25860,45.06692,44.69726,-0.01125,0.00591,0.01316,0.00782,-180.51720,90.13384,89.39453,0,0,1,0
396,396000,-0.01292,-0.00611,-0.01126,-0.03028,-85.69633,18.93972,66.65420,-0.01550,-0.00733,-0.01351,-0.03634,-171.39265,37.87944,133.30841,0,0,1,0
397,397000,-0.01192,0.01339,-0.01273,-0.01126,-72.43299,-9.79751,82.40944,-0.01430,0.01607,-0.01528,-0.01351,-144.86597,-19.59502,164.81888,0,0,1,0
398,398000,-0.01386,-0.01177,0.00959,-0.01604,-52.50590,-36.75346,89.47005,-0.01664,-0.01413,0.01151,-0.01925,-105.01179,-73.50691,178.94011,0,0,1,0
399,399000,0.01085,0.00526,-0.00458,0.01153,-27.82703,-60.20524,88.12955,0.01302,0.00632,-0.00550,0.01384,-55.65406,-120.41048,176.25909,0,0,1,0
400,400000,0.00269,-0.00621,0.01172,0.00821,-0.04665,-78.19716,78.13123,0.00323,-0.00745,0.01407,0.00985,-0.09330,-156.39432,156.26247,0,0,1,0
401,401000,0.01364,0.00936,0.00825,0.03125,28.11364,-87.94863,60.08729,0.01637,0.01124,0.00990,0.03750,56.22728,-175.89725,120.17458,0,0,1,0
402,402000,0.00006,0.00540,-0.00709,-0.00163,53.21827,-89.64131,36.87138,0.00007,0.00648,-0.00850,-0.00195,106.43654,-179.28262,73.74277,0,0,1,0
403,403000,-0.00201,-0.00440,0.01393,0.00751,72.82354,-81.66966,9.67519,-0.00242,-0.00529,0.01672,0.00902,145.64709,-163.33932,19.35038,0,0,1,0
404,404000,-0.00306,-0.00294,0.00194,-0.00406,85.37419,-67.04040,-18.39451,-0.00367,-0.00353,0.00233,-0.00487,170.74838,-134.08080,-36.78902,0,0,1,0
405,405000,-0.01008,0.00521,-0.00010,-0.00497,89.72837,-44.62145,-44.47077,-0.01209,0.00625,-0.00012,-0.00596,179.45674,-89.24291,-88.94154,0,0,1,0
406,406000,-0.01218,0.01290,-0.00923,-0.00850,85.43673,-18.28988,-66.62864,-0.01461,0.01548,-0.01107,-0.01020,170.87346,-36.57977,-133.25729,0,0,1,0
407,407000,-0.01269,-0.00486,-0.00774,-0.02529,72.38681,9.83604,-81.62250,-0.01523,-0.00583,-0.00928,-0.03035,144.77361,19.67208,-163.24499,0,0,1,0
408,408000,-0.00905,-0.01384,0.00903,-0.01386,52.87567,36.13271,-89.75070,-0.01085,-0.01661,0.01083,-0.01663,105.75133,72.26542,-179.50140,0,0,1,0
409,409000,-0.00616,-0.00049,0.01335,0.00671,27.41337,60.03262,-88.01430,-0.00739,-0.00059,0.01602,0.00805,54.82675,120.06525,-176.02860,0,0,1,0
410,410000,-0.01286,-0.00978,0.01343,-0.00920,-0.23337,77.83279,-78.08509,-0.01543,-0.01173,0.01612,-0.01104,-0.46675,155.66557,-156.17017,0,0,1,0
411,411000,0.00622,0.00300,0.01233,0.02155,-27.96549,87.77248,-60.46522,0.00746,0.00360,0.01480,0.02586,-55.93099,175.54497,-120.93043,0,0,1,0
412,412000,0.00185,0.00766,0.00647,0.01597,-52.55802,88.95076,-36.19278,0.00222,0.00919,0.00776,0.01917,-105.11605,177.90152,-72.38556,0,0,1,0
413,413000,-0.01009,0.00645,0.00024,-0.00340,-72.72410,81.61857,-9.56424,-0.01210,0.00774,0.00028,-0.00408,-145.44821,163.23713,-19.12848,0,0,1,0
414,414000,0.01057,0.00331,0.00164,0.01553,-85.47403,67.19230,18.44500,0.01268,0.00397,0.00197,0.01863,-170.94805,134.38460,36.89000,0,0,0,0
415,415000,0.00447,0.00287,0.00073,0.00807,-89.46890,44.51204,44.50794,0.00536,0.00344,0.00087,0.00968,-178.93780,89.02409,89.01587,0,0,0,0
416,416000,-0.00312,0.00488,-0.01002,-0.00827,-85.79907,18.53682,67.03522,-0.00374,0.00585,-0.01203,-0.00992,-171.59813,37.07364,134.07044,0,0,0,0
417,417000,0.00516,0.00323,0.01329,0.02168,-72.63210,-9.17026,82.28702,0.00619,0.00388,0.01595,0.02602,-145.26419,-18.34051,164.57404,0,0,0,0
418,418000,0.01087,0.00050,-0.00303,0.00833,-52.80020,-36.13748,89.30405,0.01304,0.00059,-0.00364,0.01000,-105.60041,-72.27496,178.60811,0,0,0,0
419,419000,0.00359,0.00382,0.01404,0.02145,-28.01737,-60.23965,88.19538,0.00431,0.00458,0.01685,0.02574,-56.03474,-120.47930,176.39076,0,0,0,0
420,420000,-0.01317,-0.01270,-0.01103,-0.03690,0.07631,-78.18822,77.40186,-0.01581,-0.01524,-0.01323,-0.04428,0.15263,-156.37645,154.80372,0,0,0,0
421,421000,0.00391,-0.00309,-0.01175,-0.01093,27.31751,-87.69693,60.09498,0.00470,-0.00371,-0.01410,-0.01312,54.63503,-175.39387,120.18996,0,0,0,0
422,422000,0.01396,0.00979,0.00369,0.02744,52.38217,-89.46561,36.85093,0.01676,0.01175,0.00443,0.03293,104.76434,-178.93123,73.70187,0,0,0,0
423,423000,0.01275,-0.00127,0.00001,0.01150,72.31530,-82.41611,9.53861,0.01530,-0.00152,0.00002,0.01380,144.63060,-164.83223,19.07723,0,0,0,0
424,424000,-0.00462,0.00469,0.00650,0.00657,85.52441,-67.16948,-18.39581,-0.00554,0.00563,0.00780,0.00789,171.04883,-134.33895,-36.79162,0,0,0,0
425,425000,0.01221,-0.00593,-0.01286,-0.00658,89.78352,-45.30238,-45.03592,0.01466,-0.00711,-0.01544,-0.00789,179.56704,-90.60475,-90.07183,0,0,0,0
426,426000,0.00602,-0.00784,-0.00913,-0.01095,85.52986,-19.08893,-66.86279,0.00722,-0.00940,-0.01096,-0.01314,171.05972,-38.17787,-133.72557,0,0,0,0
427,427000,0.00621,0.00080,0.01323,0.02025,72.74532,9.14924,-82.18140,0.00746,0.00096,0.01588,0.02429,145.49064,18.29848,-164.36280,0,0,0,0
428,428000,-0.00020,-0.00196,-0.01206,-0.01422,53.20341,36.78292,-89.74946,-0.00024,-0.00235,-0.01447,-0.01706,106.40681,73.56583,-179.49892,0,0,0,0
429,429000,0.00194,0.00819,-0.00249,0.00765,27.39096,60.53927,-87.67508,0.00233,0.00983,-0.00298,0.00918,54.78192,121.07854,-175.35017,0,0,0,0
430,430000,-0.00092,0.00786,-0.00508,0.00186,0.16697,77.74477,-77.67430,-0.00111,0.00943,-0.00609,0.00224,0.33394,155.48955,-155.34860,0,0,0,0
431,431000,-0.00976,-0.00838,-0.01199,-0.03013,-27.66387,87.67041,-60.34024,-0.01172,-0.01006,-0.01438,-0.03616,-55.32775,175.34082,-120.68048,0,0,0,0
432,432000,0.01062,-0.01365,-0.00913,-0.01217,-52.61247,89.27019,-36.14372,0.01274,-0.01638,-0.01096,-0.01461,-105.22494,178.54037,-72.28745,0,0,0,0
433,433000,-0.00244,0.00994,-0.00042,0.00709,-72.91711,82.21593,-9.05714,-0.00292,0.01193,-0.00050,0.00851,-145.83422,164.43186,-18.11428,0,0,0,0
434,434000,0.00539,-0.00570,0.00767,0.00736,-85.22267,66.45583,18.92701,0.00646,-0.00684,0.00921,0.00884,-170.44535,132.91165,37.85403,0,0,0,0
435,435000,0.01128,0.00858,0.00867,0.02853,-89.71595,44.61901,45.11867,0.01354,0.01030,0.01041,0.03424,-179.43190,89.23802,90.23734,0,0,0,0
436,436000,0.00019,0.00804,-0.00214,0.00609,-85.34616,18.74881,66.92071,0.00023,0.00965,-0.00257,0.00731,-170.69233,37.49762,133.84141,0,0,0,0
437,437000,-0.00530,-0.00075,0.00958,0.00353,-72.59771,-8.97965,82.09646,-0.00636,-0.00090,0.01150,0.00424,-145.19543,-17.95931,164.19293,0,0,0,0
438,438000,0.00206,-0.00433,0.00158,-0.00070,-52.59155,-36.53642,89.35892,0.00247,-0.00520,0.00189,-0.00084,-105.18311,-73.07285,178.71785,0,0,0,0
439,439000,0.00188,-0.01324,-0.01160,-0.02295,-27.93466,-59.88713,88.01751,0.00226,-0.01589,-0.01391,-0.02754,-55.86932,-119.77425,176.03503,0,0,0,0
440,440000,0.01198,-0.00650,-0.00047,0.00500,-0.10705,-77.66279,77.77503,0.01437,-0.00780,-0.00057,0.00601,-0.21410,-155.32557,155.55005,0,0,0,0
441,441000,-0.00279,-0.00948,-0.00687,-0.01914,27.49786,-87.49158,59.66662,-0.00335,-0.01138,-0.00824,-0.02297,54.99571,-174.98315,119.33324,0,0,0,0
442,442000,0.00399,-0.00149,-0.00649,-0.00399,52.77687,-88.90591,36.86125,0.00479,-0.00179,-0.00779,-0.00479,105.55373,-177.81181,73.72251,0,0,0,0
443,443000,0.01252,-0.00939,0.00282,0.00595,72.54526,-81.61655,9.66055,0.01503,-0.01127,0.00338,0.00714,145.09051,-163.23311,19.32111,0,0,0,0
444,444000,-0.00089,-0.00233,0.00437,0.00116,85.18210,-67.06671,-19.05846,-0.00106,-0.00279,0.00525,0.00140,170.36421,-134.13343,-38.11693,0,0,0,0
445,445000,-0.00399,0.01082,-0.00811,-0.00128,89.44444,-44.89773,-45.04741,-0.00479,0.01298,-0.00973,-0.00154,178.88888,-89.79546,-90.09482,0,0,0,0
446,446000,0.00965,0.01259,0.00843,0.03067,85.35535,-18.75952,-67.07318,0.01158,0.01510,0.01011,0.03680,170.71070,-37.51905,-134.14635,0,0,0,0
447,447000,0.00610,-0.00917,-0.00837,-0.01144,73.06130,9.11330,-82.04608,0.00732,-0.01101,-0.01004,-0.01373,146.12261,18.22660,-164.09216,0,0,0,0
448,448000,0.00842,0.01296,-0.00369,0.01770,53.09254,36.88505,-89.13828,0.01011,0.01556,-0.00442,0.02124,106.18508,73.77010,-178.27656,0,0,0,0
449,449000,0.00932,0.01408,0.00542,0.02883,28.10292,60.15407,-88.13771,0.01119,0.01690,0.00651,0.03459,56.20585,120.30813,-176.27542,0,0,0,0
450,450000,-0.00448,0.00204,0.00773,0.00528,0.22693,77.81442,-77.92929,-0.00538,0.00245,0.00927,0.00634,0.45385,155.62885,-155.85858,0,0,0,0
451,451000,-0.00418,-0.00280,0.01019,0.00321,-27.40166,88.23829,-59.99293,-0.00502,-0.00336,0.01223,0.00385,-54.80331,176.47659,-119.98586,0,0,0,0
452,452000,-0.00634,0.01134,-0.00257,0.00242,-52.94607,88.98889,-36.34283,-0.00761,0.01360,-0.00309,0.00290,-105.89213,177.97778,-72.68566,0,0,0,0
453,453000,0.01395,0.01328,0.00515,0.03238,-73.00330,82.27164,-9.55611,0.01674,0.01594,0.00618,0.03886,-146.00660,164.54329,-19.11222,0,0,0,0
454,454000,0.00449,-0.01387,0.00196,-0.00743,-85.17496,66.58595,18.56851,0.00539,-0.01665,0.00235,-0.00891,-170.34992,133.17189,37.13703,0,0,0,0
455,455000,0.00450,0.00895,-0.00257,0.01088,-89.81824,44.57827,45.23446,0.00540,0.01074,-0.00308,0.01306,-179.63649,89.15653,90.46892,0,0,0,0
456,456000,0.00072,-0.00709,0.00718,0.00081,-85.35051,18.89947,66.77891,0.00086,-0.00851,0.00862,0.00097,-170.70101,37.79894,133.55782,0,0,0,0
457,457000,-0.00247,0.00990,-0.01114,-0.00371,-72.60091,-9.57575,82.39930,-0.00296,0.01188,-0.01337,-0.00445,-145.20183,-19.15149,164.79860,0,0,0,0
458,458000,-0.00786,-0.01248,-0.00813,-0.02847,-53.21097,-36.91897,89.18337,-0.00944,-0.01498,-0.00975,-0.03417,-106.42194,-73.83795,178.36673,0,0,0,0
459,459000,-0.00264,-0.01383,0.01218,-0.00429,-27.30609,-60.50274,87.44240,-0.00317,-0.01660,0.01462,-0.00515,-54.61219,-121.00548,174.88481,0,0,0,0
460,460000,-0.00006,-0.01069,0.00635,-0.00440,-0.26605,-77.61792,78.19916,-0.00007,-0.01283,0.00762,-0.00528,-0.53210,-155.23584,156.39831,0,0,0,0
461,461000,0.00175,0.00568,0.00936,0.01679,27.60240,-87.50348,60.03524,0.00210,0.00681,0.01123,0.02015,55.20480,-175.00697,120.07049,0,0,0,0
462,462000,-0.00963,-0.00123,0.00799,-0.00287,52.70230,-89.29467,36.61264,-0.01156,-0.00148,0.00959,-0.00344,105.40460,-178.58934,73.22528,0,0,0,0
463,463000,-0.00748,-0.00436,-0.00618,-0.01802,73.08006,-82.44987,9.82600,-0.00897,-0.00524,-0.00742,-0.02163,146.16012,-164.89974,19.65200,0,0,0,0
464,464000,0.00511,0.00163,0.00821,0.01496,85.61617,-66.47544,-18.36882,0.00613,0.00196,0.00985,0.01795,171.23233,-132.95088,-36.73764,0,0,0,0
465,465000,-0.00789,-0.00651,-0.00160,-0.01600,89.63714,-45.11056,-44.56189,-0.00947,-0.00782,-0.00192,-0.01921,179.27427,-90.22112,-89.12378,0,0,0,0
466,466000,0.01101,0.01152,0.00286,0.02539,85.47350,-18.55134,-67.06061,0.01321,0.01382,0.00343,0.03046,170.94700,-37.10268,-134.12122,0,0,0,0
467,467000,-0.00818,0.01017,0.01234,0.01433,72.79724,9.19052,-82.12026,-0.00981,0.01220,0.01481,0.01720,145.59447,18.38105,-164.24052,0,0,0,0
468,468000,-0.00410,0.01364,0.01139,0.02094,53.08082,36.90687,-89.42283,-0.00492,0.01637,0.01367,0.02513,106.16164,73.81374,-178.84566,0,0,0,0
469,469000,0.00680,0.00654,0.00851,0.02185,27.51774,60.49169,-87.98645,0.00816,0.00785,0.01021,0.02622,55.03548,120.98339,-175.97289,0,0,0,0
470,470000,0.01356,0.00191,-0.00106,0.01441,0.34533,77.99838,-78.15713,0.01628,0.00229,-0.00127,0.01729,0.69065,155.99675,-156.31427,0,0,0,0
471,471000,-0.00378,-0.01046,-0.00472,-0.01896,-27.62724,87.45924,-59.90067,-0.00453,-0.01255,-0.00567,-0.02275,-55.25447,174.91847,-119.80135,0,0,0,0
472,472000,0.00393,0.00603,-0.00530,0.00466,-52.71205,89.05753,-36.20131,0.00471,0.00723,-0.00636,0.00559,-105.42409,178.11506,-72.40261,0,0,0,0
473,473000,0.00924,-0.00134,-0.01109,-0.00319,-72.93505,82.20104,-9.52520,0.01109,-0.00161,-0.01331,-0.00383,-145.87010,164.40208,-19.05041,0,0,0,0
474,474000,0.01082,0.00522,0.00433,0.02037,-85.45795,66.94676,18.80731,0.01298,0.00626,0.00520,0.02445,-170.91591,133.89351,37.61463,0,0,0,0
475,475000,0.00743,0.01330,-0.00145,0.01928,-90.14412,44.61955,44.47612,0.00891,0.01596,-0.00174,0.02313,-180.28823,89.23909,88.95224,0,0,0,0
476,476000,0.01412,0.00143,0.01186,0.02742,-85.56670,19.03835,66.52127,0.01695,0.00172,0.01423,0.03290,-171.13341,38.07669,133.04254,0,0,0,0
477,477000,-0.00346,0.01229,-0.00345,0.00537,-72.87677,-9.22122,82.17274,-0.00416,0.01475,-0.00414,0.00645,-145.75353,-18.44244,164.34548,0,0,0,0
478,478000,0.00408,-0.01274,0.00765,-0.00102,-52.69993,-36.26883,89.14553,0.00489,-0.01529,0.00918,-0.00122,-105.39987,-72.53766,178.29106,0,0,0,0
479,479000,-0.00922,-0.00740,-0.00856,-0.02518,-27.41852,-59.75924,88.09869,-0.01106,-0.00888,-0.01027,-0.03022,-54.83704,-119.51849,176.19739,0,0,0,0
480,480000,-0.00409,0.00388,-0.00820,-0.00840,0.39880,-78.21860,78.19736,-0.00491,0.00466,-0.00983,-0.01008,0.79760,-156.43720,156.39471,0,0,0,0
481,481000,-0.00603,0.00487,0.00284,0.00169,27.34964,-88.27856,60.52160,-0.00723,0.00584,0.00341,0.00202,54.69928,-176.55711,121.04320,0,0,0,0
482,482000,-0.00633,0.00998,-0.00220,0.00144,53.01034,-89.01098,36.34595,-0.00760,0.01197,-0.00264,0.00173,106.02067,-178.02196,72.69189,0,0,0,0
483,483000,-0.00073,-0.00269,0.01196,0.00854,72.65051,-82.05538,8.98969,-0.00088,-0.00323,0.01435,0.01024,145.30103,-164.11075,17.97937,0,0,0,0
484,484000,-0.00276,0.00952,-0.01037,-0.00360,85.33768,-66.53986,-18.96704,-0.00331,0.01143,-0.01245,-0.00432,170.67535,-133.07972,-37.93407,0,0,0,0
485,485000,0.01305,0.01144,-0.00899,0.01550,89.60569,-44.46518,-45.13328,0.01566,0.01373,-0.01078,0.01860,179.21139,-88.93036,-90.26657,0,0,0,0
486,486000,-0.00007,0.00332,-0.01117,-0.00791,85.65151,-18.46894,-66.59871,-0.00008,0.00398,-0.01340,-0.00949,171.30301,-36.93788,-133.19742,0,0,0,0
487,487000,0.00044,-0.00033,-0.00967,-0.00956,72.30510,9.00711,-82.27433,0.00052,-0.00040,-0.01160,-0.01147,144.61021,18.01422,-164.54867,0,0,0,0
488,488000,-0.00743,-0.01228,0.01036,-0.00934,52.75523,36.48436,-89.04773,-0.00891,-0.01474,0.01244,-0.01121,105.51047,72.96872,-178.09546,0,0,0,0
489,489000,0.01368,-0.01146,-0.01231,-0.01009,27.39464,60.17089,-87.66442,0.01642,-0.01375,-0.01478,-0.01211,54.78928,120.34178,-175.32884,0,0,0,0
490,490000,0.01213,-0.00943,-0.01367,-0.01097,0.04284,77.83393,-77.68432,0.01456,-0.01132,-0.01640,-0.01316,0.08569,155.66785,-155.36865,0,0,0,0
491,491000,0.01309,-0.00598,-0.01146,-0.00435,-27.76903,87.69267,-59.97450,0.01570,-0.00717,-0.01375,-0.00522,-55.53806,175.38534,-119.94900,0,0,0,0
492,492000,-0.01152,-0.00824,0.00986,-0.00990,-52.35130,89.43728,-36.88700,-0.01382,-0.00989,0.01184,-0.01188,-104.70259,178.87457,-73.77400,0,0,0,0
493,493000,-0.01077,0.01343,0.00449,0.00715,-72.79923,82.38996,-8.98441,-0.01292,0.01611,0.00539,0.00858,-145.59845,164.77992,-17.96881,0,0,0,0
494,494000,0.01065,-0.01082,-0.01042,-0.01058,-85.75421,66.62005,18.67924,0.01278,-0.01298,-0.01250,-0.01270,-171.50842,133.24009,37.35848,0,0,0,0
495,495000,0.01405,0.00184,-0.01250,0.00339,-90.22091,45.02607,44.87966,0.01687,0.00220,-0.01500,0.00407,-180.44181,90.05213,89.75933,0,0,0,0
496,496000,0.01379,0.00843,-0.00108,0.02113,-85.82690,18.30302,66.33923,0.01654,0.01011,-0.00130,0.02535,-171.65379,36.60605,132.67847,0,0,0,0
497,497000,-0.00887,0.01311,0.01148,0.01572,-73.05102,-8.95838,82.30860,-0.01064,0.01573,0.01378,0.01887,-146.10204,-17.91676,164.61721,0,0,0,0
498,498000,-0.00310,-0.00021,0.01282,0.00952,-52.42965,-36.60905,89.65818,-0.00372,-0.00025,0.01539,0.01142,-104.85931,-73.21810,179.31635,0,0,0,0
499,499000,0.00003,-0.00996,0.00931,-0.00062,-28.06431,-60.45163,87.54025,0.00003,-0.01195,0.01118,-0.00074,-56.12863,-120.90326,175.08051,0,0,0,0
500,500000,-0.00130,0.01039,-0.00604,0.00304,-0.12873,-77.60451,77.78625,-0.00156,0.01247,-0.00725,0.00365,-0.25747,-155.20901,155.57251,0,0,0,0
501,501000,-0.00841,-0.00759,0.00645,-0.00955,27.93987,-87.67786,60.34358,-0.01009,-0.00910,0.00774,-0.01146,55.87974,-175.35571,120.68717,0,0,0,0
502,502000,-0.01374,0.00998,-0.00590,-0.00967,53.14812,-89.14293,36.30492,-0.01649,0.01197,-0.00708,-0.01160,106.29624,-178.28587,72.60983,0,0,0,0
503,503000,0.00387,-0.00795,0.01410,0.01002,72.27153,-82.31724,9.16242,0.00464,-0.00954,0.01692,0.01203,144.54306,-164.63448,18.32483,0,0,0,0
504,504000,0.00054,-0.00196,0.01293,0.01151,85.09200,-66.50219,-18.56872,0.00065,-0.00235,0.01552,0.01382,170.18400,-133.00438,-37.13744,0,0,0,0
505,505000,0.01049,0.00754,-0.00500,0.01302,90.08219,-44.60669,-44.80146,0.01258,0.00904,-0.00600,0.01563,180.16437,-89.21338,-89.60291,0,0,0,0
506,506000,-0.00066,-0.00479,0.00865,0.00320,85.11244,-18.48743,-66.81819,-0.00079,-0.00575,0.01038,0.00383,170.22488,-36.97487,-133.63639,0,0,0,0
507,507000,0.00555,0.00191,0.01304,0.02049,73.06457,9.62127,-81.80746,0.00666,0.00229,0.01564,0.02459,146.12914,19.24254,-163.61493,0,0,0,0
508,508000,0.00819,0.00194,-0.00650,0.00364,52.68802,36.83188,-89.45373,0.00983,0.00233,-0.00780,0.00437,105.37603,73.66376,-178.90746,0,0,0,0
509,509000,0.01398,-0.00735,0.00367,0.01030,28.11303,60.01778,-87.75472,0.01678,-0.00882,0.00440,0.01236,56.22605,120.03557,-175.50944,0,0,0,0
510,510000,0.00347,-0.01178,0.00503,-0.00327,0.12534,78.11012,-77.51412,0.00416,-0.01413,0.00604,-0.00393,0.25068,156.22025,-155.02825,0,0,0,0
511,511000,0.00192,0.01070,0.00683,0.01945,-27.36655,88.15384,-59.79381,0.00230,0.01284,0.00819,0.02334,-54.73310,176.30767,-119.58761,0,0,0,0
512,512000,0.00702,-0.00102,0.00948,0.01547,-53.12568,89.43024,-36.92315,0.00843,-0.00123,0.01137,0.01857,-106.25137,178.86048,-73.84631,0,0,0,0
513,513000,0.00617,0.00834,-0.00721,0.00731,-72.68371,81.67517,-9.73697,0.00741,0.01001,-0.00865,0.00877,-145.36741,163.35034,-19.47393,0,0,0,0
514,514000,-0.01011,0.00325,0.01122,0.00437,-85.36239,66.68440,18.37723,-0.01213,0.00390,0.01347,0.00524,-170.72479,133.36881,36.75447,0,0,0,0
515,515000,0.01379,-0.00137,-0.00392,0.00850,-90.08943,44.98924,45.23602,0.01655,-0.00165,-0.00471,0.01020,-180.17887,89.97848,90.47204,0,0,0,0
516,516000,-0.00183,0.00124,-0.00570,-0.00629,-85.51752,18.42298,66.70029,-0.00220,0.00149,-0.00683,-0.00755,-171.03503,36.84596,133.40059,0,0,0,0
517,517000,-0.01026,0.00402,0.00557,-0.00067,-72.41716,-9.23177,82.18195,-0.01232,0.00482,0.00669,-0.00081,-144.83432,-18.46353,164.36389,0,0,0,0
518,518000,-0.01098,0.01032,-0.00948,-0.01013,-52.77892,-36.74680,89.42223,-0.01317,0.01239,-0.01138,-0.01216,-105.55784,-73.49361,178.84445,0,0,0,0
519,519000,0.00003,-0.00211,0.00848,0.00639,-27.63878,-60.17230,88.19268,0.00004,-0.00254,0.01017,0.00767,-55.27755,-120.34460,176.38537,0,0,0,0
520,520000,-0.00348,-0.01113,-0.00342,-0.01803,0.23876,-78.18472,78.02563,-0.00417,-0.01336,-0.00410,-0.02163,0.47752,-156.36944,156.05126,0,0,0,0
521,521000,-0.01193,0.00430,-0.00825,-0.01588,27.97739,-88.09788,60.48365,-0.01431,0.00516,-0.00990,-0.01906,55.95477,-176.19575,120.96731,0,0,0,0
522,522000,0.00095,0.01392,0.01362,0.02849,52.64739,-89.27671,36.54294,0.00114,0.01670,0.01635,0.03419,105.29479,-178.55342,73.08587,0,0,0,0
523,523000,-0.01048,0.00137,-0.00910,-0.01821,72.59857,-81.81155,9.42602,-0.01257,0.00164,-0.01092,-0.02185,145.19714,-163.62310,18.85204,0,0,0,0
524,524000,0.00336,0.01113,-0.00458,0.00991,85.40052,-66.94078,-18.67679,0.00403,0.01335,-0.00549,0.01189,170.80104,-133.88156,-37.35359,0,0,0,0
525,525000,-0.00647,0.00767,0.00628,0.00749,89.72339,-45.18962,-45.06862,-0.00776,0.00921,0.00754,0.00899,179.44679,-90.37924,-90.13724,0,0,0,0
526,526000,0.00099,-0.00324,-0.00475,-0.00699,85.49446,-18.98189,-66.35032,0.00119,-0.00388,-0.00570,-0.00839,170.98893,-37.96379,-132.70064,0,0,0,0
527,527000,-0.01278,-0.00377,-0.00519,-0.02174,72.57003,9.37984,-81.65266,-0.01534,-0.00452,-0.00623,-0.02609,145.14006,18.75968,-163.30531,0,0,0,0
528,528000,-0.01322,0.01164,0.00487,0.00329,52.91542,36.37821,-89.70185,-0.01586,0.01397,0.00584,0.00395,105.83085,72.75641,-179.40371,0,0,0,0
529,529000,-0.00522,0.00092,-0.00743,-0.01173,27.77965,60.36577,-87.70073,-0.00626,0.00110,-0.00892,-0.01408,55.55930,120.73153,-175.40146,0,0,0,0
530,530000,-0.01404,0.01152,-0.01348,-0.01600,-0.13317,77.58556,-77.40211,-0.01684,0.01382,-0.01618,-0.01920,-0.26634,155.17111,-154.80421,0,0,0,0
531,531000,-0.00547,0.01122,-0.00955,-0.00380,-27.82388,87.73433,-59.72264,-0.00656,0.01346,-0.01146,-0.00456,-55.64775,175.46866,-119.44528,0,0,0,0
532,532000,0.01033,-0.00484,0.00220,0.00769,-52.84668,89.07578,-36.09198,0.01240,-0.00581,0.00264,0.00923,-105.69336,178.15155,-72.18395,0,0,0,0
533,533000,0.00142,-0.00314,-0.01306,-0.01479,-72.51125,81.78245,-9.80223,0.00170,-0.00377,-0.01568,-0.01774,-145.02251,163.56491,-19.60445,0,0,0,0
534,534000,0.00358,0.01401,0.00108,0.01866,-85.15460,66.59485,18.29662,0.00429,0.01681,0.00129,0.02240,-170.30919,133.18970,36.59324,0,0,0,0
535,535000,-0.00892,-0.01042,-0.01096,-0.03029,-89.41907,44.80347,45.09871,-0.01070,-0.01250,-0.01315,-0.03635,-178.83815,89.60693,90.19743,0,0,0,0
536,536000,-0.00103,-0.00045,-0.00703,-0.00851,-85.81021,19.09505,66.83159,-0.00124,-0.00054,-0.00843,-0.01022,-171.62041,38.19010,133.66319,0,0,0,0
537,537000,-0.00262,-0.00632,0.01048,0.00155,-72.83182,-9.44142,82.24197,-0.00314,-0.00758,0.01257,0.00185,-145.66365,-18.88283,164.48395,0,0,0,0
538,538000,-0.00398,-0.01391,0.01172,-0.00617,-53.07115,-36.65349,89.05816,-0.00478,-0.01670,0.01407,-0.00740,-106.14230,-73.30698,178.11632,0,0,0,0
539,539000,-0.01405,0.01101,0.00598,0.00293,-28.00757,-60.07841,87.99638,-0.01686,0.01321,0.00718,0.00352,-56.01515,-120.15681,175.99275,0,0,0,0
540,540000,0.00380,-0.01410,-0.01158,-0.02188,0.22975,-78.11086,77.43038,0.00456,-0.01692,-0.01389,-0.02626,0.45950,-156.22173,154.86077,0,0,0,0
541,541000,-0.00012,-0.01057,-0.01412,-0.02481,27.48313,-88.29406,59.98928,-0.00015,-0.01268,-0.01695,-0.02977,54.96626,-176.58813,119.97855,0,0,0,0
542,542000,-0.01072,0.00517,-0.00504,-0.01058,52.70218,-89.34546,36.09477,-0.01286,0.00620,-0.00604,-0.01270,105.40437,-178.69091,72.18953,0,0,0,0
543,543000,-0.00295,0.00818,-0.00153,0.00371,72.66445,-81.97330,9.59600,-0.00353,0.00982,-0.00184,0.00445,145.32890,-163.94659,19.19201,0,0,0,0
544,544000,-0.01097,-0.01032,0.00900,-0.01229,85.77108,-66.77723,-18.55448,-0.01316,-0.01239,0.01080,-0.01475,171.54217,-133.55445,-37.10897,0,0,0,0
545,545000,0.00761,-0.01394,-0.00929,-0.01561,90.17564,-45.27794,-45.33087,0.00914,-0.01672,-0.01114,-0.01873,180.35128,-90.55588,-90.66174,0,0,0,0
546,546000,0.01194,0.00555,-0.00903,0.00846,85.78705,-18.27877,-66.65931,0.01433,0.00666,-0.01084,0.01015,171.57410,-36.55754,-133.31863,0,0,0,0
547,547000,0.00423,-0.01038,0.00886,0.00271,72.29096,9.36215,-81.91580,0.00508,-0.01245,0.01063,0.00325,144.58191,18.72430,-163.83160,0,0,0,0
548,548000,0.00127,-0.01197,-0.00683,-0.01753,52.37126,36.13396,-89.45498,0.00152,-0.01436,-0.00819,-0.02103,104.74253,72.26792,-178.90996,0,0,0,0
549,549000,-0.01301,-0.00597,-0.01412,-0.03309,27.44590,59.89662,-88.22785,-0.01561,-0.00716,-0.01694,-0.03971,54.89180,119.79323,-176.45571,0,0,0,0
550,550000,-0.00436,-0.00814,-0.00962,-0.02212,-0.19764,77.93651,-77.40823,-0.00523,-0.00977,-0.01154,-0.02655,-0.39527,155.87303,-154.81646,0,0,0,0
551,551000,-0.01208,0.01215,-0.00046,-0.00039,-28.17874,87.78821,-60.41344,-0.01450,0.01458,-0.00055,-0.00047,-56.35748,175.57641,-120.82687,0,0,0,0
552,552000,0.00670,0.01211,0.00768,0.02649,-52.70017,89.08376,-36.93971,0.00804,0.01453,0.00922,0.03179,-105.40035,178.16753,-73.87942,0,0,0,0
553,553000,-0.00924,-0.01276,-0.00197,-0.02397,-73.00033,82.13288,-9.75252,-0.01109,-0.01531,-0.00237,-0.02876,-146.00066,164.26575,-19.50504,0,0,0,0
554,554000,-0.00712,-0.00091,-0.00228,-0.01032,-85.05593,66.49473,18.98769,-0.00855,-0.00109,-0.00274,-0.01238,-170.11187,132.98947,37.97538,0,0,0,0
555,555000,-0.00662,0.00278,0.01163,0.00779,-89.54185,44.83108,44.71806,-0.00794,0.00333,0.01395,0.00935,-179.08369,89.66215,89.43613,0,0,0,0
556,556000,0.01068,0.01365,-0.00554,0.01879,-84.97012,18.93097,67.14549,0.01281,0.01638,-0.00665,0.02255,-169.94023,37.86193,134.29098,0,0,0,0
557,557000,-0.00372,-0.00167,0.00877,0.00338,-72.42799,-8.95440,82.12773,-0.00446,-0.00201,0.01052,0.00406,-144.85599,-17.90881,164.25547,0,0,0,0
558,558000,0.00235,0.01057,-0.00097,0.01195,-53.23274,-36.91602,89.02230,0.00282,0.01269,-0.00117,0.01434,-106.46549,-73.83203,178.04460,0,0,0,0
559,559000,0.01177,-0.00595,-0.00151,0.00431,-27.44290,-60.13323,87.92523,0.01413,-0.00715,-0.00181,0.00517,-54.88580,-120.26647,175.85046,0,0,0,0
560,560000,-0.00469,-0.00632,-0.00792,-0.01892,0.43727,-77.86960,77.60424,-0.00562,-0.00759,-0.00950,-0.02271,0.87453,-155.73919,155.20847,0,0,0,0
561,561000,-0.00668,-0.00983,-0.00629,-0.02280,27.32957,-88.24191,60.31162,-0.00801,-0.01180,-0.00755,-0.02736,54.65914,-176.48383,120.62324,0,0,0,0
562,562000,-0.01073,0.00456,0.01214,0.00598,53.07075,-89.43766,36.70414,-0.01287,0.00548,0.01457,0.00717,106.14151,-178.87532,73.40829,0,0,0,0
563,563000,-0.00426,0.01266,-0.01130,-0.00290,73.08523,-81.72403,9.18217,-0.00511,0.01520,-0.01356,-0.00348,146.17046,-163.44806,18.36433,0,0,0,0
564,564000,0.00298,-0.01115,0.00670,-0.00147,85.56672,-66.98065,-19.02565,0.00358,-0.01338,0.00804,-0.00177,171.13345,-133.96131,-38.05130,0,0,0,0
565,565000,-0.00186,-0.00950,0.01089,-0.00047,89.63211,-44.56118,-44.93995,-0.00224,-0.01140,0.01307,-0.00056,179.26421,-89.12237,-89.87989,0,0,0,0
566,566000,0.00783,-0.00495,0.00520,0.00808,85.70104,-18.45494,-66.51388,0.00939,-0.00594,0.00624,0.00970,171.40209,-36.90988,-133.02776,0,0,0,0
567,567000,0.01411,-0.00935,-0.00378,0.00098,72.30472,9.01451,-81.82506,0.01693,-0.01122,-0.00453,0.00118,144.60944,18.02903,-163.65011,0,0,0,0
568,568000,-0.00933,-0.00222,0.00701,-0.00453,53.10906,36.71847,-89.60907,-0.01119,-0.00266,0.00841,-0.00544,106.21813,73.43693,-179.21814,0,0,0,0
569,569000,-0.01270,-0.00683,-0.00420,-0.02374,27.52976,60.12361,-87.55769,-0.01524,-0.00820,-0.00504,-0.02849,55.05953,120.24723,-175.11537,0,0,0,0
570,570000,0.00973,0.01235,0.01266,0.03473,-0.08259,77.64020,-77.36838,0.01167,0.01481,0.01520,0.04168,-0.16518,155.28039,-154.73676,0,0,0,0
571,571000,-0.00098,0.01227,0.01368,0.02496,-28.10598,87.49174,-60.15397,-0.00118,0.01472,0.01641,0.02995,-56.21197,174.98348,-120.30793,0,0,0,0
572,572000,0.00866,-0.00656,-0.01270,-0.01060,-52.69396,89.30451,-36.47016,0.01039,-0.00787,-0.01524,-0.01272,-105.38792,178.60902,-72.94033,0,0,0,0
573,573000,-0.01256,-0.00934,-0.00274,-0.02465,-72.32657,81.83769,-9.66277,-0.01507,-0.01121,-0.00329,-0.02958,-144.65315,163.67537,-19.32555,0,0,0,0
574,574000,-0.00333,0.00195,-0.01230,-0.01368,-85.78212,67.07645,18.77609,-0.00400,0.00234,-0.01476,-0.01642,-171.56424,134.15290,37.55218,0,0,0,0
575,575000,0.01372,0.00400,-0.00803,0.00969,-89.39396,45.34960,45.00387,0.01646,0.00480,-0.00963,0.01163,-178.78792,90.69921,90.00773,0,0,0,0
576,576000,-0.01345,-0.00360,0.01327,-0.00379,-85.86378,18.51262,66.29620,-0.01614,-0.00433,0.01593,-0.00454,-171.72755,37.02523,132.59241,0,0,0,0
577,577000,0.00598,0.00330,0.00329,0.01257,-72.80168,-9.62915,82.34621,0.00717,0.00396,0.00395,0.01508,-145.60336,-19.25830,164.69242,0,0,0,0
578,578000,-0.01324,-0.01370,-0.00974,-0.03667,-52.68137,-36.76350,89.45060,-0.01588,-0.01644,-0.01169,-0.04401,-105.36273,-73.52701,178.90120,0,0,0,0
579,579000,0.00508,0.00035,-0.00081,0.00461,-27.75649,-59.94437,87.44069,0.00609,0.00042,-0.00098,0.00554,-55.51297,-119.88875,174.88138,0,0,0,0
580,580000,-0.00654,0.00295,0.00137,-0.00221,0.41645,-78.02950,78.18918,-0.00784,0.00354,0.00165,-0.00266,0.83291,-156.05900,156.37837,0,0,0,0
581,581000,0.00534,-0.00977,0.00456,0.00013,27.91591,-88.25845,60.13119,0.00641,-0.01172,0.00547,0.00016,55.83182,-176.51690,120.26238,0,0,0,0
582,582000,-0.00353,0.01388,-0.01263,-0.00228,52.62634,-89.61715,36.22195,-0.00424,0.01665,-0.01515,-0.00274,105.25269,-179.23431,72.44389,0,0,0,0
583,583000,-0.01187,0.00600,-0.00895,-0.01483,72.97903,-82.03398,9.12375,-0.01425,0.00720,-0.01074,-0.01779,145.95805,-164.06797,18.24749,0,0,0,0
584,584000,-0.00733,0.00071,0.01413,0.00750,85.24980,-66.62333,-18.35007,-0.00880,0.00085,0.01695,0.00900,170.49960,-133.24667,-36.70013,0,0,0,0
585,585000,-0.00883,0.00149,-0.01014,-0.01748,89.72037,-44.55379,-44.69307,-0.01059,0.00179,-0.01217,-0.02098,179.44073,-89.10758,-89.38614,0,0,0,0
586,586000,0.00312,-0.00894,-0.01313,-0.01895,85.07425,-18.38573,-66.41120,0.00374,-0.01073,-0.01575,-0.02274,170.14850,-36.77146,-132.82241,0,0,0,0
587,587000,0.01004,0.00773,0.00243,0.02021,72.37344,9.05045,-82.08567,0.01205,0.00928,0.00291,0.02425,144.74688,18.10091,-164.17134,0,0,0,0
588,588000,0.00076,-0.00592,0.00725,0.00208,52.61916,36.82635,-89.65737,0.00091,-0.00710,0.00870,0.00250,105.23833,73.65270,-179.31474,0,0,0,0
589,589000,-0.00179,-0.01092,0.01126,-0.00144,27.77429,60.44792,-87.62840,-0.00215,-0.01310,0.01352,-0.00173,55.54857,120.89585,-175.25681,0,0,0,0
590,590000,-0.00887,-0.00419,0.00765,-0.00541,0.07686,78.06187,-77.54944,-0.01064,-0.00503,0.00918,-0.00649,0.15371,156.12375,-155.09888,0,0,0,0
591,591000,-0.00277,-0.00548,-0.01011,-0.01836,-27.88557,87.60018,-60.44611,-0.00333,-0.00658,-0.01213,-0.02203,-55.77113,175.20036,-120.89222,0,0,0,0
592,592000,-0.00529,0.00297,-0.00438,-0.00670,-52.45358,89.30938,-36.24492,-0.00635,0.00356,-0.00525,-0.00804,-104.90715,178.61875,-72.48984,0,0,0,0
593,593000,-0.00841,0.01210,-0.00416,-0.00046,-72.38821,82.39274,-9.38076,-0.01009,0.01453,-0.00499,-0.00056,-144.77642,164.78548,-18.76153,0,0,0,0
594,594000,-0.00037,-0.00506,0.00829,0.00286,-85.70416,67.12047,19.03790,-0.00044,-0.00607,0.00995,0.00344,-171.40831,134.24093,38.07580,0,0,0,0
595,595000,0.00287,0.00886,-0.00690,0.00483,-89.52666,44.92559,45.10045,0.00344,0.01063,-0.00828,0.00580,-179.05331,89.85117,90.20090,0,0,0,0
596,596000,-0.01259,-0.00642,-0.00757,-0.02658,-85.32891,18.54737,66.61301,-0.01511,-0.00770,-0.00908,-0.03189,-170.65782,37.09475,133.22603,0,0,0,0
597,597000,-0.00017,0.00774,0.00362,0.01119,-72.79871,-9.57522,81.89677,-0.00021,0.00929,0.00434,0.01343,-145.59742,-19.15044,163.79354,0,0,0,0
598,598000,0.00127,-0.00293,-0.00374,-0.00541,-52.81455,-36.36164,89.21055,0.00152,-0.00352,-0.00449,-0.00649,-105.62910,-72.72327,178.42109,0,0,0,0
599,599000,-0.01179,0.01056,0.00522,0.00400,-27.82674,-59.84797,88.18246,-0.01414,0.01267,0.00627,0.00480,-55.65349,-119.69595,176.36493,0,0,0,0
600,600000,0.00986,0.00727,0.00205,0.01918,0.18063,-77.53489,77.76660,0.01184,0.00872,0.00246,0.02302,0.36125,-155.06979,155.53319,0,0,0,0
601,601000,0.00541,-0.00247,-0.00364,-0.00069,27.86212,-87.76501,60.40955,0.00650,-0.00296,-0.00437,-0.00083,55.72424,-175.53002,120.81910,0,0,0,0
602,602000,0.00984,-0.00340,-0.00605,0.00040,52.68825,-89.44890,36.54734,0.01181,-0.00407,-0.00726,0.00048,105.37649,-178.89780,73.09468,0,0,0,0
603,603000,-0.00404,-0.01311,0.01281,-0.00434,72.35656,-82.22647,8.98029,-0.00485,-0.01573,0.01537,-0.00521,144.71312,-164.45294,17.96057,0,0,0,0
604,604000,0.00138,-0.00506,0.01000,0.00632,85.20122,-66.94149,-18.82489,0.00166,-0.00608,0.01201,0.00759,170.40244,-133.88297,-37.64978,0,0,0,0
605,605000,-0.00759,0.00610,0.01131,0.00983,89.79867,-44.66911,-44.57407,-0.00910,0.00733,0.01357,0.01180,179.59734,-89.33822,-89.14815,0,0,0,0
606,606000,0.01376,0.00765,-0.00605,0.01536,85.64991,-18.93343,-67.06492,0.01651,0.00918,-0.00726,0.01843,171.29981,-37.86686,-134.12984,0,0,0,0
607,607000,0.00017,0.00764,-0.00404,0.00377,72.58136,9.46663,-82.47622,0.00020,0.00917,-0.00485,0.00453,145.16273,18.93327,-164.95243,0,0,0,0
608,608000,0.01014,-0.00607,-0.00924,-0.00516,52.91142,36.58641,-89.49565,0.01217,-0.00728,-0.01108,-0.00620,105.82283,73.17282,-178.99130,0,0,0,0
609,609000,-0.00778,0.00837,0.00077,0.00137,28.03019,59.71119,-88.24128,-0.00933,0.01004,0.00093,0.00164,56.06038,119.42238,-176.48257,0,0,0,0
610,610000,0.00479,0.01148,-0.01018,0.00608,-0.18235,77.84818,-77.94854,0.00574,0.01377,-0.01222,0.00729,-0.36471,155.69636,-155.89709,0,0,0,0
611,611000,-0.00151,0.00779,0.00729,0.01357,-27.54495,87.70446,-60.02670,-0.00181,0.00935,0.00875,0.01628,-55.08989,175.40892,-120.05341,0,0,0,0
612,612000,0.00822,0.00960,0.01127,0.02909,-52.63650,89.07203,-36.89361,0.00986,0.01152,0.01353,0.03490,-105.27300,178.14406,-73.78723,0,0,0,0
613,613000,0.01241,0.00729,0.01111,0.03081,-72.94318,82.26066,-9.54572,0.01490,0.00875,0.01333,0.03697,-145.88637,164.52133,-19.09144,0,0,0,0
614,614000,-0.00050,0.01093,-0.00028,0.01015,-85.39850,67.14318,19.05770,-0.00060,0.01311,-0.00033,0.01218,-170.79699,134.28636,38.11539,0,0,0,0
615,615000,-0.00072,-0.00354,0.00649,0.00223,-90.13632,45.28916,45.33274,-0.00086,-0.00425,0.00779,0.00268,-180.27264,90.57831,90.66549,0,0,0,0
616,616000,0.00645,-0.00642,0.00684,0.00687,-85.78771,18.58000,66.96199,0.00774,-0.00771,0.00821,0.00825,-171.57543,37.16000,133.92399,0,0,0,0
617,617000,-0.01081,-0.00546,0.00686,-0.00942,-73.05225,-9.70374,82.24289,-0.01297,-0.00655,0.00823,-0.01130,-146.10449,-19.40748,164.48578,0,0,0,0
618,618000,-0.00683,-0.00621,-0.01238,-0.02542,-53.19161,-36.63702,89.36061,-0.00819,-0.00745,-0.01486,-0.03050,-106.38323,-73.27404,178.72121,0,0,0,0
619,619000,-0.01401,-0.01408,-0.01118,-0.03927,-27.81846,-60.44710,88.11076,-0.01681,-0.01689,-0.01342,-0.04712,-55.63692,-120.89421,176.22153,0,0,0,0
620,620000,-0.00870,0.00831,0.00312,0.00273,0.34735,-78.10215,77.40175,-0.01044,0.00997,0.00374,0.00327,0.69470,-156.20429,154.80350,0,0,0,0
621,621000,-0.00512,-0.00212,0.00513,-0.00211,27.46134,-88.19569,60.36447,-0.00614,-0.00254,0.00615,-0.00253,54.92269,-176.39139,120.72893,0,0,0,0
622,622000,-0.00056,0.00210,-0.00951,-0.00796,52.95744,-89.16115,36.34692,-0.00067,0.00253,-0.01141,-0.00955,105.91488,-178.32230,72.69384,0,0,0,0
623,623000,-0.01016,-0.00841,0.00322,-0.01535,72.37625,-82.12892,9.69496,-0.01219,-0.01009,0.00386,-0.01842,144.75250,-164.25784,19.38992,0,0,0,0
624,624000,-0.00246,-0.00299,-0.00237,-0.00781,85.78666,-66.45696,-18.81023,-0.00295,-0.00359,-0.00284,-0.00937,171.57332,-132.91392,-37.62047,0,0,0,0
625,625000,0.00820,0.01033,0.00548,0.02401,90.13159,-44.48702,-45.31947,0.00984,0.01240,0.00658,0.02881,180.26318,-88.97405,-90.63895,0,0,0,0
626,626000,0.00830,0.01173,-0.00989,0.01013,85.23719,-18.26810,-66.68696,0.00996,0.01407,-0.01187,0.01215,170.47437,-36.53620,-133.37391,0,0,0,0
627,627000,-0.00590,0.00570,-0.00766,-0.00786,72.56145,9.14430,-82.08206,-0.00708,0.00684,-0.00919,-0.00943,145.12291,18.28860,-164.16412,0,0,0,0
628,628000,-0.00006,-0.00157,0.01180,0.01017,53.17946,36.34679,-89.36512,-0.00008,-0.00188,0.01416,0.01220,106.35893,72.69357,-178.73024,0,0,0,0
629,629000,0.00929,0.00312,-0.01157,0.00084,27.31680,59.95337,-87.77654,0.01115,0.00375,-0.01389,0.00101,54.63359,119.90675,-175.55308,0,0,0,0
630,630000,0.00369,-0.00023,-0.00087,0.00259,0.33146,77.85922,-77.83880,0.00443,-0.00028,-0.00104,0.00311,0.66292,155.71843,-155.67760,0,0,0,0
631,631000,-0.01374,-0.00638,0.01333,-0.00680,-27.50355,88.20682,-60.02455,-0.01649,-0.00766,0.01599,-0.00816,-55.00710,176.41364,-120.04909,0,0,0,0
632,632000,-0.01013,-0.00113,0.01302,0.00176,-53.13388,89.42077,-36.26134,-0.01216,-0.00135,0.01562,0.00211,-106.26775,178.84153,-72.52268,0,0,0,0
633,633000,-0.01249,0.00853,0.00080,-0.00317,-72.46363,81.63853,-9.52916,-0.01499,0.01023,0.00096,-0.00381,-144.92726,163.27706,-19.05832,0,0,0,0
634,634000,-0.01125,0.01402,-0.00920,-0.00642,-85.70511,66.68126,18.58804,-0.01349,0.01683,-0.01104,-0.00770,-171.41022,133.36252,37.17608,0,0,0,0
635,635000,-0.00513,-0.00221,-0.00896,-0.01631,-89.40924,44.63995,45.28961,-0.00616,-0.00266,-0.01076,-0.01957,-178.81848,89.27991,90.57923,0,0,0,0
636,636000,0.00981,0.00968,-0.00064,0.01886,-85.37307,18.51415,66.42636,0.01177,0.01162,-0.00076,0.02263,-170.74613,37.02831,132.85271,0,0,0,0
637,637000,0.00836,-0.00627,-0.01157,-0.00948,-73.05295,-9.44558,82.32845,0.01003,-0.00753,-0.01388,-0.01138,-146.10589,-18.89116,164.65690,0,0,0,0
638,638000,0.00392,-0.01294,-0.00816,-0.01718,-52.45337,-36.37792,89.72407,0.00470,-0.01553,-0.00980,-0.02062,-104.90673,-72.75584,179.44814,0,0,0,0
639,639000,-0.01115,-0.00821,-0.00287,-0.02224,-28.06731,-59.93372,88.24920,-0.01339,-0.00986,-0.00345,-0.02669,-56.13462,-119.86745,176.49840,0,0,0,0
640,640000,0.00134,0.00249,-0.00793,-0.00410,0.20703,-77.59103,77.86671,0.00160,0.00299,-0.00951,-0.00492,0.41405,-155.18207,155.73343,0,0,0,0
641,641000,-0.00061,0.00836,0.01235,0.02011,27.36031,-87.88025,60.34096,-0.00073,0.01004,0.01482,0.02413,54.72062,-175.76050,120.68192,0,0,0,0
642,642000,-0.00717,0.00927,-0.00679,-0.00469,52.89468,-89.26109,36.15253,-0.00860,0.01112,-0.00815,-0.00563,105.78937,-178.52218,72.30506,0,0,0,0
643,643000,-0.01378,0.00434,0.00195,-0.00750,72.38388,-81.82185,9.53596,-0.01654,0.00521,0.00234,-0.00900,144.76775,-163.64370,19.07192,0,0,0,0
644,644000,0.01030,-0.01140,-0.00682,-0.00792,85.51600,-66.54129,-18.87832,0.01236,-0.01368,-0.00818,-0.00950,171.03200,-133.08259,-37.75664,0,0,0,0
645,645000,-0.00352,0.00759,-0.00352,0.00055,89.95335,-44.54738,-45.10315,-0.00422,0.00911,-0.00422,0.00067,179.90670,-89.09475,-90.20631,0,0,0,0
646,646000,0.01268,0.00229,-0.00568,0.00928,85.61509,-18.42025,-66.34489,0.01522,0.00275,-0.00682,0.01114,171.23017,-36.84051,-132.68978,0,0,0,0
647,647000,0.01270,-0.00333,-0.00556,0.00380,73.09773,9.35831,-82.14945,0.01524,-0.00400,-0.00667,0.00456,146.19547,18.71662,-164.29889,0,0,0,0
648,648000,-0.01062,-0.00029,0.01281,0.00190,52.81733,36.45918,-89.20045,-0.01275,-0.00035,0.01537,0.00227,105.63466,72.91837,-178.40090,0,0,0,0
649,649000,-0.01371,0.01218,0.00607,0.00454,27.66629,59.94261,-87.44065,-0.01645,0.01462,0.00729,0.00545,55.33259,119.88522,-174.88129,0,0,0,0
650,650000,-0.00566,0.00444,0.01335,0.01212,-0.06117,77.74007,-77.68231,-0.00679,0.00532,0.01602,0.01455,-0.12234,155.48015,-155.36462,0,0,0,0
651,651000,0.00475,-0.00729,-0.01396,-0.01650,-27.39407,87.75228,-60.30998,0.00570,-0.00875,-0.01675,-0.01980,-54.78814,175.50456,-120.61996,0,0,0,0
652,652000,0.01323,0.00962,-0.00356,0.01929,-52.89860,89.23802,-36.47966,0.01588,0.01154,-0.00427,0.02315,-105.79719,178.47604,-72.95932,0,0,0,0
653,653000,-0.00213,0.00056,0.00207,0.00049,-72.27257,81.63867,-9.55286,-0.00256,0.00067,0.00248,0.00059,-144.54513,163.27733,-19.10572,0,0,0,0
654,654000,-0.00347,0.00572,0.00399,0.00625,-85.12194,67.05826,19.09269,-0.00416,0.00687,0.00479,0.00750,-170.24388,134.11653,38.18538,0,0,0,0
655,655000,0.00556,-0.01104,-0.00170,-0.00719,-89.82600,45.20247,45.29713,0.00667,-0.01325,-0.00204,-0.00863,-179.65199,90.40495,90.59425,0,0,0,0
656,656000,-0.00329,0.00411,0.00623,0.00706,-85.03890,18.75363,67.01673,-0.00394,0.00494,0.00747,0.00847,-170.07780,37.50727,134.03345,0,0,0,0
657,657000,-0.00260,0.00589,0.00988,0.01317,-72.86293,-9.44110,82.20038,-0.00312,0.00707,0.01185,0.01580,-145.72585,-18.88219,164.40076,0,0,0,0
658,658000,-0.00666,0.00791,-0.01361,-0.01236,-53.07213,-36.95723,89.13311,-0.00799,0.00949,-0.01633,-0.01483,-106.14427,-73.91446,178.26622,0,0,0,0
659,659000,0.00988,0.00596,-0.00014,0.01570,-27.31177,-59.86298,88.04261,0.01185,0.00715,-0.00016,0.01884,-54.62354,-119.72596,176.08521,0,0,0,0
660,660000,-0.01312,-0.00320,-0.00690,-0.02322,0.08439,-77.46429,77.92193,-0.01574,-0.00385,-0.00828,-0.02787,0.16879,-154.92858,155.84387,0,0,0,0
661,661000,0.00400,0.00407,-0.01081,-0.00274,27.66092,-88.29022,60.12984,0.00481,0.00488,-0.01297,-0.00329,55.32183,-176.58044,120.25969,0,0,0,0
662,662000,0.01059,-0.00298,0.01121,0.01881,52.83547,-89.31658,36.49046,0.01270,-0.00358,0.01345,0.02257,105.67094,-178.63315,72.98092,0,0,0,0
663,663000,0.00142,-0.01355,0.01288,0.00075,72.77257,-82.39017,9.30735,0.00170,-0.01626,0.01546,0.00090,145.54514,-164.78033,18.61471,0,0,0,0
664,664000,-0.00764,-0.01188,-0.00933,-0.02885,85.76960,-66.79870,-18.78297,-0.00916,-0.01426,-0.01120,-0.03462,171.53921,-133.59740,-37.56594,0,0,0,0
665,665000,0.00173,-0.00651,0.00481,0.00002,89.99883,-45.10798,-45.24572,0.00207,-0.00781,0.00577,0.00003,179.99766,-90.21596,-90.49145,0,0,0,0
666,666000,0.00418,-0.00974,0.01388,0.00833,85.80743,-19.10297,-66.42542,0.00502,-0.01169,0.01666,0.00999,171.61486,-38.20594,-132.85083,0,0,0,0
667,667000,0.00730,-0.00221,0.00336,0.00845,72.31013,9.20870,-82.30972,0.00876,-0.00265,0.00403,0.01014,144.62025,18.41740,-164.61945,0,0,0,0
668,668000,0.00293,-0.01399,0.00025,-0.01080,52.80308,36.97366,-89.57792,0.00352,-0.01679,0.00030,-0.01296,105.60617,73.94731,-179.15584,0,0,0,0
669,669000,-0.00178,0.01251,0.00144,0.01217,27.76434,60.23005,-88.06155,-0.00213,0.01501,0.00172,0.01460,55.52868,120.46010,-176.12309,0,0,0,0
670,670000,-0.00542,-0.00190,0.01056,0.00324,0.21915,77.79641,-78.09255,-0.00650,-0.00228,0.01268,0.00389,0.43829,155.59282,-156.18510,0,0,0,0
671,671000,-0.01365,-0.01298,-0.01399,-0.04062,-27.88120,87.82497,-60.47669,-0.01638,-0.01557,-0.01679,-0.04874,-55.76240,175.64994,-120.95339,0,0,0,0
672,672000,0.01265,0.00987,-0.01413,0.00839,-52.74891,89.54238,-36.94551,0.01518,0.01185,-0.01696,0.01006,-105.49783,179.08476,-73.89102,0,0,0,0
673,673000,-0.00625,0.01169,0.00987,0.01531,-72.81151,82.48669,-9.21938,-0.00750,0.01403,0.01184,0.01837,-145.62302,164.97337,-18.43876,0,0,0,0
674,674000,-0.00713,0.00217,-0.00295,-0.00791,-85.58153,67.18762,18.50247,-0.00855,0.00260,-0.00354,-0.00949,-171.16305,134.37524,37.00494,0,0,0,0
675,675000,-0.00490,0.00081,-0.00498,-0.00907,-89.66380,44.81018,44.47263,-0.00589,0.00097,-0.00597,-0.01088,-179.32760,89.62037,88.94526,0,0,0,0
676,676000,-0.00866,-0.00538,0.00593,-0.00811,-85.52291,18.25736,66.89232,-0.01039,-0.00646,0.00712,-0.00973,-171.04582,36.51471,133.78464,0,0,0,0
677,677000,0.00697,0.00463,0.00258,0.01418,-73.06805,-9.45346,81.94739,0.00837,0.00556,0.00309,0.01702,-146.13611,-18.90692,163.89479,0,0,0,0
678,678000,-0.00763,-0.01170,0.00815,-0.01119,-53.05293,-36.71116,89.74424,-0.00916,-0.01404,0.00978,-0.01343,-106.10585,-73.42232,179.48848,0,0,0,0
679,679000,0.00932,0.00335,-0.00592,0.00675,-27.42263,-60.26296,88.02316,0.01118,0.00401,-0.00710,0.00810,-54.84526,-120.52593,176.04631,0,0,0,0
680,680000,-0.00431,0.00369,-0.01055,-0.01117,-0.05717,-77.76254,77.58651,-0.00518,0.00443,-0.01266,-0.01341,-0.11434,-155.52507,155.17303,0,0,0,0
681,681000,-0.01268,0.01325,0.01189,0.01246,27.30929,-88.25353,60.13673,-0.01521,0.01589,0.01426,0.01495,54.61858,-176.50707,120.27346,0,0,0,0
682,682000,0.00027,0.00789,0.00689,0.01504,52.70530,-89.41401,36.09266,0.00032,0.00947,0.00826,0.01805,105.41059,-178.82802,72.18533,0,0,0,0
683,683000,0.01401,-0.00644,0.01158,0.01915,72.34009,-81.80784,9.41453,0.01681,-0.00772,0.01389,0.02298,144.68018,-163.61568,18.82907,0,0,0,0
684,684000,-0.00987,0.00753,0.00626,0.00392,85.41136,-66.30887,-18.64521,-0.01184,0.00903,0.00752,0.00471,170.82273,-132.61774,-37.29042,0,0,0,0
685,685000,0.00274,-0.01095,0.00265,-0.00556,89.40145,-44.88534,-44.59627,0.00329,-0.01314,0.00318,-0.00667,178.80290,-89.77068,-89.19253,0,0,0,0
686,686000,0.01305,0.01284,0.01145,0.03734,85.64223,-18.73011,-66.35050,0.01567,0.01540,0.01374,0.04481,171.28445,-37.46023,-132.70100,0,0,0,0
687,687000,-0.00844,-0.00869,-0.00104,-0.01817,72.80482,9.49766,-82.05464,-0.01012,-0.01043,-0.00125,-0.02181,145.60964,18.99531,-164.10927,0,0,0,0
688,688000,-0.00152,0.01307,-0.01002,0.00153,53.01798,36.12449,-89.11322,-0.00182,0.01568,-0.01202,0.00184,106.03595,72.24898,-178.22645,0,0,0,0
689,689000,0.00518,-0.00328,0.00443,0.00633,28.05813,60.09894,-88.11988,0.00622,-0.00394,0.00532,0.00760,56.11625,120.19788,-176.23975,0,0,0,0
690,690000,0.00987,-0.01162,-0.00760,-0.00936,0.06999,77.37355,-78.22424,0.01184,-0.01395,-0.00912,-0.01123,0.13999,154.74709,-156.44848,0,0,0,0
691,691000,-0.00904,-0.00013,0.00083,-0.00834,-27.52217,87.57426,-59.94065,-0.01085,-0.00015,0.00100,-0.01000,-55.04433,175.14853,-119.88131,0,0,0,0
692,692000,0.01269,-0.00345,0.00190,0.01114,-53.16798,89.67884,-36.76900,0.01523,-0.00414,0.00228,0.01337,-106.33597,179.35768,-73.53800,0,0,0,0
693,693000,0.00198,-0.00573,0.00252,-0.00122,-72.58046,82.33667,-9.73508,0.00238,-0.00687,0.00303,-0.00147,-145.16093,164.67335,-19.47016,0,0,0,0
694,694000,-0.00095,-0.00304,0.01154,0.00755,-85.56495,67.08147,18.29585,-0.00115,-0.00365,0.01385,0.00906,-171.12990,134.16295,36.59171,0,0,0,0
695,695000,-0.00284,0.00296,0.01117,0.01129,-90.15837,44.60777,44.61189,-0.00340,0.00355,0.01341,0.01355,-180.31674,89.21554,89.22378,0,0,0,0
696,696000,-0.00901,0.00611,-0.00662,-0.00952,-85.60410,18.33545,66.98926,-0.01081,0.00733,-0.00795,-0.01143,-171.20820,36.67089,133.97852,0,0,0,0
697,697000,-0.01209,-0.01126,0.01249,-0.01085,-72.52564,-9.42901,82.21455,-0.01451,-0.01351,0.01499,-0.01302,-145.05128,-18.85801,164.42910,0,0,0,0
698,698000,-0.00096,0.00911,0.00705,0.01520,-52.59757,-36.56593,89.73084,-0.00116,0.01093,0.00846,0.01824,-105.19513,-73.13185,179.46168,0,0,0,0
699,699000,-0.00485,0.00533,0.01147,0.01195,-28.18205,-60.47188,87.42490,-0.00582,0.00639,0.01376,0.01434,-56.36411,-120.94375,174.84980,0,0,0,0
700,700000,0.01343,-0.00818,0.01157,0.01683,-0.25290,-77.99104,78.00199,0.01612,-0.00981,0.01389,0.02020,-0.50580,-155.98207,156.00399,0,0,0,0
701,701000,0.01206,0.00443,-0.01278,0.00371,27.56001,-87.72286,59.98029,0.01447,0.00532,-0.01534,0.00445,55.12001,-175.44573,119.96058,0,0,0,0
702,702000,0.00041,-0.00862,0.00860,0.00038,52.82361,-89.08404,36.95693,0.00049,-0.01034,0.01032,0.00046,105.64722,-178.16809,73.91386,0,0,0,0
703,703000,-0.00282,-0.00249,-0.00848,-0.01380,72.80961,-81.81374,9.66586,-0.00339,-0.00299,-0.01018,-0.01656,145.61921,-163.62748,19.33171,0,0,0,0
704,704000,-0.00423,0.00312,0.00963,0.00852,85.16609,-66.61128,-18.53084,-0.00507,0.00375,0.01155,0.01023,170.33218,-133.22257,-37.06169,0,0,0,0
705,705000,0.00287,-0.00637,0.01265,0.00915,89.49156,-45.10654,-44.55055,0.00344,-0.00764,0.01519,0.01098,178.98312,-90.21309,-89.10109,0,0,0,0
706,706000,0.00934,-0.00828,0.00790,0.00896,85.68375,-18.30700,-66.77554,0.01121,-0.00994,0.00948,0.01075,171.36749,-36.61400,-133.55108,0,0,0,0
707,707000,-0.01244,-0.00295,-0.01340,-0.02879,72.67680,9.34458,-82.44259,-0.01492,-0.00354,-0.01608,-0.03455,145.35359,18.68915,-164.88517,0,0,0,0
708,708000,-0.01108,-0.01238,0.00763,-0.01583,53.03940,36.83483,-89.58031,-0.01330,-0.01485,0.00915,-0.01899,106.07879,73.66966,-179.16062,0,0,0,0
709,709000,0.00051,0.00741,-0.00409,0.00384,28.03942,59.87940,-88.28909,0.00061,0.00890,-0.00490,0.00460,56.07884,119.75879,-176.57817,0,0,0,0
710,710000,0.00966,0.01118,-0.00972,0.01111,0.19179,78.15689,-77.99741,0.01159,0.01341,-0.01166,0.01334,0.38357,156.31378,-155.99481,0,0,0,0
711,711000,0.00292,0.00424,-0.01068,-0.00353,-27.87590,88.17997,-60.23886,0.00350,0.00508,-0.01282,-0.00424,-55.75180,176.35994,-120.47772,0,0,0,0
712,712000,0.00801,-0.01064,0.00063,-0.00201,-53.00590,89.29392,-36.85978,0.00961,-0.01277,0.00075,-0.00241,-106.01181,178.58784,-73.71957,0,0,0,0
713,713000,-0.00542,0.01010,0.01081,0.01549,-72.99863,82.26605,-9.73608,-0.00650,0.01212,0.01297,0.01859,-145.99726,164.53210,-19.47216,0,0,0,0
714,714000,-0.01344,0.00065,0.00395,-0.00885,-85.44709,66.65181,18.60906,-0.01613,0.00078,0.00474,-0.01061,-170.89419,133.30361,37.21812,0,0,0,0
715,715000,-0.00270,-0.01324,-0.00452,-0.02046,-90.18771,44.95722,45.09544,-0.00324,-0.01589,-0.00542,-0.02455,-180.37543,89.91443,90.19087,0,0,0,0
716,716000,0.00229,-0.00613,-0.01311,-0.01696,-85.53525,18.47299,66.75160,0.00274,-0.00735,-0.01574,-0.02035,-171.07050,36.94598,133.50319,0,0,0,0
717,717000,0.01111,-0.00978,-0.00003,0.00129,-72.92529,-9.28785,82.25202,0.01333,-0.01174,-0.00004,0.00155,-145.85057,-18.57570,164.50404,0,0,0,0
718,718000,0.01210,0.01393,-0.00337,0.02266,-53.02662,-36.96465,89.75101,0.01452,0.01672,-0.00404,0.02719,-106.05323,-73.92930,179.50201,0,0,0,0
719,719000,0.00974,0.00052,-0.01002,0.00024,-27.45195,-60.35868,87.46157,0.01169,0.00062,-0.01202,0.00029,-54.90391,-120.71735,174.92314,0,0,0,0
720,720000,0.00999,0.00810,-0.01323,0.00486,0.14761,-78.07589,78.11086,0.01198,0.00972,-0.01588,0.00583,0.29522,-156.15178,156.22173,0,0,0,0
721,721000,-0.00048,0.00970,-0.00958,-0.00036,27.94600,-88.01765,60.27145,-0.00057,0.01164,-0.01150,-0.00043,55.89200,-176.03529,120.54289,0,0,0,0
722,722000,0.00513,-0.00466,0.01286,0.01333,53.15231,-88.99171,36.43130,0.00615,-0.00559,0.01543,0.01599,106.30462,-177.98341,72.86261,0,0,0,0
723,723000,-0.00101,0.00852,-0.01244,-0.00493,72.62934,-82.09499,9.20494,-0.00121,0.01022,-0.01493,-0.00592,145.25867,-164.18998,18.40989,0,0,0,0
724,724000,-0.00889,-0.00469,-0.01288,-0.02645,85.19058,-66.44694,-18.53340,-0.01067,-0.00563,-0.01545,-0.03175,170.38116,-132.89388,-37.06680,0,0,0,0
725,725000,-0.00445,-0.01205,-0.01143,-0.02793,90.07314,-44.79420,-45.21598,-0.00534,-0.01446,-0.01371,-0.03352,180.14627,-89.58841,-90.43196,0,0,0,0
726,726000,-0.00529,-0.00354,0.00485,-0.00398,85.12618,-18.96646,-66.62949,-0.00634,-0.00424,0.00582,-0.00477,170.25235,-37.93291,-133.25897,0,0,0,0
727,727000,-0.00631,-0.00758,0.01079,-0.00310,72.52791,9.43503,-82.43787,-0.00757,-0.00910,0.01295,-0.00372,145.05581,18.87006,-164.87574,0,0,0,0
728,728000,0.00955,-0.00175,-0.00555,0.00224,52.65890,36.91393,-88.98712,0.01146,-0.00211,-0.00666,0.00269,105.31779,73.82785,-177.97424,0,0,0,0
729,729000,0.00278,0.00136,-0.01244,-0.00829,27.59245,60.47757,-87.91538,0.00334,0.00164,-0.01493,-0.00995,55.18489,120.95514,-175.83075,0,0,0,0
730,730000,-0.00866,-0.00535,0.00617,-0.00784,-0.02904,77.46973,-78.11636,-0.01039,-0.00642,0.00741,-0.00941,-0.05808,154.93947,-156.23273,0,0,0,0
731,731000,-0.01224,0.01328,0.01340,0.01443,-28.10468,87.61206,-60.08611,-0.01469,0.01593,0.01608,0.01732,-56.20936,175.22412,-120.17223,0,0,0,0
732,732000,-0.01127,-0.00618,0.00816,-0.00929,-52.58488,89.19169,-36.64968,-0.01353,-0.00741,0.00979,-0.01115,-105.16976,178.38337,-73.29936,0,0,0,0
733,733000,0.01051,-0.00851,0.00889,0.01090,-72.52231,82.47015,-9.44865,0.01262,-0.01021,0.01067,0.01308,-145.04462,164.94030,-18.89731,0,0,0,0
734,734000,0.00929,-0.00968,-0.00250,-0.00288,-85.19303,66.39626,18.28999,0.01115,-0.01161,-0.00300,-0.00346,-170.38606,132.79252,36.57998,0,0,0,0
735,735000,0.00102,0.00661,-0.01027,-0.00263,-89.58628,45.22598,44.71921,0.00123,0.00794,-0.01232,-0.00316,-179.17255,90.45197,89.43842,0,0,0,0
736,736000,0.00585,-0.00721,-0.00678,-0.00814,-85.05688,18.80223,66.31392,0.00702,-0.00865,-0.00814,-0.00977,-170.11376,37.60446,132.62784,0,0,0,0
737,737000,-0.00737,0.01066,-0.00777,-0.00448,-73.07714,-8.97494,82.40036,-0.00885,0.01279,-0.00932,-0.00537,-146.15428,-17.94989,164.80071,0,0,0,0
738,738000,-0.00088,0.00494,0.01276,0.01682,-52.86903,-36.11243,89.07179,-0.00106,0.00593,0.01532,0.02019,-105.73807,-72.22485,178.14359,0,0,0,0
739,739000,0.01078,0.01312,-0.00236,0.02154,-27.58016,-59.97641,88.28686,0.01293,0.01574,-0.00284,0.02584,-55.16033,-119.95282,176.57372,0,0,0,0
740,740000,-0.01258,0.00108,-0.00160,-0.01310,0.05740,-78.22975,78.09417,-0.01510,0.00130,-0.00192,-0.01573,0.11479,-156.45950,156.18834,0,0,0,0
741,741000,-0.00741,0.00936,0.01237,0.01432,27.58444,-87.87692,60.28480,-0.00889,0.01123,0.01484,0.01718,55.16888,-175.75385,120.56959,0,0,0,0
742,742000,0.00014,-0.01181,-0.00149,-0.01316,52.95881,-89.37751,36.46448,0.00017,-0.01417,-0.00179,-0.01579,105.91761,-178.75503,72.92896,0,0,0,0
743,743000,-0.00283,-0.01051,0.01163,-0.00172,72.49557,-82.02796,9.79780,-0.00340,-0.01261,0.01395,-0.00206,144.99115,-164.05592,19.59560,0,0,0,0
744,744000,-0.01104,-0.01350,0.01050,-0.01404,85.48157,-66.35769,-19.12037,-0.01325,-0.01620,0.01260,-0.01684,170.96314,-132.71537,-38.24074,0,0,0,0
745,745000,-0.00773,-0.00224,0.00768,-0.00229,89.38609,-44.48143,-45.27113,-0.00928,-0.00269,0.00922,-0.00275,178.77217,-88.96287,-90.54226,0,0,0,0
746,746000,-0.01207,0.00849,-0.01179,-0.01537,85.08948,-19.05855,-66.60166,-0.01449,0.01019,-0.01415,-0.01845,170.17897,-38.11709,-133.20332,0,0,0,0
747,747000,-0.00743,-0.00688,-0.00425,-0.01855,72.99785,9.46391,-81.68376,-0.00891,-0.00825,-0.00510,-0.02226,145.99569,18.92783,-163.36751,0,0,0,0
748,748000,0.01050,0.00399,0.00512,0.01962,52.62328,36.84583,-89.04054,0.01260,0.00479,0.00614,0.02354,105.24655,73.69165,-178.08108,0,0,0,0
749,749000,-0.00307,-0.00397,0.01317,0.00613,27.42574,60.13060,-87.87328,-0.00368,-0.00477,0.01580,0.00735,54.85147,120.26120,-175.74656,0,0,0,0
750,750000,0.00971,0.00831,0.00570,0.02373,0.06949,77.92757,-77.37409,0.01166,0.00998,0.00684,0.02847,0.13898,155.85515,-154.74817,0,0,0,0
751,751000,-0.00022,0.01140,0.00322,0.01440,-27.85189,88.03733,-60.12635,-0.00027,0.01368,0.00387,0.01728,-55.70378,176.07466,-120.25271,0,0,0,0
752,752000,-0.01414,-0.00472,-0.00891,-0.02777,-52.77110,88.87705,-36.44551,-0.01697,-0.00566,-0.01070,-0.03333,-105.54220,177.75409,-72.89101,0,0,0,0
753,753000,0.00175,0.00334,-0.00952,-0.00442,-72.43641,81.84208,-9.49704,0.00211,0.00401,-0.01142,-0.00531,-144.87282,163.68416,-18.99409,0,0,0,0
754,754000,-0.00289,-0.01411,0.01223,-0.00477,-85.78971,66.91475,19.03746,-0.00346,-0.01693,0.01468,-0.00572,-171.57941,133.82949,38.07493,0,0,0,0
755,755000,-0.00310,0.01057,0.00072,0.00819,-89.92543,44.88929,45.20416,-0.00372,0.01269,0.00086,0.00982,-179.85086,89.77857,90.40832,0,0,0,0
756,756000,0.00740,0.00834,0.00597,0.02171,-85.47757,18.63620,67.01887,0.00888,0.01001,0.00716,0.02605,-170.95513,37.27240,134.03774,0,0,0,0
757,757000,0.00393,0.01232,0.00667,0.02293,-72.59039,-9.81668,81.68791,0.00472,0.01479,0.00801,0.02751,-145.18079,-19.63337,163.37583,0,0,0,0
758,758000,-0.00632,0.00136,0.01045,0.00548,-52.73297,-36.84631,89.18190,-0.00759,0.00163,0.01254,0.00658,-105.46595,-73.69262,178.36381,0,0,0,0
759,759000,-0.00269,0.00902,0.01063,0.01696,-27.64207,-60.19023,87.59769,-0.00323,0.01083,0.01275,0.02035,-55.28413,-120.38046,175.19539,0,0,0,0
760,760000,0.00030,0.00843,-0.01013,-0.00140,-0.11532,-77.54669,77.42414,0.00036,0.01012,-0.01215,-0.00168,-0.23065,-155.09338,154.84828,0,0,0,0
761,761000,0.01044,0.00728,0.00785,0.02557,27.40744,-88.10951,59.66422,0.01253,0.00874,0.00942,0.03068,54.81489,-176.21903,119.32844,0,0,0,0
762,762000,-0.00550,0.00310,0.01087,0.00848,52.55240,-89.74385,36.40243,-0.00660,0.00372,0.01305,0.01017,105.10479,-179.48770,72.80486,0,0,0,0
763,763000,0.00046,-0.00872,0.00796,-0.00030,72.40191,-82.13071,9.40486,0.00055,-0.01046,0.00955,-0.00036,144.80381,-164.26142,18.80972,0,0,0,0
764,764000,0.01388,-0.00776,0.00484,0.01096,85.61926,-66.55455,-18.87881,0.01665,-0.00931,0.00581,0.01315,171.23852,-133.10911,-37.75762,0,0,0,0
765,765000,-0.00858,-0.00617,-0.00907,-0.02382,89.42736,-44.95359,-45.30071,-0.01029,-0.00741,-0.01088,-0.02858,178.85471,-89.90719,-90.60142,0,0,0,0
766,766000,-0.00111,-0.01326,0.01264,-0.00172,85.16272,-18.34609,-66.97387,-0.00133,-0.01591,0.01517,-0.00207,170.32544,-36.69218,-133.94774,0,0,0,0
767,767000,-0.01242,0.00673,0.00044,-0.00525,72.95809,9.64892,-82.16756,-0.01491,0.00807,0.00053,-0.00630,145.91617,19.29785,-164.33511,0,0,0,0
768,768000,-0.00934,0.01197,0.01358,0.01621,52.61993,36.62903,-89.22450,-0.01121,0.01437,0.01630,0.01946,105.23987,73.25807,-178.44900,0,0,0,0
769,769000,-0.01145,0.01300,-0.01023,-0.00868,27.90077,59.81597,-88.05992,-0.01374,0.01560,-0.01227,-0.01041,55.80153,119.63193,-176.11985,0,0,0,0
770,770000,-0.00820,0.00566,0.01235,0.00981,-0.24375,78.06765,-77.94770,-0.00984,0.00679,0.01482,0.01177,-0.48751,156.13530,-155.89539,0,0,0,0
771,771000,0.00887,-0.00861,-0.00722,-0.00695,-27.80650,87.59989,-60.35217,0.01065,-0.01033,-0.00866,-0.00834,-55.61300,175.19979,-120.70435,0,0,0,0
772,772000,-0.00840,0.01185,-0.00204,0.00140,-53.10238,89.04078,-36.45614,-0.01008,0.01422,-0.00245,0.00168,-106.20477,178.08155,-72.91229,0,0,0,0
773,773000,0.00896,0.00063,0.00445,0.01404,-73.05072,81.91635,-8.98701,0.01075,0.00076,0.00534,0.01685,-146.10144,163.83271,-17.97402,0,0,0,0
774,774000,0.00989,-0.00576,-0.00495,-0.00081,-85.74917,66.62922,18.60085,0.01187,-0.00691,-0.00593,-0.00098,-171.49834,133.25844,37.20170,0,0,0,0
775,775000,-0.01241,0.00476,-0.00339,-0.01104,-89.74195,45.14782,45.10176,-0.01489,0.00571,-0.00407,-0.01325,-179.48390,90.29564,90.20352,0,0,0,0
776,776000,-0.01290,0.01125,0.00020,-0.00145,-85.27886,18.89232,66.55344,-0.01548,0.01350,0.00024,-0.00174,-170.55773,37.78465,133.10688,0,0,0,0
777,777000,-0.01021,0.01263,0.00396,0.00638,-72.78398,-9.01384,82.12511,-0.01225,0.01516,0.00475,0.00766,-145.56796,-18.02768,164.25022,0,0,0,0
778,778000,-0.00070,0.00504,-0.00069,0.00366,-52.98840,-36.53163,89.63333,-0.00084,0.00605,-0.00083,0.00439,-105.97679,-73.06326,179.26666,0,0,0,0
779,779000,0.00336,-0.00138,-0.00669,-0.00470,-27.49059,-60.18819,87.40800,0.00403,-0.00165,-0.00802,-0.00564,-54.98118,-120.37638,174.81601,0,0,0,0
780,780000,-0.00709,-0.00746,-0.00937,-0.02392,0.35753,-77.48091,77.68839,-0.00851,-0.00895,-0.01125,-0.02870,0.71505,-154.96181,155.37678,0,0,0,0
781,781000,0.00012,-0.00731,-0.00817,-0.01535,27.40829,-88.23470,59.83658,0.00015,-0.00877,-0.00980,-0.01842,54.81659,-176.46940,119.67316,0,0,0,0
782,782000,0.00952,-0.00746,0.01191,0.01398,52.38798,-89.46483,36.21592,0.01143,-0.00895,0.01429,0.01677,104.77597,-178.92965,72.43184,0,0,0,0
783,783000,-0.00840,-0.00845,0.00443,-0.01242,73.06467,-82.27522,9.09483,-0.01008,-0.01014,0.00532,-0.01491,146.12933,-164.55043,18.18966,0,0,0,0
784,784000,-0.00915,-0.01414,-0.01192,-0.03521,85.31819,-66.44454,-18.96365,-0.01098,-0.01697,-0.01431,-0.04226,170.63637,-132.88908,-37.92730,0,0,0,0
785,785000,-0.00913,0.01176,-0.01130,-0.00867,89.82201,-44.71560,-44.97326,-0.01095,0.01411,-0.01356,-0.01040,179.64401,-89.43120,-89.94651,0,0,0,0
786,786000,0.01271,0.00982,-0.00823,0.01429,85.70258,-18.83464,-66.41643,0.01525,0.01178,-0.00987,0.01715,171.40516,-37.66928,-132.83287,0,0,0,0
787,787000,0.00520,-0.01034,-0.01226,-0.01740,72.93454,9.42697,-81.75205,0.00624,-0.01241,-0.01472,-0.02088,145.86909,18.85394,-163.50409,0,0,0,0
788,788000,-0.00791,0.00549,-0.01095,-0.01336,52.79956,36.10262,-89.04985,-0.00949,0.00659,-0.01314,-0.01604,105.59912,72.20525,-178.09971,0,0,0,0
789,789000,0.00518,-0.00788,0.00300,0.00030,27.95504,60.18295,-88.05914,0.00621,-0.00946,0.00360,0.00036,55.91007,120.36590,-176.11828,0,0,0,0
790,790000,0.00101,0.00722,0.01191,0.02014,0.32981,78.07756,-78.17601,0.00122,0.00867,0.01429,0.02417,0.65962,156.15511,-156.35203,0,0,0,0
791,791000,-0.00711,0.00615,0.00876,0.00781,-27.50658,88.08522,-59.66130,-0.00853,0.00738,0.01052,0.00937,-55.01316,176.17043,-119.32260,0,0,0,0
792,792000,-0.00788,0.00296,-0.01173,-0.01664,-52.67045,89.30966,-36.15139,-0.00945,0.00356,-0.01408,-0.01997,-105.34089,178.61931,-72.30277,0,0,0,0
793,793000,0.01148,-0.00844,0.01304,0.01608,-72.39983,82.20090,-9.32105,0.01378,-0.01013,0.01565,0.01930,-144.79966,164.40179,-18.64210,0,0,0,0
794,794000,0.00009,0.01031,0.01219,0.02258,-85.64597,66.97187,18.95100,0.00011,0.01237,0.01463,0.02710,-171.29193,133.94374,37.90201,0,0,0,0
795,795000,0.01312,0.01041,0.00720,0.03074,-89.46059,44.83057,44.64063,0.01574,0.01249,0.00865,0.03688,-178.92117,89.66114,89.28127,0,0,0,0
796,796000,0.00218,-0.00737,0.00336,-0.00183,-85.11733,18.51616,66.67306,0.00261,-0.00884,0.00403,-0.00219,-170.23466,37.03233,133.34611,0,0,0,0
797,797000,-0.00592,-0.00461,0.00686,-0.00366,-72.65716,-9.73619,82.46027,-0.00710,-0.00553,0.00823,-0.00439,-145.31433,-19.47237,164.92055,0,0,0,0
798,798000,0.00072,0.00239,-0.00582,-0.00271,-52.61592,-36.29086,89.26207,0.00086,0.00287,-0.00698,-0.00325,-105.23185,-72.58172,178.52413,0,0,0,0
799,799000,-0.00596,-0.01026,-0.00032,-0.01654,-28.01379,-60.23039,88.19362,-0.00715,-0.01231,-0.00039,-0.01985,-56.02757,-120.46077,176.38725,0,0,0,0
800,800000,0.01128,-0.00821,0.00082,0.00389,0.26664,-77.48029,77.71192,0.01353,-0.00986,0.00099,0.00466,0.53329,-154.96058,155.42385,0,0,0,0
801,801000,-0.00223,0.00812,-0.00534,0.00054,27.74218,-87.87856,59.67040,-0.00267,0.00974,-0.00641,0.00065,55.48437,-175.75712,119.34081,0,0,0,0
802,802000,0.00301,0.00970,-0.00193,0.01077,52.88439,-89.44119,36.69878,0.00361,0.01163,-0.00232,0.01292,105.76878,-178.88238,73.39756,0,0,0,0
803,803000,0.00417,-0.00420,-0.00039,-0.00042,72.99413,-82.06834,9.41656,0.00500,-0.00504,-0.00047,-0.00051,145.98826,-164.13668,18.83313,0,0,0,0
804,804000,0.01173,0.00379,0.00169,0.01721,85.62739,-67.10350,-18.36458,0.01407,0.00455,0.00203,0.02065,171.25479,-134.20699,-36.72916,0,0,0,0
805,805000,0.01281,-0.00922,-0.00428,-0.00069,89.84529,-44.64033,-44.54313,0.01537,-0.01106,-0.00513,-0.00083,179.69058,-89.28066,-89.08625,0,0,0,0
806,806000,0.01019,-0.01046,0.00090,0.00063,85.12147,-18.36987,-67.15226,0.01223,-0.01256,0.00108,0.00076,170.24294,-36.73973,-134.30453,0,0,0,0
807,807000,0.00249,-0.01264,0.00210,-0.00806,72.36829,9.64445,-81.76212,0.00299,-0.01517,0.00252,-0.00967,144.73658,19.28891,-163.52425,0,0,0,0
808,808000,-0.01019,-0.00149,0.01378,0.00210,52.99316,36.50433,-89.45923,-0.01223,-0.00178,0.01654,0.00252,105.98632,73.00865,-178.91846,0,0,0,0
809,809000,-0.00224,-0.01058,0.01075,-0.00207,27.88125,59.77579,-88.10472,-0.00269,-0.01270,0.01290,-0.00249,55.76250,119.55159,-176.20945,0,0,0,0
810,810000,0.00363,-0.00897,-0.00511,-0.01045,0.16150,77.58204,-77.81912,0.00436,-0.01076,-0.00614,-0.01254,0.32300,155.16409,-155.63825,0,0,0,0
811,811000,0.01216,0.01412,0.01080,0.03707,-27.74754,87.49070,-60.24115,0.01459,0.01694,0.01296,0.04449,-55.49508,174.98139,-120.48230,0,0,0,0
812,812000,-0.00771,-0.01104,-0.01034,-0.02909,-53.11014,89.39181,-36.81003,-0.00925,-0.01325,-0.01241,-0.03491,-106.22029,178.78361,-73.62007,0,0,0,0
813,813000,0.00340,0.01322,0.00683,0.02346,-73.09675,81.80353,-9.10565,0.00408,0.01587,0.00820,0.02815,-146.19349,163.60706,-18.21130,0,0,0,0
814,814000,-0.00859,0.00501,0.00970,0.00612,-85.67163,67.06007,18.78072,-0.01031,0.00602,0.01164,0.00734,-171.34326,134.12014,37.56143,0,0,0,0
815,815000,-0.00728,0.01196,0.00424,0.00891,-89.46823,45.16222,44.91119,-0.00874,0.01435,0.00508,0.01070,-178.93645,90.32445,89.82237,0,0,0,0
816,816000,0.01116,0.00176,0.00482,0.01774,-85.69164,18.34323,66.50374,0.01339,0.00212,0.00579,0.02129,-171.38328,36.68646,133.00748,0,0,0,0
817,817000,0.01166,-0.00316,0.00926,0.01776,-72.60143,-9.23517,81.97295,0.01399,-0.00379,0.01111,0.02131,-145.20287,-18.47035,163.94591,0,0,0,0
818,818000,-0.01399,-0.00764,-0.00489,-0.02653,-52.89046,-36.26969,89.68097,-0.01679,-0.00917,-0.00587,-0.03183,-105.78092,-72.53939,179.36195,0,0,0,0
819,819000,0.01255,-0.01278,-0.00806,-0.00829,-27.92415,-60.15898,88.23106,0.01506,-0.01533,-0.00967,-0.00995,-55.84829,-120.31797,176.46211,0,0,0,0
820,820000,-0.00531,-0.00409,-0.01013,-0.01953,0.19728,-78.22480,77.39689,-0.00638,-0.00490,-0.01215,-0.02343,0.39456,-156.44960,154.79379,0,0,0,0
821,821000,0.01392,-0.01305,0.01245,0.01332,28.07383,-87.86462,60.03541,0.01671,-0.01566,0.01494,0.01598,56.14766,-175.72924,120.07082,0,0,0,0
822,822000,-0.01140,0.00071,-0.01095,-0.02164,52.52328,-89.29700,36.20732,-0.01368,0.00085,-0.01314,-0.02597,105.04656,-178.59400,72.41465,0,0,0,0
823,823000,-0.01281,0.00995,-0.00202,-0.00488,72.29663,-81.78163,8.97786,-0.01537,0.01194,-0.00242,-0.00586,144.59326,-163.56326,17.95573,0,0,0,0
824,824000,-0.01380,-0.00140,-0.00370,-0.01890,85.81586,-67.09892,-18.65729,-0.01656,-0.00168,-0.00444,-0.02268,171.63171,-134.19784,-37.31458,0,0,0,0
825,825000,-0.00177,-0.00403,0.01068,0.00488,90.12809,-44.85927,-44.58244,-0.00213,-0.00484,0.01282,0.00585,180.25618,-89.71854,-89.16488,0,0,0,0
826,826000,-0.00075,-0.01103,-0.00531,-0.01709,85.31253,-18.54217,-66.77093,-0.00090,-0.01323,-0.00637,-0.02050,170.62506,-37.08434,-133.54187,0,0,0,0
827,827000,-0.00919,0.00672,0.00395,0.00148,72.94906,9.67449,-81.76679,-0.01103,0.00807,0.00474,0.00177,145.89812,19.34897,-163.53359,0,0,0,0
828,828000,0.00276,-0.00005,-0.00188,0.00083,52.37781,36.13247,-89.09381,0.00331,-0.00006,-0.00225,0.00100,104.75562,72.26494,-178.18762,0,0,0,0
829,829000,0.00262,0.00719,-0.00778,0.00203,27.89069,59.82632,-87.68536,0.00314,0.00863,-0.00933,0.00244,55.78138,119.65263,-175.37072,0,0,0,0
830,830000,-0.00194,-0.00361,0.01278,0.00724,-0.34164,77.62330,-77.57445,-0.00233,-0.00433,0.01534,0.00868,-0.68328,155.24660,-155.14890,0,0,0,0
831,831000,-0.00057,0.00994,0.00580,0.01518,-27.68243,88.15786,-60.22231,-0.00068,0.01193,0.00697,0.01821,-55.36485,176.31571,-120.44462,0,0,0,0
832,832000,0.01256,-0.00313,0.01001,0.01943,-52.79303,89.19438,-36.47654,0.01507,-0.00376,0.01201,0.02332,-105.58606,178.38876,-72.95307,0,0,0,0
833,833000,-0.01129,0.00867,-0.01215,-0.01477,-72.50258,82.18461,-8.94496,-0.01355,0.01040,-0.01458,-0.01772,-145.00515,164.36922,-17.88992,0,0,0,0
834,834000,0.00625,0.00313,-0.00046,0.00891,-85.14699,67.15445,18.38485,0.00749,0.00375,-0.00055,0.01069,-170.29398,134.30891,36.76970,0,0,0,0
835,835000,0.01300,0.01267,-0.00742,0.01825,-89.65670,44.78468,44.97826,0.01560,0.01520,-0.00890,0.02190,-179.31341,89.56936,89.95652,0,0,0,0
836,836000,-0.00872,0.00894,0.00902,0.00924,-85.29167,18.23504,66.91150,-0.01047,0.01073,0.01082,0.01108,-170.58334,36.47007,133.82300,0,0,0,0
837,837000,-0.00947,-0.01378,0.00019,-0.02306,-72.37448,-9.19593,82.11663,-0.01137,-0.01653,0.00023,-0.02767,-144.74896,-18.39185,164.23326,0,0,0,0
838,838000,0.00352,0.00590,0.00191,0.01133,-52.39659,-36.78823,89.40646,0.00423,0.00708,0.00229,0.01360,-104.79317,-73.57647,178.81292,0,0,0,0
839,839000,0.00041,0.00279,-0.01279,-0.00958,-28.02886,-59.86301,87.51763,0.00050,0.00335,-0.01534,-0.01150,-56.05771,-119.72602,175.03527,0,0,0,0
840,840000,0.01168,0.01398,-0.00572,0.01994,0.26071,-78.05621,77.72841,0.01401,0.01677,-0.00686,0.02392,0.52142,-156.11242,155.45682,0,0,0,0
841,841000,-0.01372,0.01335,-0.00013,-0.00051,27.98608,-88.12655,60.01049,-0.01646,0.01602,-0.00016,-0.00061,55.97216,-176.25311,120.02099,0,0,0,0
842,842000,-0.01334,-0.01255,0.00046,-0.02543,52.87005,-89.24226,36.61418,-0.01601,-0.01506,0.00055,-0.03051,105.74010,-178.48452,73.22835,0,0,0,0
843,843000,-0.00875,-0.01000,-0.00663,-0.02538,72.54939,-82.14522,8.97785,-0.01050,-0.01200,-0.00796,-0.03046,145.09878,-164.29044,17.95569,0,0,0,0
844,844000,0.00652,-0.00910,-0.00252,-0.00510,85.12350,-66.53100,-18.68036,0.00783,-0.01092,-0.00302,-0.00612,170.24701,-133.06200,-37.36071,0,0,0,0
845,845000,-0.00712,0.01394,-0.00190,0.00492,89.90739,-44.47332,-44.78882,-0.00855,0.01673,-0.00228,0.00591,179.81478,-88.94663,-89.57764,0,0,0,0
846,846000,-0.00925,0.00416,-0.01328,-0.01838,85.27873,-18.74482,-66.70663,-0.01111,0.00499,-0.01594,-0.02205,170.55745,-37.48964,-133.41326,0,0,0,0
847,847000,0.00921,0.00417,-0.00405,0.00933,72.71922,9.31725,-82.06189,0.01105,0.00500,-0.00486,0.01120,145.43844,18.63450,-164.12377,0,0,0,0
848,848000,0.00878,0.00672,0.00889,0.02440,53.02517,36.64027,-88.97657,0.01054,0.00807,0.01067,0.02927,106.05035,73.28055,-177.95315,0,0,0,0
849,849000,0.00348,-0.01022,-0.00086,-0.00760,27.44519,60.53234,-87.77932,0.00417,-0.01226,-0.00103,-0.00912,54.89038,121.06467,-175.55863,0,0,0,0
850,850000,-0.00197,0.00629,-0.00486,-0.00054,-0.02702,77.34074,-77.91204,-0.00236,0.00755,-0.00583,-0.00064,-0.05405,154.68149,-155.82408,0,0,0,0
851,851000,0.00585,-0.00939,-0.00026,-0.00381,-28.16180,88.05573,-60.35031,0.00702,-0.01127,-0.00031,-0.00457,-56.32360,176.11145,-120.70063,0,0,0,0
852,852000,0.00867,0.01090,0.00156,0.02113,-52.46562,89.25999,-36.51573,0.01040,0.01308,0.00188,0.02535,-104.93124,178.51999,-73.03147,0,0,0,0
853,853000,-0.01198,-0.00144,0.00071,-0.01272,-73.00805,82.09579,-9.74247,-0.01438,-0.00173,0.00085,-0.01526,-146.01610,164.19158,-19.48493,0,0,0,0
854,854000,0.00759,0.00776,-0.00542,0.00993,-85.42405,67.03264,18.62705,0.00911,0.00931,-0.00650,0.01192,-170.84810,134.06527,37.25410,0,0,0,0
855,855000,-0.01109,-0.01225,0.00893,-0.01441,-90.24141,44.51735,45.35390,-0.01331,-0.01470,0.01072,-0.01729,-180.48282,89.03470,90.70780,0,0,0,0
856,856000,0.01024,0.00817,-0.00710,0.01131,-85.75251,18.49363,66.41842,0.01229,0.00981,-0.00852,0.01357,-171.50501,36.98726,132.83685,0,0,0,0
857,857000,-0.01042,-0.00780,-0.00269,-0.02091,-73.01637,-9.04757,81.90963,-0.01251,-0.00936,-0.00323,-0.02510,-146.03273,-18.09514,163.81925,0,0,0,0
858,858000,0.00253,-0.00944,0.01163,0.00473,-52.35226,-36.21041,89.40418,0.00304,-0.01132,0.01396,0.00568,-104.70452,-72.42081,178.80836,0,0,0,0
859,859000,-0.01198,0.00110,-0.00998,-0.02086,-27.63177,-60.32419,88.21517,-0.01438,0.00132,-0.01198,-0.02503,-55.26355,-120.64838,176.43034,0,0,0,0
860,860000,0.00621,0.00045,-0.00879,-0.00213,0.30338,-77.48365,78.18713,0.00745,0.00054,-0.01055,-0.00255,0.60676,-154.96730,156.37425,0,0,0,0
861,861000,0.00666,0.00207,-0.00250,0.00623,27.91421,-87.49688,59.93700,0.00799,0.00248,-0.00300,0.00747,55.82841,-174.99376,119.87399,0,0,0,0
862,862000,0.00564,-0.01310,0.00899,0.00153,52.80635,-88.88718,36.89812,0.00677,-0.01572,0.01079,0.00183,105.61270,-177.77435,73.79625,0,0,0,0
863,863000,0.00501,0.01049,0.01191,0.02740,72.97019,-82.12771,9.10087,0.00601,0.01259,0.01429,0.03288,145.94037,-164.25543,18.20175,0,0,0,0
864,864000,0.00956,-0.01148,-0.00244,-0.00437,85.38514,-66.41773,-18.69707,0.01147,-0.01378,-0.00293,-0.00524,170.77028,-132.83546,-37.39415,0,0,0,0
865,865000,0.00781,0.00487,0.01041,0.02310,90.12980,-44.59538,-44.47856,0.00938,0.00585,0.01249,0.02772,180.25960,-89.19077,-88.95712,0,0,0,0
866,866000,-0.00204,-0.00014,0.00892,0.00675,85.31516,-19.05986,-67.01503,-0.00244,-0.00017,0.01071,0.00810,170.63032,-38.11971,-134.03005,0,0,0,0
867,867000,-0.00906,-0.00003,0.01170,0.00261,72.86205,9.81468,-81.91747,-0.01087,-0.00003,0.01404,0.00313,145.72411,19.62936,-163.83495,0,0,0,0
868,868000,-0.00984,-0.00578,0.01325,-0.00236,52.90564,36.78978,-89.61463,-0.01180,-0.00693,0.01590,-0.00284,105.81129,73.57957,-179.22927,0,0,0,0
869,869000,0.00460,-0.00007,-0.00493,-0.00040,27.80947,60.26283,-88.21790,0.00552,-0.00009,-0.00591,-0.00048,55.61895,120.52565,-176.43580,0,0,0,0
870,870000,-0.00148,-0.00224,-0.01310,-0.01683,-0.22780,77.93015,-77.97608,-0.00178,-0.00269,-0.01572,-0.02020,-0.45561,155.86029,-155.95215,0,0,0,0
871,871000,-0.00760,-0.00879,0.00136,-0.01502,-27.54309,87.85297,-60.28475,-0.00912,-0.01054,0.00164,-0.01803,-55.08617,175.70593,-120.56950,0,0,0,0
872,872000,0.00304,0.00572,-0.01034,-0.00158,-53.18656,89.00904,-36.43444,0.00365,0.00687,-0.01241,-0.00189,-106.37313,178.01808,-72.86888,0,0,0,0
873,873000,-0.00375,0.00144,-0.00499,-0.00730,-72.80732,81.72112,-9.22227,-0.00450,0.00172,-0.00599,-0.00876,-145.61464,163.44224,-18.44455,0,0,0,0
874,874000,-0.00294,0.00352,0.00123,0.00181,-85.25426,66.86488,18.54767,-0.00353,0.00422,0.00148,0.00217,-170.50851,133.72977,37.09535,0,0,0,0
875,875000,-0.01000,-0.00151,0.00455,-0.00695,-90.02917,44.50160,45.10708,-0.01199,-0.00181,0.00546,-0.00834,-180.05834,89.00320,90.21417,0,0,0,0
876,876000,0.00823,0.00740,0.00120,0.01683,-85.15122,19.09211,66.97549,0.00987,0.00888,0.00144,0.02019,-170.30243,38.18421,133.95098,0,0,0,0
877,877000,0.01172,-0.00242,-0.00515,0.00415,-72.91412,-8.97573,81.87425,0.01406,-0.00290,-0.00618,0.00498,-145.82824,-17.95147,163.74851,0,0,0,0
878,878000,0.00625,0.00281,0.01324,0.02230,-52.73580,-36.48155,89.63071,0.00750,0.00338,0.01589,0.02677,-105.47159,-72.96310,179.26142,0,0,0,0
879,879000,-0.00874,0.00764,0.00922,0.00813,-28.06779,-60.29500,87.46497,-0.01049,0.00917,0.01107,0.00975,-56.13558,-120.59000,174.92994,0,0,0,0
880,880000,-0.00082,0.01150,-0.00122,0.00946,0.31012,-77.38202,78.12751,-0.00098,0.01379,-0.00146,0.01135,0.62023,-154.76404,156.25501,0,0,0,0
881,881000,0.00423,-0.00069,0.00040,0.00393,28.17770,-88.16112,60.18978,0.00507,-0.00083,0.00047,0.00472,56.35540,-176.32224,120.37955,0,0,0,0
882,882000,-0.00707,-0.00936,-0.00552,-0.02196,52.44004,-89.25206,36.44184,-0.00849,-0.01123,-0.00662,-0.02635,104.88007,-178.50413,72.88369,0,0,0,0
883,883000,0.00575,-0.00605,0.00561,0.00531,72.28483,-82.05380,9.15286,0.00690,-0.00726,0.00673,0.00638,144.56965,-164.10759,18.30572,0,0,0,0
884,884000,-0.00102,0.01049,0.01335,0.02282,85.78466,-66.75045,-18.41423,-0.00123,0.01258,0.01602,0.02738,171.56932,-133.50090,-36.82846,0,0,0,0
885,885000,0.01077,0.01176,0.01005,0.03258,89.89246,-44.92822,-45.07181,0.01293,0.01411,0.01206,0.03910,179.78492,-89.85644,-90.14363,0,0,0,0
886,886000,-0.00693,-0.00226,0.01265,0.00346,85.30004,-19.01121,-67.00681,-0.00831,-0.00271,0.01518,0.00416,170.60008,-38.02241,-134.01361,0,0,0,0
887,887000,-0.00680,-0.00477,0.01057,-0.00099,72.77585,9.21876,-81.77634,-0.00816,-0.00573,0.01269,-0.00119,145.55171,18.43751,-163.55269,0,0,0,0
888,888000,-0.00538,-0.00909,0.00795,-0.00652,52.94268,36.64547,-89.43714,-0.00645,-0.01091,0.00954,-0.00782,105.88537,73.29093,-178.87428,0,0,0,0
889,889000,-0.01345,0.00565,-0.00572,-0.01352,27.95778,59.92295,-87.69526,-0.01614,0.00678,-0.00686,-0.01622,55.91557,119.84590,-175.39052,0,0,0,0
890,890000,-0.01355,-0.00690,0.00603,-0.01441,-0.21220,77.72158,-77.39041,-0.01626,-0.00828,0.00724,-0.01730,-0.42439,155.44316,-154.78082,0,0,0,0
891,891000,0.00341,-0.00416,0.00484,0.00409,-27.81313,87.96949,-59.75815,0.00409,-0.00499,0.00580,0.00490,-55.62627,175.93899,-119.51630,0,0,0,0
892,892000,0.00501,0.01314,0.01007,0.02821,-52.45695,89.63877,-36.27407,0.00601,0.01576,0.01208,0.03386,-104.91389,179.27755,-72.54815,0,0,0,0
893,893000,-0.00057,0.00594,-0.00201,0.00335,-72.98337,82.42961,-9.77551,-0.00069,0.00713,-0.00242,0.00402,-145.96674,164.85921,-19.55101,0,0,0,0
894,894000,0.00160,-0.00874,-0.00239,-0.00953,-85.31985,66.58257,18.30016,0.00192,-0.01049,-0.00287,-0.01144,-170.63970,133.16513,36.60031,0,0,0,0
895,895000,-0.00469,-0.01325,-0.00398,-0.02192,-89.67133,44.88789,44.49704,-0.00563,-0.01590,-0.00477,-0.02631,-179.34267,89.77579,88.99408,0,0,0,0
896,896000,-0.00547,0.01304,-0.00336,0.00420,-85.80450,18.53771,66.65892,-0.00657,0.01564,-0.00403,0.00505,-171.60900,37.07542,133.31784,0,0,0,0
897,897000,-0.00039,-0.00418,0.00069,-0.00388,-72.91474,-9.12855,81.61910,-0.00047,-0.00501,0.00083,-0.00465,-145.82949,-18.25709,163.23820,0,0,0,0
898,898000,-0.00182,-0.01312,0.01413,-0.00082,-52.61256,-36.47180,89.76552,-0.00219,-0.01574,0.01695,-0.00098,-105.22513,-72.94360,179.53103,0,0,0,0
899,899000,-0.01037,-0.00035,-0.00821,-0.01893,-27.70496,-60.07678,88.04061,-0.01245,-0.00042,-0.00986,-0.02272,-55.40993,-120.15356,176.08122,0,0,0,0
900,900000,0.00870,-0.01068,0.00425,0.00227,-0.01020,-77.99024,77.92806,0.01044,-0.01282,0.00510,0.00272,-0.02040,-155.98048,155.85612,0,0,0,0
901,901000,-0.00897,0.01348,0.00578,0.01029,27.78634,-87.85289,59.90608,-0.01077,0.01618,0.00694,0.01235,55.57268,-175.70578,119.81216,0,0,0,0
902,902000,-0.01084,-0.01157,-0.01365,-0.03606,53.03436,-89.44439,36.84280,-0.01301,-0.01388,-0.01638,-0.04328,106.06872,-178.88879,73.68561,0,0,0,0
903,903000,0.00996,-0.00330,-0.01237,-0.00571,73.02154,-82.47662,9.07810,0.01195,-0.00396,-0.01484,-0.00685,146.04307,-164.95324,18.15619,0,0,0,0
904,904000,-0.00589,0.00451,-0.00635,-0.00773,85.72316,-66.71349,-18.53355,-0.00707,0.00541,-0.00762,-0.00928,171.44632,-133.42698,-37.06710,0,0,0,0
905,905000,0.00497,-0.01327,0.01036,0.00205,89.80901,-44.79694,-45.20622,0.00596,-0.01593,0.01243,0.00246,179.61802,-89.59388,-90.41244,0,0,0,0
906,906000,-0.00015,0.00794,-0.01167,-0.00388,85.62877,-18.52221,-66.48789,-0.00018,0.00953,-0.01400,-0.00466,171.25754,-37.04441,-132.97579,0,0,0,0
907,907000,-0.00052,0.01019,0.00329,0.01296,72.32337,9.73058,-82.11422,-0.00062,0.01222,0.00395,0.01555,144.64675,19.46116,-164.22844,0,0,0,0
908,908000,0.00142,0.00937,-0.01277,-0.00197,53.03854,36.61918,-89.10720,0.00171,0.01124,-0.01532,-0.00237,106.07709,73.23836,-178.21440,0,0,0,0
909,909000,0.01324,-0.00361,-0.00191,0.00773,27.87810,59.71814,-88.15373,0.01589,-0.00433,-0.00229,0.00928,55.75620,119.43627,-176.30745,0,0,0,0
910,910000,0.00340,-0.00296,0.00577,0.00621,-0.37028,78.21709,-77.38266,0.00408,-0.00355,0.00692,0.00745,-0.74057,156.43419,-154.76532,0,0,0,0
911,911000,-0.00845,0.00610,-0.00607,-0.00842,-27.74404,87.95464,-59.81915,-0.01014,0.00732,-0.00729,-0.01011,-55.48807,175.90928,-119.63830,0,0,0,0
912,912000,-0.00400,0.01339,-0.00865,0.00075,-52.75731,88.91726,-36.69639,-0.00479,0.01607,-0.01038,0.00090,-105.51461,177.83451,-73.39278,0,0,0,0
913,913000,-0.00068,-0.01024,0.01077,-0.00015,-72.28753,82.43800,-9.76678,-0.00082,-0.01229,0.01292,-0.00018,-144.57505,164.87599,-19.53357,0,0,0,0
914,914000,-0.00199,0.01156,-0.00967,-0.00010,-85.38080,66.53273,18.66061,-0.00239,0.01387,-0.01160,-0.00012,-170.76161,133.06546,37.32121,0,0,0,0
915,915000,0.00929,-0.01198,0.01412,0.01143,-89.68614,45.18555,45.32346,0.01115,-0.01438,0.01695,0.01372,-179.37228,90.37109,90.64691,0,0,0,0
916,916000,-0.00541,0.01243,-0.01271,-0.00569,-84.98255,18.72693,67.00068,-0.00650,0.01492,-0.01525,-0.00683,-169.96511,37.45387,134.00137,0,0,0,0
917,917000,-0.00924,-0.00773,0.01401,-0.00296,-72.91767,-9.49113,82.24675,-0.01109,-0.00927,0.01681,-0.00355,-145.83533,-18.98225,164.49350,0,0,0,0
918,918000,-0.00188,-0.00416,0.00024,-0.00580,-52.54952,-36.41698,89.73220,-0.00225,-0.00499,0.00029,-0.00696,-105.09905,-72.83395,179.46440,0,0,0,0
919,919000,0.01145,0.00838,-0.01201,0.00782,-27.96157,-59.82467,88.17617,0.01374,0.01006,-0.01442,0.00938,-55.92313,-119.64933,176.35233,0,0,0,0
920,920000,0.00596,0.00733,0.01261,0.02590,0.23398,-78.19063,77.65159,0.00715,0.00880,0.01513,0.03108,0.46797,-156.38125,155.30317,0,0,0,0
921,921000,-0.00569,0.01244,-0.01031,-0.00356,27.51373,-88.08093,60.52807,-0.00683,0.01493,-0.01237,-0.00427,55.02747,-176.16187,121.05613,0,0,0,0
922,922000,-0.00331,0.00405,-0.00341,-0.00267,53.13265,-89.15145,36.75069,-0.00397,0.00485,-0.00409,-0.00321,106.26529,-178.30290,73.50138,0,0,0,0
923,923000,-0.01368,-0.00624,0.00199,-0.01793,73.09227,-82.27124,9.73204,-0.01642,-0.00749,0.00239,-0.02152,146.18453,-164.54248,19.46409,0,0,0,0
924,924000,0.00356,-0.00730,-0.00342,-0.00715,85.02695,-66.31333,-18.37829,0.00428,-0.00876,-0.00410,-0.00858,170.05390,-132.62667,-36.75659,0,0,0,0
925,925000,-0.01258,0.01105,-0.00716,-0.00869,89.70013,-45.34200,-45.14293,-0.01509,0.01326,-0.00859,-0.01042,179.40026,-90.68401,-90.28587,0,0,0,0
926,926000,0.00084,-0.00202,-0.01122,-0.01240,85.54554,-18.22616,-66.78681,0.00101,-0.00243,-0.01347,-0.01488,171.09108,-36.45232,-133.57361,0,0,0,0
927,927000,0.00595,0.00044,0.01413,0.02052,72.32225,9.48181,-82.43031,0.00714,0.00053,0.01696,0.02463,144.64449,18.96362,-164.86062,0,0,0,0
928,928000,0.00022,0.00286,0.00280,0.00587,52.83904,36.09616,-89.32146,0.00026,0.00343,0.00336,0.00705,105.67807,72.19231,-178.64292,0,0,0,0
929,929000,0.00741,-0.00098,-0.01222,-0.00579,27.86119,59.87312,-87.68517,0.00889,-0.00118,-0.01467,-0.00695,55.72238,119.74624,-175.37034,0,0,0,0
930,930000,0.01304,0.00499,0.01139,0.02942,-0.03971,77.46255,-77.38313,0.01565,0.00599,0.01367,0.03531,-0.07942,154.92509,-154.76625,0,0,0,0
931,931000,-0.00057,0.00549,-0.00635,-0.00143,-28.05662,87.81162,-60.46219,-0.00068,0.00659,-0.00763,-0.00172,-56.11323,175.62323,-120.92438,0,0,0,0
932,932000,0.00952,-0.00981,-0.01040,-0.01069,-53.20734,89.67355,-36.16226,0.01142,-0.01177,-0.01249,-0.01283,-106.41468,179.34710,-72.32452,0,0,0,0
933,933000,0.00900,-0.00765,-0.00675,-0.00540,-72.67629,82.37410,-9.55787,0.01080,-0.00918,-0.00810,-0.00648,-145.35257,164.74820,-19.11575,0,0,0,0
934,934000,0.00720,0.00522,-0.01350,-0.00107,-85.08623,67.17579,19.09460,0.00864,0.00627,-0.01619,-0.00129,-170.17247,134.35157,38.18920,0,0,0,0
935,935000,0.00971,-0.00357,0.00546,0.01160,-89.72901,44.82266,44.68023,0.01165,-0.00428,0.00655,0.01392,-179.45802,89.64532,89.36047,0,0,0,0
936,936000,0.01093,0.00271,-0.01315,0.00048,-85.30385,19.04273,66.75473,0.01312,0.00325,-0.01578,0.00058,-170.60770,38.08547,133.50947,0,0,0,0
937,937000,-0.00264,-0.01399,0.00360,-0.01303,-72.52508,-9.41024,81.99439,-0.00317,-0.01679,0.00432,-0.01563,-145.05016,-18.82048,163.98878,0,0,0,0
938,938000,-0.00766,0.00085,-0.00315,-0.00996,-52.37674,-36.29555,89.60435,-0.00919,0.00102,-0.00378,-0.01195,-104.75348,-72.59110,179.20870,0,0,0,0
939,939000,0.01043,-0.00627,0.00052,0.00468,-27.82444,-60.42968,87.43015,0.01251,-0.00752,0.00062,0.00562,-55.64887,-120.85936,174.86029,0,0,0,0
940,940000,-0.00520,-0.00373,-0.00436,-0.01328,0.30833,-77.38641,77.39426,-0.00624,-0.00447,-0.00523,-0.01594,0.61665,-154.77283,154.78852,0,0,0,0
941,941000,0.00159,0.01072,0.00595,0.01827,27.50522,-87.47390,60.39409,0.00191,0.01286,0.00714,0.02192,55.01044,-174.94780,120.78817,0,0,0,0
942,942000,0.00326,-0.00040,-0.00183,0.00103,52.65674,-89.60268,36.81053,0.00391,-0.00049,-0.00219,0.00124,105.31348,-179.20536,73.62105,0,0,0,0
943,943000,0.01378,-0.01286,-0.01281,-0.01189,72.77041,-82.17105,9.65026,0.01654,-0.01544,-0.01537,-0.01427,145.54083,-164.34209,19.30052,0,0,0,0
944,944000,0.01377,-0.01361,0.00294,0.00310,85.15656,-66.71336,-18.23649,0.01652,-0.01633,0.00353,0.00372,170.31311,-133.42672,-36.47298,0,0,0,0
945,945000,-0.01375,-0.00542,0.01373,-0.00544,89.82320,-45.21436,-45.32967,-0.01650,-0.00650,0.01648,-0.00653,179.64639,-90.42873,-90.65935,0,0,0,0
946,946000,0.00528,0.01327,0.00372,0.02227,85.19800,-18.66822,-67.13068,0.00634,0.01592,0.00447,0.02673,170.39600,-37.33644,-134.26136,0,0,0,0
947,947000,-0.01316,-0.00641,0.00112,-0.01845,72.32866,9.39948,-82.48522,-0.01579,-0.00769,0.00134,-0.02214,144.65732,18.79897,-164.97044,0,0,0,0
948,948000,-0.00174,-0.00501,-0.00645,-0.01320,52.55953,36.13834,-89.04661,-0.00208,-0.00601,-0.00775,-0.01583,105.11905,72.27669,-178.09323,0,0,0,0
949,949000,-0.00888,0.01161,-0.00585,-0.00312,27.56556,60.02528,-88.00955,-0.01066,0.01393,-0.00701,-0.00374,55.13113,120.05055,-176.01910,0,0,0,0
950,950000,0.00158,0.00463,-0.00698,-0.00077,0.01439,78.11555,-77.62320,0.00189,0.00556,-0.00838,-0.00092,0.02878,156.23109,-155.24640,0,0,0,0
951,951000,0.00866,0.01256,0.01401,0.03523,-27.92085,87.86893,-60.34389,0.01039,0.01507,0.01681,0.04227,-55.84169,175.73786,-120.68777,0,0,0,0
952,952000,-0.00062,0.01406,0.00651,0.01995,-52.97112,89.41330,-36.32433,-0.00075,0.01687,0.00781,0.02393,-105.94225,178.82660,-72.64865,0,0,0,0
953,953000,-0.01037,0.00054,-0.00566,-0.01549,-73.06798,82.08973,-9.72068,-0.01244,0.00065,-0.00679,-0.01858,-146.13595,164.17946,-19.44135,0,0,0,0
954,954000,-0.00526,0.01168,-0.00671,-0.00029,-85.36384,66.48230,18.58166,-0.00632,0.01402,-0.00806,-0.00035,-170.72768,132.96460,37.16331,0,0,0,0
955,955000,0.01209,0.00899,0.00828,0.02936,-89.50290,44.90719,44.95842,0.01451,0.01079,0.00994,0.03523,-179.00581,89.81438,89.91684,0,0,0,0
956,956000,0.01045,-0.00206,-0.01241,-0.00403,-85.57418,18.29173,66.76004,0.01254,-0.00247,-0.01490,-0.00483,-171.14836,36.58346,133.52009,0,0,0,0
957,957000,-0.00567,0.00654,-0.01217,-0.01130,-72.22824,-9.66793,82.42185,-0.00680,0.00785,-0.01461,-0.01356,-144.45647,-19.33585,164.84370,0,0,0,0
958,958000,0.00639,-0.00630,-0.01389,-0.01380,-53.23634,-36.38288,89.73122,0.00767,-0.00756,-0.01666,-0.01656,-106.47268,-72.76575,179.46245,0,0,0,0
959,959000,-0.01400,-0.00913,0.00273,-0.02040,-27.66461,-60.19710,88.22680,-0.01680,-0.01096,0.00328,-0.02448,-55.32922,-120.39420,176.45359,0,0,0,0
960,960000,0.00310,-0.00532,0.00552,0.00329,-0.41439,-77.81909,77.41238,0.00372,-0.00639,0.00662,0.00395,-0.82878,-155.63818,154.82475,0,0,0,0
961,961000,0.00461,-0.00480,-0.00395,-0.00414,27.32697,-88.07575,60.30337,0.00554,-0.00577,-0.00474,-0.00497,54.65395,-176.15149,120.60674,0,0,0,0
962,962000,0.00399,-0.00379,0.00863,0.00884,52.48244,-89.35836,36.84499,0.00479,-0.00454,0.01035,0.01060,104.96489,-178.71673,73.68998,0,0,0,0
963,963000,-0.00129,-0.00746,-0.00065,-0.00940,72.57510,-81.85909,9.69588,-0.00154,-0.00895,-0.00078,-0.01128,145.15021,-163.71819,19.39177,0,0,0,0
964,964000,-0.00641,-0.00964,0.00261,-0.01344,85.31534,-66.60427,-18.71954,-0.00769,-0.01156,0.00313,-0.01612,170.63069,-133.20854,-37.43907,0,0,0,0
965,965000,0.00587,0.01155,0.01114,0.02856,89.53906,-44.84326,-44.50465,0.00705,0.01387,0.01336,0.03427,179.07812,-89.68651,-89.00930,0,0,0,0
966,966000,0.00898,-0.00987,-0.00437,-0.00525,85.29413,-19.07291,-66.88565,0.01078,-0.01184,-0.00524,-0.00630,170.58827,-38.14581,-133.77130,0,0,0,0
967,967000,0.01202,0.01193,-0.00340,0.02056,72.86718,9.57147,-82.34406,0.01443,0.01432,-0.00408,0.02467,145.73436,19.14293,-164.68813,0,0,0,0
968,968000,0.00310,0.01299,0.01297,0.02905,53.05573,36.39495,-88.89903,0.00372,0.01558,0.01556,0.03486,106.11146,72.78989,-177.79806,0,0,0,0
969,969000,0.00335,0.01066,-0.01115,0.00286,27.76359,59.78446,-87.94511,0.00402,0.01279,-0.01338,0.00343,55.52717,119.56892,-175.89022,0,0,0,0
970,970000,0.01392,-0.00524,0.00471,0.01339,0.07461,77.84351,-77.62230,0.01670,-0.00629,0.00566,0.01606,0.14922,155.68702,-155.24461,0,0,0,0
971,971000,-0.00143,0.01010,0.00272,0.01138,-27.45892,87.49151,-60.44847,-0.00172,0.01212,0.00326,0.01366,-54.91784,174.98303,-120.89695,0,0,0,0
972,972000,-0.01349,-0.00490,-0.01320,-0.03159,-52.58012,88.98391,-36.58657,-0.01619,-0.00588,-0.01584,-0.03791,-105.16024,177.96781,-73.17315,0,0,0,0
973,973000,0.00298,-0.01060,0.01293,0.00531,-72.73568,81.99984,-9.14929,0.00357,-0.01272,0.01552,0.00637,-145.47136,163.99969,-18.29857,0,0,0,0
974,974000,0.00031,-0.01333,-0.00763,-0.02065,-85.28103,66.62358,18.24492,0.00037,-0.01600,-0.00916,-0.02478,-170.56206,133.24717,36.48985,0,0,0,0
975,975000,0.00750,0.00600,-0.00988,0.00362,-89.52188,44.75416,44.85750,0.00900,0.00720,-0.01186,0.00434,-179.04375,89.50832,89.71500,0,0,0,0
976,976000,-0.01414,0.01400,-0.01035,-0.01049,-85.29523,18.28598,66.59838,-0.01696,0.01680,-0.01242,-0.01259,-170.59046,36.57196,133.19675,0,0,0,0
977,977000,0.00301,0.01288,-0.00654,0.00936,-72.28445,-9.81986,82.43125,0.00361,0.01546,-0.00784,0.01123,-144.56890,-19.63971,164.86250,0,0,0,0
978,978000,0.00682,0.00916,-0.00202,0.01397,-53.08051,-36.69568,89.31148,0.00819,0.01100,-0.00243,0.01676,-106.16101,-73.39135,178.62295,0,0,0,0
979,979000,0.01002,0.00195,0.00827,0.02024,-27.75347,-59.81463,87.72448,0.01202,0.00234,0.00993,0.02428,-55.50693,-119.62927,175.44895,0,0,0,0
980,980000,-0.00933,0.00762,-0.00624,-0.00795,-0.41111,-77.59702,77.42671,-0.01120,0.00915,-0.00749,-0.00954,-0.82222,-155.19404,154.85342,0,0,0,0
981,981000,-0.00187,0.00237,-0.00216,-0.00167,27.35650,-87.84036,60.01966,-0.00224,0.00284,-0.00259,-0.00200,54.71300,-175.68072,120.03932,0,0,0,0
982,982000,-0.01145,0.00675,0.00935,0.00465,52.87122,-89.14614,36.13285,-0.01374,0.00810,0.01122,0.00558,105.74243,-178.29228,72.26571,0,0,0,0
983,983000,-0.00835,0.00361,0.01281,0.00807,72.23095,-82.25727,9.17164,-0.01003,0.00433,0.01537,0.00968,144.46190,-164.51453,18.34328,0,0,0,0
984,984000,-0.01151,-0.00322,0.00496,-0.00977,85.13952,-66.76899,-18.50661,-0.01381,-0.00387,0.00595,-0.01172,170.27905,-133.53798,-37.01323,0,0,0,0
985,985000,-0.01263,0.00646,0.00284,-0.00333,90.02118,-45.35313,-44.71366,-0.01515,0.00775,0.00341,-0.00399,180.04235,-90.70625,-89.42731,0,0,0,0
986,986000,-0.00625,0.00988,-0.00358,0.00004,85.47674,-18.79747,-66.82927,-0.00750,0.01185,-0.00430,0.00005,170.95348,-37.59494,-133.65854,0,0,0,0
987,987000,-0.00213,-0.00961,0.00926,-0.00248,72.57699,9.18277,-82.35470,-0.00255,-0.01153,0.01111,-0.00298,145.15398,18.36554,-164.70939,0,0,0,0
988,988000,0.00279,-0.00645,0.00114,-0.00252,52.77467,36.28173,-89.23250,0.00334,-0.00774,0.00137,-0.00302,105.54934,72.56346,-178.46500,0,0,0,0
989,989000,0.00256,-0.01218,0.01016,0.00055,27.91270,60.44921,-88.07420,0.00307,-0.01461,0.01219,0.00065,55.82541,120.89841,-176.14840,0,0,0,0
990,990000,-0.00913,0.00579,-0.01142,-0.01477,0.06224,78.06646,-77.42520,-0.01096,0.00695,-0.01371,-0.01772,0.12447,156.13292,-154.85040,0,0,0,0
991,991000,0.00100,0.00582,0.01021,0.01703,-27.73649,87.40552,-60.01891,0.00120,0.00699,0.01225,0.02044,-55.47298,174.81103,-120.03782,0,0,0,0
992,992000,0.00753,0.00314,0.01125,0.02192,-52.93254,89.73218,-36.26316,0.00904,0.00377,0.01350,0.02631,-105.86508,179.46436,-72.52631,0,0,0,0
993,993000,0.00739,-0.01341,-0.00890,-0.01492,-72.93557,81.69655,-9.76174,0.00887,-0.01609,-0.01068,-0.01791,-145.87115,163.39311,-19.52349,0,0,0,0
994,994000,0.01088,0.01308,-0.01371,0.01024,-85.52696,66.82980,18.80471,0.01305,0.01569,-0.01646,0.01229,-171.05392,133.65960,37.60943,0,0,0,0
995,995000,0.00935,0.00057,0.01124,0.02117,-89.69919,44.50320,44.86518,0.01123,0.00069,0.01349,0.02540,-179.39837,89.00640,89.73035,0,0,0,0
996,996000,0.00175,0.00411,0.00027,0.00613,-85.08968,18.64337,66.39712,0.00210,0.00493,0.00033,0.00735,-170.17936,37.28675,132.79425,0,0,0,0
997,997000,-0.00227,0.01402,-0.01292,-0.00117,-72.63715,-9.77895,81.67253,-0.00273,0.01683,-0.01550,-0.00140,-145.27429,-19.55790,163.34507,0,0,0,0
998,998000,-0.00076,-0.00060,-0.00566,-0.00702,-52.52851,-36.71023,89.49656,-0.00091,-0.00072,-0.00679,-0.00842,-105.05702,-73.42046,178.99312,0,0,0,0
999,999000,-0.01193,-0.00580,0.01005,-0.00767,-27.69660,-60.08916,88.03621,-0.01431,-0.00696,0.01206,-0.00921,-55.39321,-120.17833,176.07242,0,0,0,0
