0,0,-0.29426,-0.28980,0.55368,-0.03038,-0.34787,-77.53040,78.03813,-0.35312,-0.34776,0.66441,-0.03646,-0.69575,-155.06080,156.07625,0,0,0,1
1,1000,-0.12681,-0.40806,0.54643,0.01156,27.42845,-87.87390,59.79465,-0.15217,-0.48968,0.65571,0.01387,54.85689,-175.74780,119.58931,0,0,0,1
2,2000,0.06091,-0.52843,0.44810,-0.01942,52.46341,-88.94856,36.28823,0.07309,-0.63412,0.53772,-0.02331,104.92682,-177.89712,72.57647,0,0,0,1
3,3000,0.21749,-0.56068,0.34212,-0.00107,72.81233,-81.96965,9.21210,0.26099,-0.67281,0.41054,-0.00128,145.62465,-163.93930,18.42420,0,0,0,1
4,4000,0.36963,-0.56110,0.18437,-0.00710,85.14824,-67.01113,-18.62655,0.44356,-0.67332,0.22125,-0.00851,170.29647,-134.02227,-37.25310,0,0,0,1
5,5000,0.47644,-0.49139,0.01405,-0.00089,89.44105,-44.53116,-44.52399,0.57173,-0.58967,0.01686,-0.00107,178.88210,-89.06233,-89.04798,0,0,0,1
6,6000,0.55326,-0.37072,-0.17475,0.00778,85.27940,-18.63083,-67.13761,0.66391,-0.44487,-0.20971,0.00934,170.55879,-37.26165,-134.27523,0,0,0,1
7,7000,0.55727,-0.22302,-0.34625,-0.01200,72.97785,9.27947,-82.34904,0.66873,-0.26762,-0.41550,-0.01440,145.95571,18.55895,-164.69808,0,0,0,1
8,8000,0.50636,-0.04652,-0.44500,0.01483,52.62502,36.16455,-89.49484,0.60763,-0.05583,-0.53400,0.01780,105.25004,72.32911,-178.98967,0,0,0,1
9,9000,0.41083,0.12792,-0.54529,-0.00653,27.43629,60.24051,-87.44268,0.49300,0.15351,-0.65434,-0.00784,54.87258,120.48102,-174.88536,0,0,0,1
10,10000,0.29549,0.27262,-0.57666,-0.00854,-0.10717,77.69219,-77.96226,0.35459,0.32715,-0.69199,-0.01025,-0.21433,155.38438,-155.92453,0,0,0,1
11,11000,0.10777,0.40893,-0.54848,-0.03178,-27.72511,88.00215,-60.36700,0.12933,0.49071,-0.65818,-0.03814,-55.45022,176.00431,-120.73400,0,0,0,1
12,12000,-0.04961,0.51335,-0.45504,0.00870,-52.86163,89.60577,-36.37025,-0.05953,0.61602,-0.54605,0.01044,-105.72326,179.21155,-72.74050,0,0,0,1
13,13000,-0.22358,0.55004,-0.32105,0.00541,-72.78484,82.39151,-9.44373,-0.26829,0.66005,-0.38526,0.00649,-145.56968,164.78302,-18.88745,0,0,0,1
14,14000,-0.39113,0.56158,-0.17562,-0.00517,-85.34044,66.61638,18.60942,-0.46936,0.67390,-0.21075,-0.00620,-170.68087,133.23277,37.21885,0,0,0,1
15,15000,-0.49644,0.50249,-0.01395,-0.00790,-90.19352,44.77297,45.09264,-0.59572,0.60299,-0.01674,-0.00948,-180.38703,89.54595,90.18529,0,0,0,1
16,16000,-0.55419,0.38128,0.17757,0.00466,-85.11241,18.37784,66.76120,-0.66503,0.45754,0.21308,0.00559,-170.22482,36.75568,133.52240,0,0,0,1
17,17000,-0.56880,0.22531,0.31855,-0.02495,-73.10749,-9.16427,82.15998,-0.68257,0.27037,0.38225,-0.02994,-146.21498,-18.32855,164.31996,0,0,0,1
18,18000,-0.52888,0.06776,0.47162,0.01049,-52.66570,-36.33585,89.05604,-0.63466,0.08131,0.56595,0.01259,-105.33140,-72.67170,178.11209,0,0,0,1
19,19000,-0.42600,-0.12588,0.53731,-0.01458,-27.87605,-59.98012,88.27246,-0.51120,-0.15106,0.64477,-0.01749,-55.75211,-119.96024,176.54492,0,0,0,1
20,20000,-0.27358,-0.29041,0.56423,0.00024,0.20659,-77.71823,78.03026,-0.32830,-0.34849,0.67707,0.00029,0.41318,-155.43645,156.06052,0,0,0,1
21,21000,-0.10622,-0.41695,0.54900,0.02583,27.60441,-88.02218,60.41312,-0.12747,-0.50034,0.65880,0.03100,55.20882,-176.04436,120.82623,0,0,0,1
22,22000,0.06091,-0.51568,0.44856,-0.00621,52.45223,-89.57307,36.47948,0.07309,-0.61881,0.53827,-0.00745,104.90446,-179.14613,72.95896,0,0,0,1
23,23000,0.22870,-0.57553,0.31869,-0.02815,72.53855,-81.87337,9.33685,0.27444,-0.69064,0.38242,-0.03378,145.07711,-163.74675,18.67370,0,0,0,1
24,24000,0.37727,-0.56657,0.18071,-0.00858,85.28855,-66.30745,-18.60747,0.45273,-0.67988,0.21686,-0.01030,170.57711,-132.61489,-37.21495,0,0,0,1
25,25000,0.49949,-0.49433,-0.00506,0.00011,90.22861,-44.90336,-45.26943,0.59939,-0.59319,-0.00607,0.00013,180.45723,-89.80673,-90.53887,0,0,0,1
26,26000,0.55084,-0.39037,-0.18084,-0.02037,85.15741,-18.67520,-66.35239,0.66101,-0.46844,-0.21701,-0.02444,170.31482,-37.35040,-132.70477,0,0,0,1
27,27000,0.56425,-0.23048,-0.32134,0.01243,72.55147,9.44073,-81.90356,0.67711,-0.27658,-0.38561,0.01492,145.10293,18.88147,-163.80713,0,0,0,1
28,28000,0.51976,-0.05851,-0.45926,0.00198,53.05727,36.44762,-89.63793,0.62371,-0.07022,-0.55111,0.00238,106.11454,72.89525,-179.27585,0,0,0,1
29,29000,0.41977,0.11955,-0.55026,-0.01094,27.79392,60.32709,-88.26841,0.50373,0.14346,-0.66032,-0.01312,55.58784,120.65417,-176.53682,0,0,0,1
30,30000,0.28398,0.27292,-0.56960,-0.01269,0.01008,77.93956,-77.62119,0.34078,0.32751,-0.68352,-0.01523,0.02015,155.87913,-155.24239,0,0,0,1
31,31000,0.11818,0.43172,-0.55084,-0.00095,-27.94956,88.24484,-60.22080,0.14181,0.51806,-0.66101,-0.00114,-55.89911,176.48969,-120.44161,0,0,0,1
32,32000,-0.05708,0.52892,-0.45326,0.01858,-52.90455,89.43970,-36.85528,-0.06849,0.63470,-0.54391,0.02229,-105.80910,178.87940,-73.71056,0,0,0,1
33,33000,-0.22863,0.56590,-0.32292,0.01435,-72.61264,82.02796,-9.62713,-0.27436,0.67908,-0.38751,0.01722,-145.22527,164.05593,-19.25427,0,0,0,1
34,34000,-0.39251,0.56584,-0.17664,-0.00332,-85.17499,66.66177,19.06606,-0.47101,0.67900,-0.21197,-0.00398,-170.34998,133.32353,38.13212,0,0,0,1
35,35000,-0.48257,0.50352,-0.01375,0.00720,-89.93151,44.96958,44.66670,-0.57909,0.60422,-0.01650,0.00864,-179.86302,89.93917,89.33340,0,0,0,1
36,36000,-0.56467,0.36705,0.18105,-0.01656,-85.07418,18.22926,67.09742,-0.67760,0.44046,0.21727,-0.01987,-170.14835,36.45852,134.19484,0,0,0,1
37,37000,-0.56201,0.23905,0.33942,0.01647,-72.21404,-9.15285,81.84872,-0.67441,0.28687,0.40731,0.01976,-144.42808,-18.30569,163.69744,0,0,0,1
38,38000,-0.50884,0.05882,0.46766,0.01763,-52.76433,-36.47841,88.99582,-0.61060,0.07058,0.56119,0.02116,-105.52866,-72.95682,177.99164,0,0,0,1
39,39000,-0.43383,-0.11008,0.53646,-0.00744,-28.14571,-60.50388,88.16761,-0.52059,-0.13209,0.64375,-0.00893,-56.29143,-121.00776,176.33521,0,0,0,1
40,40000,-0.29132,-0.27350,0.56334,-0.00148,-0.32076,-77.78472,77.94687,-0.34958,-0.32819,0.67600,-0.00177,-0.64152,-155.56944,155.89375,0,0,0,1
41,41000,-0.12716,-0.42798,0.54535,-0.00979,28.05661,-88.06632,60.13659,-0.15260,-0.51357,0.65442,-0.01175,56.11323,-176.13264,120.27318,0,0,0,1
42,42000,0.06453,-0.51787,0.44864,-0.00470,53.15848,-89.45466,36.41929,0.07743,-0.62144,0.53837,-0.00564,106.31697,-178.90933,72.83858,0,0,0,1
43,43000,0.22442,-0.56349,0.32727,-0.01180,72.35152,-81.96676,9.38272,0.26931,-0.67619,0.39272,-0.01416,144.70305,-163.93352,18.76545,0,0,0,1
44,44000,0.38399,-0.54271,0.17302,0.01430,85.35085,-66.72856,-19.06178,0.46079,-0.65125,0.20762,0.01716,170.70170,-133.45712,-38.12356,0,0,0,1
45,45000,0.47909,-0.50148,-0.01148,-0.03388,89.38576,-45.10179,-44.95752,0.57491,-0.60178,-0.01378,-0.04066,178.77152,-90.20358,-89.91504,0,0,0,1
46,46000,0.54778,-0.38525,-0.16955,-0.00702,85.39321,-18.64120,-66.30941,0.65734,-0.46230,-0.20346,-0.00843,170.78641,-37.28240,-132.61883,0,0,0,1
47,47000,0.55617,-0.24022,-0.34342,-0.02747,72.69513,9.41908,-81.60768,0.66740,-0.28827,-0.41210,-0.03297,145.39025,18.83815,-163.21537,0,0,0,1
48,48000,0.51017,-0.06451,-0.45297,-0.00731,52.74407,36.69200,-89.56471,0.61220,-0.07741,-0.54356,-0.00877,105.48813,73.38400,-179.12943,0,0,0,1
49,49000,0.42681,0.11202,-0.54464,-0.00581,27.33196,60.02762,-87.86029,0.51217,0.13442,-0.65357,-0.00698,54.66392,120.05524,-175.72058,0,0,0,1
50,50000,0.28697,0.29255,-0.56667,0.01285,0.38368,77.39846,-77.82227,0.34437,0.35106,-0.68001,0.01543,0.76736,154.79691,-155.64454,0,0,0,1
51,51000,0.11105,0.42518,-0.54592,-0.00969,-27.31245,87.51993,-60.20246,0.13326,0.51021,-0.65510,-0.01163,-54.62490,175.03985,-120.40492,0,0,0,1
52,52000,-0.06058,0.52212,-0.46667,-0.00512,-52.56248,89.24491,-36.13001,-0.07270,0.62655,-0.56000,-0.00615,-105.12497,178.48983,-72.26002,0,0,0,1
53,53000,-0.23958,0.56527,-0.32834,-0.00264,-73.02756,81.83770,-9.09269,-0.28749,0.67833,-0.39401,-0.00317,-146.05512,163.67540,-18.18538,0,0,0,1
54,54000,-0.38813,0.56475,-0.18296,-0.00634,-85.21136,66.43464,18.36953,-0.46576,0.67771,-0.21955,-0.00761,-170.42273,132.86928,36.73906,0,0,0,1
55,55000,-0.48221,0.49373,0.00032,0.01184,-89.49296,45.12163,44.89027,-0.57865,0.59247,0.00038,0.01421,-178.98592,90.24326,89.78055,0,0,0,1
56,56000,-0.55039,0.38912,0.17813,0.01686,-85.79296,18.28446,66.66804,-0.66047,0.46694,0.21376,0.02023,-171.58591,36.56891,133.33609,0,0,0,1
57,57000,-0.55683,0.22892,0.33779,0.00987,-72.62064,-9.63840,82.19556,-0.66820,0.27470,0.40534,0.01185,-145.24128,-19.27679,164.39111,0,0,0,1
58,58000,-0.52724,0.06396,0.45632,-0.00695,-53.05807,-36.45681,89.26217,-0.63269,0.07675,0.54759,-0.00834,-106.11614,-72.91362,178.52434,0,0,0,1
59,59000,-0.42395,-0.11342,0.54800,0.01063,-27.67979,-59.90371,88.17861,-0.50874,-0.13611,0.65760,0.01275,-55.35959,-119.80742,176.35722,0,0,0,1
60,60000,-0.28160,-0.28605,0.55440,-0.01325,-0.34383,-77.74680,78.08473,-0.33792,-0.34325,0.66528,-0.01589,-0.68767,-155.49360,156.16945,0,0,0,1
61,61000,-0.10973,-0.41682,0.54475,0.01820,28.18330,-87.51551,59.82452,-0.13168,-0.50018,0.65370,0.02184,56.36661,-175.03102,119.64903,0,0,0,1
62,62000,0.05871,-0.50321,0.45179,0.00728,52.96608,-89.33971,36.65751,0.07045,-0.60385,0.54215,0.00874,105.93216,-178.67941,73.31502,0,0,0,1
63,63000,0.23802,-0.56300,0.33384,0.00885,72.29784,-82.32899,9.72701,0.28562,-0.67561,0.40061,0.01062,144.59569,-164.65798,19.45401,0,0,0,1
64,64000,0.37105,-0.54276,0.17267,0.00096,85.63242,-66.54161,-18.39797,0.44526,-0.65132,0.20720,0.00115,171.26484,-133.08321,-36.79595,0,0,0,1
65,65000,0.49958,-0.49614,0.00382,0.00726,90.24618,-45.25452,-45.21890,0.59949,-0.59536,0.00458,0.00871,180.49235,-90.50905,-90.43780,0,0,0,1
66,66000,0.55829,-0.39168,-0.16524,0.00137,85.14536,-18.48875,-67.01321,0.66995,-0.47002,-0.19828,0.00164,170.29072,-36.97750,-134.02641,0,0,0,1
67,67000,0.55964,-0.22038,-0.34361,-0.00435,72.53840,9.09821,-82.33900,0.67157,-0.26446,-0.41233,-0.00522,145.07679,18.19642,-164.67800,0,0,0,1
68,68000,0.52562,-0.06052,-0.45548,0.00962,52.43789,36.37419,-88.95799,0.63074,-0.07262,-0.54658,0.01154,104.87578,72.74839,-177.91597,0,0,0,1
69,69000,0.40709,0.12268,-0.53693,-0.00717,28.08413,59.66261,-87.63814,0.48850,0.14721,-0.64432,-0.00860,56.16827,119.32521,-175.27627,0,0,0,1
70,70000,0.29672,0.29049,-0.56542,0.02180,0.33022,77.48454,-77.63828,0.35607,0.34859,-0.67850,0.02616,0.66043,154.96908,-155.27656,0,0,0,1
71,71000,0.11256,0.41190,-0.53855,-0.01410,-27.85588,87.69985,-59.99138,0.13507,0.49428,-0.64626,-0.01692,-55.71176,175.39971,-119.98276,0,0,0,1
72,72000,-0.05460,0.53089,-0.46613,0.01016,-52.56625,89.34814,-36.29081,-0.06552,0.63707,-0.55935,0.01220,-105.13250,178.69629,-72.58162,0,0,0,1
73,73000,-0.23481,0.55830,-0.33366,-0.01017,-72.91969,81.97306,-9.07368,-0.28177,0.66996,-0.40040,-0.01220,-145.83937,163.94612,-18.14735,0,0,0,1
74,74000,-0.37407,0.54893,-0.16927,0.00560,-85.16462,66.79663,18.34917,-0.44889,0.65872,-0.20312,0.00672,-170.32923,133.59326,36.69833,0,0,0,1
75,75000,-0.48827,0.49567,0.00318,0.01057,-89.81508,45.14709,45.19156,-0.58593,0.59480,0.00381,0.01269,-179.63016,90.29418,90.38311,0,0,0,1
76,76000,-0.55187,0.36816,0.18865,0.00494,-85.40323,18.65051,66.79202,-0.66225,0.44180,0.22638,0.00593,-170.80646,37.30101,133.58404,0,0,0,1
77,77000,-0.55244,0.23607,0.32650,0.01014,-72.37321,-9.00615,82.36036,-0.66293,0.28329,0.39181,0.01217,-144.74641,-18.01230,164.72073,0,0,0,1
78,78000,-0.50462,0.06505,0.46125,0.02168,-52.41193,-36.58708,89.65526,-0.60554,0.07806,0.55350,0.02602,-104.82385,-73.17416,179.31052,0,0,0,1
79,79000,-0.43030,-0.10846,0.54548,0.00673,-27.98279,-59.78660,87.54278,-0.51636,-0.13015,0.65458,0.00807,-55.96557,-119.57320,175.08555,0,0,0,1
80,80000,-0.28165,-0.28774,0.55791,-0.01148,0.33836,-77.49063,78.18798,-0.33798,-0.34529,0.66949,-0.01378,0.67672,-154.98127,156.37597,0,0,0,1
81,81000,-0.11099,-0.41825,0.52911,-0.00013,27.54436,-88.04479,60.15374,-0.13319,-0.50190,0.63493,-0.00016,55.08871,-176.08958,120.30748,0,0,0,1
82,82000,0.06631,-0.52419,0.44397,-0.01390,52.88872,-89.37588,36.46295,0.07958,-0.62903,0.53277,-0.01669,105.77743,-178.75176,72.92590,0,0,0,1
83,83000,0.22133,-0.54946,0.34215,0.01402,72.67553,-82.42448,9.71533,0.26559,-0.65936,0.41058,0.01682,145.35105,-164.84896,19.43066,0,0,0,1
84,84000,0.38807,-0.55395,0.17540,0.00951,85.19543,-67.00205,-18.44060,0.46568,-0.66475,0.21048,0.01141,170.39086,-134.00410,-36.88120,0,0,0,1
85,85000,0.49527,-0.48387,0.00475,0.01616,90.24507,-44.74724,-44.95913,0.59433,-0.58064,0.00570,0.01939,180.49014,-89.49448,-89.91826,0,0,0,1
86,86000,0.54021,-0.37585,-0.18740,-0.02304,85.36689,-18.33117,-66.56195,0.64825,-0.45101,-0.22488,-0.02764,170.73378,-36.66233,-133.12389,0,0,0,1
87,87000,0.54917,-0.21782,-0.32923,0.00212,72.97965,9.00016,-81.93771,0.65900,-0.26138,-0.39508,0.00255,145.95930,18.00033,-163.87542,0,0,0,1
88,88000,0.51534,-0.06109,-0.46021,-0.00597,52.86285,36.90573,-89.76553,0.61841,-0.07331,-0.55225,-0.00716,105.72569,73.81146,-179.53107,0,0,0,1
89,89000,0.42995,0.11602,-0.54592,0.00005,27.87303,60.05247,-88.01487,0.51594,0.13923,-0.65511,0.00006,55.74606,120.10494,-176.02975,0,0,0,1
90,90000,0.28146,0.29419,-0.55672,0.01893,0.03796,77.90882,-78.21599,0.33775,0.35303,-0.66807,0.02271,0.07592,155.81763,-156.43198,0,0,0,1
91,91000,0.12042,0.42700,-0.53926,0.00816,-27.80445,88.25607,-60.32007,0.14450,0.51240,-0.64711,0.00979,-55.60890,176.51214,-120.64014,0,0,0,1
92,92000,-0.07327,0.52983,-0.46811,-0.01154,-53.05064,88.88255,-36.22435,-0.08792,0.63580,-0.56173,-0.01385,-106.10128,177.76510,-72.44870,0,0,0,1
93,93000,-0.24221,0.55329,-0.33462,-0.02355,-72.40634,82.23163,-9.09372,-0.29066,0.66395,-0.40155,-0.02826,-144.81269,164.46326,-18.18743,0,0,0,1
94,94000,-0.36678,0.55277,-0.18361,0.00238,-85.43973,66.79545,19.09470,-0.44013,0.66333,-0.22033,0.00286,-170.87947,133.59090,38.18941,0,0,0,1
95,95000,-0.49227,0.50126,-0.01061,-0.00162,-89.59117,44.53462,45.33741,-0.59073,0.60151,-0.01273,-0.00195,-179.18233,89.06925,90.67482,0,0,0,1
96,96000,-0.55552,0.36771,0.17672,-0.01109,-85.11337,18.80999,66.66125,-0.66662,0.44125,0.21207,-0.01331,-170.22673,37.61998,133.32251,0,0,0,1
97,97000,-0.57398,0.24304,0.33710,0.00617,-72.72117,-9.19760,82.15510,-0.68878,0.29165,0.40452,0.00740,-145.44233,-18.39519,164.31020,0,0,0,1
98,98000,-0.52758,0.05438,0.45223,-0.02096,-52.70666,-36.58415,89.52877,-0.63309,0.06526,0.54268,-0.02516,-105.41333,-73.16831,179.05753,0,0,0,1
99,99000,-0.42312,-0.10436,0.53746,0.00999,-27.41845,-59.99119,88.24748,-0.50774,-0.12523,0.64496,0.01199,-54.83690,-119.98238,176.49496,0,0,0,1
100,100000,-0.27129,-0.29269,0.57959,0.01560,-0.23449,-77.64573,78.10858,-0.32555,-0.35123,0.69551,0.01872,-0.46897,-155.29145,156.21715,0,0,0,1
101,101000,-0.13077,-0.42952,0.52583,-0.03446,27.66421,-87.75270,60.15603,-0.15692,-0.51542,0.63100,-0.04135,55.32842,-175.50539,120.31206,0,0,0,1
102,102000,0.04509,-0.52093,0.45196,-0.02387,52.42194,-89.65110,36.92949,0.05411,-0.62511,0.54236,-0.02865,104.84389,-179.30221,73.85897,0,0,0,1
103,103000,0.23539,-0.55348,0.33944,0.02135,73.05922,-82.42296,9.10602,0.28247,-0.66417,0.40733,0.02563,146.11844,-164.84591,18.21205,0,0,0,1
104,104000,0.38162,-0.54461,0.17635,0.01335,85.47138,-66.77458,-18.89051,0.45794,-0.65354,0.21162,0.01602,170.94275,-133.54915,-37.78102,0,0,0,1
105,105000,0.47769,-0.49624,0.00902,-0.00953,89.90569,-44.70258,-44.80660,0.57323,-0.59549,0.01083,-0.01144,179.81138,-89.40515,-89.61320,0,0,0,1
106,106000,0.54246,-0.38591,-0.18307,-0.02652,85.74663,-18.97401,-67.15362,0.65096,-0.46309,-0.21969,-0.03182,171.49326,-37.94802,-134.30723,0,0,0,1
107,107000,0.56914,-0.23587,-0.33535,-0.00207,72.92027,9.64075,-81.89660,0.68297,-0.28304,-0.40242,-0.00248,145.84054,19.28151,-163.79321,0,0,0,1
108,108000,0.51137,-0.05802,-0.44534,0.00801,52.89462,36.24039,-89.66421,0.61364,-0.06962,-0.53441,0.00961,105.78924,72.48077,-179.32843,0,0,0,1
109,109000,0.41899,0.12005,-0.54649,-0.00745,27.33083,60.41974,-88.14534,0.50279,0.14406,-0.65579,-0.00893,54.66167,120.83948,-176.29068,0,0,0,1
110,110000,0.29262,0.28189,-0.57673,-0.00221,-0.07404,77.68230,-77.51405,0.35114,0.33827,-0.69207,-0.00265,-0.14807,155.36459,-155.02810,0,0,0,1
111,111000,0.10361,0.42848,-0.54035,-0.00826,-28.16765,87.87909,-60.01452,0.12433,0.51417,-0.64842,-0.00992,-56.33530,175.75818,-120.02905,0,0,0,1
112,112000,-0.05988,0.52519,-0.45066,0.01465,-53.21690,89.45937,-36.31805,-0.07185,0.63023,-0.54079,0.01758,-106.43381,178.91873,-72.63609,0,0,0,1
113,113000,-0.23295,0.56813,-0.32620,0.00898,-72.73867,82.40004,-9.45436,-0.27954,0.68176,-0.39144,0.01077,-145.47733,164.80008,-18.90872,0,0,0,1
114,114000,-0.38504,0.56332,-0.17243,0.00586,-85.48796,66.46008,18.86810,-0.46205,0.67599,-0.20691,0.00703,-170.97593,132.92015,37.73620,0,0,0,1
115,115000,-0.48961,0.49874,-0.00355,0.00557,-89.74873,44.85887,45.17657,-0.58754,0.59848,-0.00426,0.00668,-179.49745,89.71774,90.35314,0,0,0,1
116,116000,-0.54273,0.38615,0.18117,0.02458,-85.86780,18.91706,66.37508,-0.65128,0.46338,0.21740,0.02950,-171.73559,37.83413,132.75016,0,0,0,1
117,117000,-0.55677,0.22761,0.32856,-0.00060,-72.58539,-9.19089,82.00502,-0.66812,0.27313,0.39427,-0.00072,-145.17078,-18.38178,164.01005,0,0,0,1
118,118000,-0.51386,0.07164,0.44879,0.00657,-52.79036,-36.22485,89.71538,-0.61663,0.08597,0.53854,0.00788,-105.58071,-72.44970,179.43076,0,0,0,1
119,119000,-0.42148,-0.11382,0.52993,-0.00537,-27.60987,-60.47542,88.19398,-0.50577,-0.13659,0.63591,-0.00644,-55.21974,-120.95085,176.38796,0,0,0,1
120,120000,-0.29574,-0.26879,0.57120,0.00668,0.24727,-78.19566,77.35068,-0.35488,-0.32255,0.68544,0.00801,0.49453,-156.39132,154.70136,0,0,0,1
121,121000,-0.12256,-0.40992,0.52586,-0.00662,27.83065,-87.89733,60.20402,-0.14708,-0.49190,0.63103,-0.00795,55.66131,-175.79466,120.40804,0,0,0,1
122,122000,0.05294,-0.52759,0.45339,-0.02127,52.54363,-88.97215,36.69523,0.06352,-0.63311,0.54407,-0.02552,105.08725,-177.94429,73.39045,0,0,0,1
123,123000,0.23431,-0.56891,0.32204,-0.01256,72.45636,-82.44725,9.76329,0.28118,-0.68269,0.38645,-0.01507,144.91272,-164.89450,19.52659,0,0,0,1
124,124000,0.38938,-0.54153,0.17211,0.01997,85.65345,-67.19171,-18.48526,0.46725,-0.64983,0.20654,0.02396,171.30690,-134.38342,-36.97052,0,0,0,1
125,125000,0.48516,-0.49852,-0.01409,-0.02744,90.24101,-44.98053,-44.72142,0.58219,-0.59822,-0.01691,-0.03293,180.48202,-89.96105,-89.44285,0,0,0,1
126,126000,0.54745,-0.38541,-0.17973,-0.01769,84.99898,-18.35858,-66.97550,0.65694,-0.46250,-0.21567,-0.02123,169.99796,-36.71716,-133.95099,0,0,0,1
127,127000,0.56465,-0.22476,-0.34637,-0.00647,72.80765,9.08262,-81.96266,0.67758,-0.26971,-0.41564,-0.00777,145.61531,18.16524,-163.92531,0,0,0,1
128,128000,0.53056,-0.07045,-0.45495,0.00516,53.05454,36.39076,-89.51012,0.63667,-0.08454,-0.54594,0.00620,106.10907,72.78152,-179.02023,0,0,0,1
129,129000,0.41741,0.11995,-0.54599,-0.00863,27.43120,59.87615,-87.96683,0.50089,0.14394,-0.65519,-0.01036,54.86241,119.75229,-175.93367,0,0,0,1
130,130000,0.27023,0.29400,-0.56882,-0.00459,-0.07412,77.93279,-77.67775,0.32428,0.35280,-0.68259,-0.00551,-0.14824,155.86558,-155.35550,0,0,0,1
131,131000,0.10371,0.41704,-0.53847,-0.01771,-28.12884,87.80168,-59.68509,0.12446,0.50045,-0.64616,-0.02125,-56.25768,175.60336,-119.37017,0,0,0,1
132,132000,-0.07204,0.51156,-0.46031,-0.02079,-52.55817,89.73790,-36.82811,-0.08645,0.61387,-0.55237,-0.02495,-105.11634,179.47579,-73.65622,0,0,0,1
133,133000,-0.23060,0.56432,-0.33882,-0.00510,-72.82209,82.02375,-9.74063,-0.27672,0.67718,-0.40659,-0.00612,-145.64418,164.04749,-19.48126,0,0,0,1
134,134000,-0.38469,0.53942,-0.18368,-0.02894,-85.07841,66.50897,18.24361,-0.46163,0.64731,-0.22041,-0.03473,-170.15682,133.01794,36.48723,0,0,0,1
135,135000,-0.50221,0.49022,0.00315,-0.00883,-89.93032,45.27212,44.71920,-0.60265,0.58826,0.00379,-0.01060,-179.86063,90.54425,89.43841,0,0,0,1
136,136000,-0.55072,0.38486,0.16463,-0.00123,-85.39878,18.35548,66.46239,-0.66087,0.46183,0.19756,-0.00148,-170.79757,36.71096,132.92478,0,0,0,1
137,137000,-0.56708,0.24248,0.34430,0.01970,-72.74524,-9.54233,82.45228,-0.68050,0.29098,0.41317,0.02364,-145.49049,-19.08466,164.90456,0,0,0,1
138,138000,-0.50824,0.05972,0.46033,0.01180,-52.45436,-36.82410,88.91484,-0.60989,0.07166,0.55239,0.01416,-104.90873,-73.64821,177.82968,0,0,0,1
139,139000,-0.42947,-0.10359,0.54602,0.01296,-27.39776,-60.26531,88.13369,-0.51537,-0.12431,0.65522,0.01555,-54.79551,-120.53062,176.26738,0,0,0,1
140,140000,-0.29321,-0.29405,0.56105,-0.02622,0.35525,-77.71182,78.08529,-0.35185,-0.35287,0.67326,-0.03146,0.71050,-155.42364,156.17059,0,0,0,1
141,141000,-0.13125,-0.41129,0.52863,-0.01392,27.86172,-87.84102,59.70771,-0.15750,-0.49355,0.63435,-0.01670,55.72343,-175.68203,119.41542,0,0,0,1
142,142000,0.06636,-0.52997,0.45045,-0.01317,53.05140,-89.57355,36.64902,0.07963,-0.63596,0.54054,-0.01580,106.10280,-179.14709,73.29803,0,0,0,1
143,143000,0.23044,-0.55471,0.33811,0.01385,72.66286,-81.87360,9.48616,0.27653,-0.66565,0.40573,0.01661,145.32572,-163.74720,18.97232,0,0,0,1
144,144000,0.38672,-0.55685,0.17771,0.00759,85.54962,-67.08973,-18.69488,0.46407,-0.66822,0.21325,0.00910,171.09924,-134.17947,-37.38977,0,0,0,1
145,145000,0.49537,-0.49954,-0.00655,-0.01071,89.78584,-44.70084,-45.14943,0.59445,-0.59944,-0.00786,-0.01286,179.57168,-89.40168,-90.29886,0,0,0,1
146,146000,0.55150,-0.37133,-0.16490,0.01528,85.63599,-19.07402,-66.44173,0.66180,-0.44560,-0.19788,0.01833,171.27197,-38.14804,-132.88346,0,0,0,1
147,147000,0.57460,-0.22818,-0.34291,0.00351,72.41631,9.16455,-81.60715,0.68952,-0.27382,-0.41149,0.00421,144.83261,18.32910,-163.21430,0,0,0,1
148,148000,0.51276,-0.06080,-0.46923,-0.01727,52.54176,36.66098,-89.20287,0.61531,-0.07296,-0.56307,-0.02072,105.08353,73.32195,-178.40574,0,0,0,1
149,149000,0.41396,0.11470,-0.53928,-0.01062,27.99118,59.80514,-87.55618,0.49676,0.13764,-0.64714,-0.01274,55.98236,119.61028,-175.11236,0,0,0,1
150,150000,0.27536,0.27517,-0.55474,-0.00421,-0.37601,78.20225,-77.50410,0.33044,0.33020,-0.66569,-0.00506,-0.75202,156.40449,-155.00819,0,0,0,1
151,151000,0.10674,0.43227,-0.54179,-0.00278,-27.78506,87.49852,-60.16864,0.12808,0.51872,-0.65014,-0.00334,-55.57012,174.99704,-120.33729,0,0,0,1
152,152000,-0.06371,0.52920,-0.45664,0.00885,-52.34813,89.13468,-36.31534,-0.07645,0.63505,-0.54797,0.01062,-104.69627,178.26937,-72.63068,0,0,0,1
153,153000,-0.23755,0.56192,-0.32088,0.00349,-72.42597,81.95114,-9.07398,-0.28506,0.67431,-0.38506,0.00419,-144.85194,163.90228,-18.14795,0,0,0,1
154,154000,-0.36707,0.53957,-0.16504,0.00746,-85.27464,67.13875,18.27740,-0.44048,0.64748,-0.19805,0.00895,-170.54928,134.27751,36.55479,0,0,0,1
155,155000,-0.48889,0.50363,-0.00958,0.00516,-90.17719,45.14758,44.66853,-0.58667,0.60436,-0.01150,0.00619,-180.35437,90.29516,89.33706,0,0,0,1
156,156000,-0.56119,0.39043,0.18696,0.01621,-85.45765,18.72830,66.43239,-0.67342,0.46852,0.22436,0.01946,-170.91530,37.45660,132.86478,0,0,0,1
157,157000,-0.55399,0.23122,0.32806,0.00529,-72.83734,-9.13048,82.16308,-0.66479,0.27746,0.39367,0.00634,-145.67467,-18.26095,164.32616,0,0,0,1
158,158000,-0.51855,0.05233,0.45918,-0.00704,-52.88210,-36.51544,89.20518,-0.62226,0.06279,0.55102,-0.00845,-105.76419,-73.03089,178.41037,0,0,0,1
159,159000,-0.41862,-0.10976,0.53573,0.00735,-27.66238,-59.86332,87.71635,-0.50235,-0.13172,0.64288,0.00882,-55.32476,-119.72664,175.43270,0,0,0,1
160,160000,-0.28697,-0.28122,0.55339,-0.01480,-0.19545,-77.62151,77.78949,-0.34436,-0.33746,0.66407,-0.01776,-0.39090,-155.24301,155.57898,0,0,0,1
161,161000,-0.11426,-0.41673,0.53274,0.00175,27.60672,-88.06341,59.68515,-0.13711,-0.50007,0.63929,0.00210,55.21344,-176.12683,119.37031,0,0,0,1
162,162000,0.06042,-0.52109,0.46378,0.00310,53.14836,-89.74509,36.20065,0.07250,-0.62531,0.55653,0.00372,106.29672,-179.49018,72.40131,0,0,0,1
163,163000,0.23715,-0.57361,0.32753,-0.00894,72.58707,-82.38090,9.23611,0.28458,-0.68833,0.39303,-0.01072,145.17415,-164.76180,18.47221,0,0,0,1
164,164000,0.37682,-0.54373,0.17955,0.01264,85.41736,-66.63379,-19.04722,0.45218,-0.65247,0.21546,0.01517,170.83471,-133.26757,-38.09443,0,0,0,1
165,165000,0.48813,-0.48637,0.01247,0.01423,89.96784,-45.02556,-45.01278,0.58576,-0.58365,0.01496,0.01707,179.93569,-90.05112,-90.02556,0,0,0,1
166,166000,0.55163,-0.38798,-0.16519,-0.00155,85.05239,-19.00919,-66.49923,0.66195,-0.46558,-0.19823,-0.00186,170.10477,-38.01838,-132.99846,0,0,0,1
167,167000,0.55720,-0.24356,-0.34049,-0.02685,72.53547,9.53653,-81.95049,0.66864,-0.29227,-0.40859,-0.03223,145.07093,19.07306,-163.90099,0,0,0,1
168,168000,0.51220,-0.06579,-0.45609,-0.00968,53.21997,36.50941,-89.66185,0.61464,-0.07895,-0.54731,-0.01161,106.43995,73.01881,-179.32370,0,0,0,1
169,169000,0.42532,0.12476,-0.52603,0.02405,27.42748,60.04818,-88.25856,0.51038,0.14971,-0.63123,0.02885,54.85496,120.09636,-176.51711,0,0,0,1
170,170000,0.27771,0.27261,-0.55862,-0.00829,0.41794,78.09876,-77.75901,0.33325,0.32714,-0.67034,-0.00995,0.83588,156.19752,-155.51802,0,0,0,1
171,171000,0.11207,0.41899,-0.52866,0.00240,-27.87847,88.25772,-60.06443,0.13448,0.50279,-0.63439,0.00288,-55.75694,176.51544,-120.12887,0,0,0,1
172,172000,-0.05789,0.50799,-0.46256,-0.01245,-52.76246,89.68957,-36.93115,-0.06947,0.60959,-0.55507,-0.01494,-105.52491,179.37914,-73.86231,0,0,0,1
173,173000,-0.21944,0.57146,-0.33682,0.01521,-72.61016,82.35943,-9.67750,-0.26333,0.68576,-0.40418,0.01825,-145.22033,164.71886,-19.35501,0,0,0,1
174,174000,-0.39052,0.54955,-0.17597,-0.01695,-85.84501,66.47223,18.74209,-0.46863,0.65946,-0.21116,-0.02034,-171.69001,132.94446,37.48419,0,0,0,1
175,175000,-0.50085,0.49557,0.01050,0.00522,-90.19877,45.30460,45.15428,-0.60102,0.59468,0.01260,0.00626,-180.39754,90.60920,90.30857,0,0,0,1
176,176000,-0.56687,0.37348,0.18805,-0.00534,-84.98024,18.50945,67.17174,-0.68024,0.44818,0.22566,-0.00641,-169.96048,37.01890,134.34348,0,0,0,1
177,177000,-0.54941,0.23713,0.33068,0.01839,-72.23773,-9.34632,81.64900,-0.65929,0.28455,0.39681,0.02207,-144.47546,-18.69263,163.29799,0,0,0,1
178,178000,-0.51045,0.05961,0.45031,-0.00052,-53.23735,-36.93513,89.27014,-0.61254,0.07154,0.54037,-0.00063,-106.47471,-73.87026,178.54028,0,0,0,1
179,179000,-0.42392,-0.12902,0.54991,-0.00303,-27.66493,-59.77854,87.40876,-0.50870,-0.15482,0.65989,-0.00363,-55.32986,-119.55708,174.81752,0,0,0,1
180,180000,-0.29606,-0.29507,0.55247,-0.03866,-0.34640,-78.17663,78.12355,-0.35527,-0.35408,0.66296,-0.04639,-0.69280,-156.35326,156.24709,0,0,0,1
181,181000,-0.11650,-0.42948,0.52802,-0.01795,27.44545,-87.43221,59.89300,-0.13980,-0.51537,0.63363,-0.02155,54.89091,-174.86442,119.78599,0,0,0,1
182,182000,0.05276,-0.52474,0.46184,-0.01013,52.62776,-88.94995,36.61993,0.06331,-0.62968,0.55421,-0.01216,105.25552,-177.89990,73.23985,0,0,0,1
183,183000,0.24319,-0.57038,0.34032,0.01312,72.68654,-82.01319,9.26853,0.29182,-0.68446,0.40838,0.01575,145.37308,-164.02637,18.53707,0,0,0,1
184,184000,0.37187,-0.55094,0.18230,0.00322,85.82941,-67.08896,-18.83974,0.44624,-0.66113,0.21876,0.00387,171.65881,-134.17792,-37.67947,0,0,0,1
185,185000,0.50155,-0.47718,0.00050,0.02487,89.87238,-45.13065,-44.88832,0.60186,-0.57261,0.00060,0.02984,179.74475,-90.26130,-89.77665,0,0,0,1
186,186000,0.55830,-0.37658,-0.17793,0.00379,85.15598,-18.55000,-66.67240,0.66996,-0.45190,-0.21352,0.00455,170.31195,-37.10001,-133.34481,0,0,0,1
187,187000,0.56398,-0.21646,-0.32345,0.02407,72.94358,9.04723,-81.75421,0.67677,-0.25975,-0.38814,0.02888,145.88717,18.09445,-163.50843,0,0,0,1
188,188000,0.51788,-0.05879,-0.45405,0.00503,52.47072,36.14943,-89.39193,0.62145,-0.07055,-0.54486,0.00604,104.94144,72.29886,-178.78386,0,0,0,1
189,189000,0.41398,0.11526,-0.53489,-0.00565,27.96596,59.99982,-87.80828,0.49678,0.13831,-0.64187,-0.00678,55.93191,119.99964,-175.61657,0,0,0,1
190,190000,0.29458,0.28249,-0.57846,-0.00139,0.19592,78.17466,-77.57487,0.35350,0.33899,-0.69415,-0.00166,0.39184,156.34932,-155.14974,0,0,0,1
191,191000,0.10530,0.42538,-0.54089,-0.01021,-27.60723,87.60946,-60.22023,0.12636,0.51046,-0.64907,-0.01225,-55.21445,175.21893,-120.44046,0,0,0,1
192,192000,-0.05127,0.52889,-0.46078,0.01685,-52.57188,89.71980,-36.12606,-0.06152,0.63467,-0.55293,0.02022,-105.14376,179.43961,-72.25213,0,0,0,1
193,193000,-0.22471,0.57171,-0.32897,0.01803,-72.55431,81.66430,-9.19876,-0.26965,0.68605,-0.39477,0.02163,-145.10862,163.32860,-18.39752,0,0,0,1
194,194000,-0.38092,0.55224,-0.16930,0.00202,-85.35001,66.58999,19.05245,-0.45711,0.66269,-0.20316,0.00243,-170.70001,133.17999,38.10490,0,0,0,1
195,195000,-0.47961,0.49076,0.00717,0.01832,-90.05994,44.91698,44.84135,-0.57554,0.58892,0.00861,0.02198,-180.11989,89.83396,89.68271,0,0,0,1
196,196000,-0.55348,0.38276,0.17688,0.00616,-85.81960,18.78399,67.03346,-0.66417,0.45931,0.21225,0.00739,-171.63920,37.56797,134.06693,0,0,0,1
197,197000,-0.57057,0.23223,0.33654,-0.00180,-72.81262,-8.99562,82.13368,-0.68469,0.27868,0.40385,-0.00216,-145.62524,-17.99125,164.26736,0,0,0,1
198,198000,-0.51532,0.05465,0.45414,-0.00653,-53.15210,-36.72267,89.05594,-0.61839,0.06558,0.54497,-0.00783,-106.30420,-73.44535,178.11187,0,0,0,1
199,199000,-0.42453,-0.12736,0.53751,-0.01437,-27.81666,-59.87586,87.52409,-0.50944,-0.15283,0.64502,-0.01725,-55.63332,-119.75172,175.04817,0,0,0,1
200,200000,-0.27704,-0.28466,0.57340,0.01170,-0.11814,-77.58723,77.63653,-0.33245,-0.34159,0.68807,0.01404,-0.23628,-155.17446,155.27306,0,0,0,1
201,201000,-0.10861,-0.40749,0.52735,0.01126,27.69929,-88.00360,60.48535,-0.13033,-0.48898,0.63282,0.01351,55.39858,-176.00720,120.97071,0,0,0,1
202,202000,0.06571,-0.50712,0.45527,0.01386,52.99923,-89.15398,36.91045,0.07886,-0.60855,0.54632,0.01663,105.99846,-178.30795,73.82090,0,0,0,1
203,203000,0.23924,-0.55953,0.33552,0.01523,72.59074,-81.76550,9.54885,0.28709,-0.67143,0.40263,0.01828,145.18148,-163.53100,19.09770,0,0,0,1
204,204000,0.36535,-0.56381,0.16738,-0.03108,85.47697,-66.94196,-18.48259,0.43842,-0.67658,0.20086,-0.03729,170.95394,-133.88392,-36.96519,0,0,0,1
205,205000,0.47926,-0.48087,-0.00317,-0.00478,89.79285,-45.24134,-44.74089,0.57511,-0.57704,-0.00380,-0.00573,179.58570,-90.48267,-89.48179,0,0,0,1
206,206000,0.56303,-0.39174,-0.16295,0.00834,85.63581,-18.52864,-66.80352,0.67564,-0.47009,-0.19554,0.01001,171.27161,-37.05728,-133.60704,0,0,0,1
207,207000,0.56158,-0.24363,-0.33756,-0.01961,72.52583,9.05254,-81.65264,0.67390,-0.29235,-0.40507,-0.02353,145.05167,18.10508,-163.30528,0,0,0,1
208,208000,0.52036,-0.06249,-0.45577,0.00210,52.34967,36.39131,-89.49917,0.62443,-0.07498,-0.54693,0.00252,104.69934,72.78262,-178.99834,0,0,0,1
209,209000,0.41540,0.12127,-0.55060,-0.01393,27.78426,59.86508,-87.50767,0.49848,0.14552,-0.66072,-0.01671,55.56853,119.73015,-175.01533,0,0,0,1
210,210000,0.28603,0.29077,-0.56269,0.01411,-0.30790,78.15937,-77.34954,0.34323,0.34892,-0.67522,0.01693,-0.61580,156.31875,-154.69908,0,0,0,1
211,211000,0.12175,0.41202,-0.52519,0.00859,-28.02839,88.28677,-59.71174,0.14610,0.49443,-0.63023,0.01030,-56.05678,176.57353,-119.42348,0,0,0,1
212,212000,-0.06812,0.53090,-0.44879,0.01398,-52.97155,89.05875,-36.69322,-0.08175,0.63708,-0.53855,0.01678,-105.94309,178.11750,-73.38644,0,0,0,1
213,213000,-0.23169,0.57201,-0.34552,-0.00520,-72.41648,82.49558,-9.69778,-0.27802,0.68642,-0.41463,-0.00623,-144.83297,164.99116,-19.39555,0,0,0,1
214,214000,-0.36851,0.53982,-0.16892,0.00239,-85.31228,66.84583,18.38302,-0.44221,0.64779,-0.20271,0.00286,-170.62455,133.69166,36.76604,0,0,0,1
215,215000,-0.48574,0.50210,-0.01235,0.00401,-90.05866,45.27023,44.96214,-0.58289,0.60252,-0.01482,0.00481,-180.11733,90.54046,89.92427,0,0,0,1
216,216000,-0.56290,0.37512,0.18330,-0.00448,-85.02403,18.75346,67.02257,-0.67548,0.45014,0.21996,-0.00538,-170.04806,37.50692,134.04513,0,0,0,1
217,217000,-0.57040,0.22669,0.34130,-0.00241,-72.36713,-9.56552,81.64032,-0.68448,0.27202,0.40956,-0.00289,-144.73426,-19.13105,163.28065,0,0,0,1
218,218000,-0.52589,0.06231,0.45529,-0.00829,-52.77131,-36.79483,89.68302,-0.63106,0.07477,0.54635,-0.00995,-105.54261,-73.58967,179.36604,0,0,0,1
219,219000,-0.41505,-0.11649,0.52687,-0.00467,-28.13344,-60.09654,88.07616,-0.49805,-0.13979,0.63224,-0.00560,-56.26688,-120.19308,176.15231,0,0,0,1
220,220000,-0.27160,-0.27029,0.55379,0.01191,0.42639,-77.52664,78.15617,-0.32592,-0.32434,0.66455,0.01429,0.85278,-155.05328,156.31234,0,0,0,1
221,221000,-0.12206,-0.40981,0.52800,-0.00387,27.55423,-87.58253,59.90589,-0.14647,-0.49177,0.63361,-0.00464,55.10847,-175.16506,119.81178,0,0,0,1
222,222000,0.06680,-0.52057,0.44549,-0.00829,53.04381,-89.13403,36.87409,0.08016,-0.62469,0.53459,-0.00994,106.08761,-178.26806,73.74818,0,0,0,1
223,223000,0.22220,-0.57550,0.33228,-0.02102,72.67062,-81.92851,9.08878,0.26663,-0.69060,0.39874,-0.02522,145.34124,-163.85701,18.17755,0,0,0,1
224,224000,0.38504,-0.54198,0.16326,0.00633,85.44325,-66.92817,-18.34473,0.46205,-0.65037,0.19592,0.00759,170.88650,-133.85635,-36.68947,0,0,0,1
225,225000,0.48006,-0.49560,0.01252,-0.00302,89.42756,-45.00065,-44.46820,0.57607,-0.59472,0.01503,-0.00362,178.85512,-90.00129,-88.93641,0,0,0,1
226,226000,0.55230,-0.36464,-0.18227,0.00538,85.34363,-18.58950,-66.88239,0.66275,-0.43757,-0.21873,0.00645,170.68727,-37.17900,-133.76478,0,0,0,1
227,227000,0.57140,-0.21814,-0.33468,0.01858,72.56833,9.34465,-82.12815,0.68567,-0.26176,-0.40162,0.02229,145.13667,18.68930,-164.25630,0,0,0,1
228,228000,0.52072,-0.07258,-0.45190,-0.00375,52.56651,36.72218,-89.14629,0.62487,-0.08710,-0.54227,-0.00450,105.13303,73.44436,-178.29259,0,0,0,1
229,229000,0.42016,0.10748,-0.52548,0.00216,27.40709,60.44053,-88.07836,0.50420,0.12897,-0.63057,0.00260,54.81418,120.88106,-176.15672,0,0,0,1
230,230000,0.28381,0.28668,-0.56728,0.00321,0.43038,77.55233,-77.41132,0.34058,0.34401,-0.68073,0.00385,0.86077,155.10465,-154.82264,0,0,0,1
231,231000,0.11464,0.43028,-0.54704,-0.00212,-27.85252,88.09540,-59.85654,0.13757,0.51633,-0.65645,-0.00255,-55.70503,176.19081,-119.71308,0,0,0,1
232,232000,-0.06420,0.51985,-0.45028,0.00536,-52.89268,89.14033,-36.72115,-0.07704,0.62382,-0.54034,0.00643,-105.78535,178.28067,-73.44231,0,0,0,1
233,233000,-0.23822,0.56647,-0.33158,-0.00334,-72.64886,82.40143,-9.16775,-0.28587,0.67976,-0.39790,-0.00400,-145.29771,164.80286,-18.33551,0,0,0,1
234,234000,-0.37334,0.56313,-0.17886,0.01094,-85.04941,66.54461,18.76440,-0.44801,0.67576,-0.21463,0.01312,-170.09882,133.08921,37.52880,0,0,0,1
235,235000,-0.49613,0.49267,-0.00310,-0.00656,-89.67599,45.33114,44.50720,-0.59535,0.59121,-0.00372,-0.00787,-179.35199,90.66228,89.01440,0,0,0,1
236,236000,-0.55433,0.38200,0.16684,-0.00549,-84.97217,18.32111,66.76798,-0.66520,0.45840,0.20021,-0.00659,-169.94434,36.64223,133.53596,0,0,0,1
237,237000,-0.57619,0.22782,0.34559,-0.00278,-72.98445,-9.00511,82.41758,-0.69142,0.27339,0.41470,-0.00333,-145.96890,-18.01022,164.83515,0,0,0,1
238,238000,-0.50446,0.07013,0.45384,0.01951,-52.69666,-36.58819,89.04864,-0.60535,0.08415,0.54461,0.02341,-105.39331,-73.17637,178.09729,0,0,0,1
239,239000,-0.42379,-0.12518,0.53324,-0.01573,-27.64248,-60.21140,87.83340,-0.50854,-0.15022,0.63988,-0.01888,-55.28496,-120.42280,175.66681,0,0,0,1
240,240000,-0.29280,-0.28104,0.57805,0.00421,0.38597,-77.60722,77.84477,-0.35136,-0.33725,0.69366,0.00505,0.77193,-155.21444,155.68955,0,0,0,1
241,241000,-0.11167,-0.42981,0.52815,-0.01332,27.90006,-87.95517,60.45265,-0.13400,-0.51577,0.63378,-0.01598,55.80013,-175.91034,120.90530,0,0,0,1
242,242000,0.05486,-0.52869,0.45080,-0.02303,52.77895,-89.36496,36.14303,0.06583,-0.63443,0.54096,-0.02763,105.55791,-178.72992,72.28607,0,0,0,1
243,243000,0.21893,-0.57652,0.33783,-0.01976,73.09079,-81.95531,9.06400,0.26271,-0.69182,0.40540,-0.02371,146.18158,-163.91063,18.12800,0,0,0,1
244,244000,0.36494,-0.54401,0.18758,0.00851,85.45924,-66.29709,-18.25639,0.43793,-0.65281,0.22510,0.01022,170.91848,-132.59419,-36.51278,0,0,0,1
245,245000,0.49026,-0.49309,-0.00967,-0.01250,89.70597,-45.31131,-44.70034,0.58831,-0.59171,-0.01161,-0.01500,179.41195,-90.62262,-89.40068,0,0,0,1
246,246000,0.56466,-0.36639,-0.17310,0.02517,85.81557,-18.40709,-66.42404,0.67760,-0.43967,-0.20772,0.03021,171.63115,-36.81418,-132.84807,0,0,0,1
247,247000,0.55909,-0.24408,-0.33559,-0.02058,72.82754,9.66500,-82.33580,0.67091,-0.29289,-0.40271,-0.02470,145.65508,19.33000,-164.67159,0,0,0,1
248,248000,0.52628,-0.05851,-0.44818,0.01958,52.69927,36.29955,-89.65053,0.63153,-0.07021,-0.53781,0.02350,105.39854,72.59911,-179.30107,0,0,0,1
249,249000,0.40805,0.12215,-0.54181,-0.01161,28.19701,60.20907,-87.88939,0.48967,0.14658,-0.65018,-0.01393,56.39402,120.41814,-175.77878,0,0,0,1
250,250000,0.29578,0.27073,-0.55672,0.00979,0.35457,78.15436,-77.39301,0.35493,0.32488,-0.66807,0.01175,0.70914,156.30872,-154.78602,0,0,0,1
251,251000,0.10483,0.41855,-0.53900,-0.01561,-27.35346,87.49925,-59.72478,0.12580,0.50226,-0.64680,-0.01874,-54.70691,174.99850,-119.44956,0,0,0,1
252,252000,-0.05810,0.51510,-0.46463,-0.00763,-53.22036,89.28260,-36.63323,-0.06972,0.61812,-0.55755,-0.00916,-106.44073,178.56519,-73.26647,0,0,0,1
253,253000,-0.22783,0.55946,-0.34202,-0.01039,-72.62872,82.44944,-9.00412,-0.27340,0.67135,-0.41042,-0.01247,-145.25744,164.89888,-18.00823,0,0,0,1
254,254000,-0.39266,0.55434,-0.16184,-0.00016,-85.74000,66.50958,18.66184,-0.47119,0.66521,-0.19421,-0.00019,-171.48000,133.01915,37.32367,0,0,0,1
255,255000,-0.50217,0.47959,-0.01061,-0.03319,-89.38319,44.89598,44.90011,-0.60260,0.57550,-0.01273,-0.03983,-178.76637,89.79195,89.80021,0,0,0,1
256,256000,-0.55964,0.37934,0.18509,0.00479,-85.73791,18.35639,66.98825,-0.67156,0.45520,0.22211,0.00575,-171.47582,36.71277,133.97651,0,0,0,1
257,257000,-0.55958,0.22788,0.34190,0.01021,-72.57257,-9.42379,82.20255,-0.67150,0.27346,0.41029,0.01225,-145.14514,-18.84759,164.40510,0,0,0,1
258,258000,-0.52974,0.05912,0.46551,-0.00511,-52.61012,-36.58231,89.37308,-0.63569,0.07095,0.55861,-0.00613,-105.22023,-73.16462,178.74616,0,0,0,1
259,259000,-0.40628,-0.10787,0.54712,0.03296,-27.83489,-59.71431,87.55473,-0.48754,-0.12945,0.65655,0.03956,-55.66978,-119.42861,175.10947,0,0,0,1
260,260000,-0.29081,-0.27239,0.55360,-0.00960,-0.00402,-78.19566,77.72333,-0.34897,-0.32687,0.66432,-0.01152,-0.00804,-156.39133,155.44666,0,0,0,1
261,261000,-0.12348,-0.41290,0.52575,-0.01062,27.47736,-88.07131,60.00607,-0.14817,-0.49548,0.63090,-0.01275,54.95472,-176.14263,120.01214,0,0,0,1
262,262000,0.04735,-0.52023,0.46018,-0.01270,53.07840,-89.66532,36.69086,0.05682,-0.62427,0.55221,-0.01524,106.15679,-179.33064,73.38173,0,0,0,1
263,263000,0.22093,-0.56622,0.31844,-0.02686,72.70909,-81.71834,9.52834,0.26511,-0.67947,0.38213,-0.03223,145.41818,-163.43667,19.05668,0,0,0,1
264,264000,0.37269,-0.56169,0.17687,-0.01213,85.48057,-67.07832,-18.66905,0.44722,-0.67403,0.21225,-0.01456,170.96115,-134.15664,-37.33809,0,0,0,1
265,265000,0.49203,-0.49229,-0.00336,-0.00362,89.51153,-45.21623,-44.67889,0.59043,-0.59074,-0.00403,-0.00434,179.02306,-90.43246,-89.35777,0,0,0,1
266,266000,0.56311,-0.36926,-0.16643,0.02741,85.37062,-18.82999,-66.69641,0.67573,-0.44312,-0.19972,0.03289,170.74124,-37.65998,-133.39281,0,0,0,1
267,267000,0.55714,-0.22257,-0.33130,0.00327,72.51700,9.34587,-82.43340,0.66857,-0.26709,-0.39756,0.00392,145.03400,18.69174,-164.86681,0,0,0,1
268,268000,0.52193,-0.06170,-0.46549,-0.00526,52.93108,36.19050,-89.71826,0.62632,-0.07404,-0.55858,-0.00631,105.86216,72.38100,-179.43653,0,0,0,1
269,269000,0.41059,0.10868,-0.55012,-0.03085,27.63725,59.99340,-87.67554,0.49270,0.13042,-0.66014,-0.03702,55.27449,119.98681,-175.35108,0,0,0,1
270,270000,0.28117,0.28553,-0.56732,-0.00062,0.24665,77.72526,-77.44072,0.33740,0.34264,-0.68078,-0.00074,0.49330,155.45052,-154.88145,0,0,0,1
271,271000,0.12373,0.42926,-0.55212,0.00087,-27.78693,88.06685,-59.76593,0.14847,0.51511,-0.66255,0.00104,-55.57386,176.13370,-119.53185,0,0,0,1
272,272000,-0.06369,0.50381,-0.45296,-0.01283,-53.16598,89.01215,-36.24008,-0.07642,0.60458,-0.54355,-0.01540,-106.33196,178.02429,-72.48015,0,0,0,1
273,273000,-0.23860,0.56945,-0.32919,0.00166,-72.41930,81.97722,-9.71416,-0.28632,0.68333,-0.39503,0.00199,-144.83861,163.95443,-19.42832,0,0,0,1
274,274000,-0.36753,0.54528,-0.18252,-0.00477,-85.29988,66.63010,19.07669,-0.44104,0.65434,-0.21903,-0.00573,-170.59977,133.26020,38.15337,0,0,0,1
275,275000,-0.47951,0.47664,-0.00574,-0.00861,-89.73253,44.84223,45.10067,-0.57541,0.57196,-0.00688,-0.01033,-179.46507,89.68445,90.20134,0,0,0,1
276,276000,-0.56166,0.38616,0.18793,0.01242,-85.39692,18.28487,66.96217,-0.67399,0.46339,0.22551,0.01491,-170.79384,36.56974,133.92434,0,0,0,1
277,277000,-0.57120,0.22181,0.34418,-0.00521,-72.23995,-9.12859,81.65211,-0.68544,0.26618,0.41301,-0.00625,-144.47989,-18.25718,163.30421,0,0,0,1
278,278000,-0.51907,0.07297,0.46137,0.01528,-52.86559,-36.53569,89.16070,-0.62288,0.08756,0.55365,0.01833,-105.73118,-73.07138,178.32141,0,0,0,1
279,279000,-0.41434,-0.12361,0.53838,0.00043,-28.12150,-60.02082,88.07551,-0.49720,-0.14834,0.64605,0.00051,-56.24300,-120.04165,176.15102,0,0,0,1
280,280000,-0.26977,-0.28180,0.55742,0.00586,-0.36278,-77.94718,77.42449,-0.32372,-0.33816,0.66890,0.00703,-0.72557,-155.89437,154.84899,0,0,0,1
281,281000,-0.10451,-0.40800,0.53503,0.02252,27.62673,-87.97881,59.70627,-0.12541,-0.48960,0.64203,0.02702,55.25347,-175.95763,119.41253,0,0,0,1
282,282000,0.06701,-0.51592,0.47118,0.02227,52.72478,-89.45602,36.54356,0.08041,-0.61911,0.56541,0.02672,105.44956,-178.91204,73.08711,0,0,0,1
283,283000,0.22253,-0.55863,0.32438,-0.01172,72.72294,-81.81532,9.61328,0.26703,-0.67036,0.38926,-0.01407,145.44587,-163.63064,19.22655,0,0,0,1
284,284000,0.38390,-0.55048,0.18232,0.01574,85.21336,-66.85270,-18.78052,0.46068,-0.66058,0.21878,0.01889,170.42672,-133.70541,-37.56104,0,0,0,1
285,285000,0.47829,-0.49022,0.00614,-0.00580,89.37350,-45.14631,-45.31979,0.57394,-0.58827,0.00737,-0.00696,178.74699,-90.29262,-90.63958,0,0,0,1
286,286000,0.54566,-0.38903,-0.17943,-0.02280,85.59959,-18.44877,-66.42419,0.65479,-0.46683,-0.21531,-0.02735,171.19918,-36.89755,-132.84837,0,0,0,1
287,287000,0.56280,-0.23030,-0.32047,0.01203,73.06453,9.01199,-81.76866,0.67536,-0.27636,-0.38456,0.01444,146.12907,18.02399,-163.53732,0,0,0,1
288,288000,0.50353,-0.05723,-0.45311,-0.00682,52.42640,36.76114,-88.87990,0.60423,-0.06868,-0.54374,-0.00818,104.85281,73.52227,-177.75979,0,0,0,1
289,289000,0.43124,0.12632,-0.53442,0.02314,28.17588,59.66823,-87.97827,0.51749,0.15158,-0.64131,0.02776,56.35175,119.33646,-175.95654,0,0,0,1
290,290000,0.27333,0.27766,-0.55516,-0.00416,-0.05933,77.33946,-77.91730,0.32800,0.33320,-0.66619,-0.00499,-0.11866,154.67892,-155.83460,0,0,0,1
291,291000,0.12113,0.40883,-0.52679,0.00317,-27.56045,87.98470,-60.21059,0.14536,0.49060,-0.63215,0.00380,-55.12089,175.96939,-120.42118,0,0,0,1
292,292000,-0.06265,0.50554,-0.45009,-0.00720,-52.56109,89.00912,-36.88198,-0.07518,0.60664,-0.54011,-0.00864,-105.12218,178.01824,-73.76397,0,0,0,1
293,293000,-0.23385,0.56287,-0.33440,-0.00538,-72.96545,81.99047,-9.35833,-0.28062,0.67544,-0.40128,-0.00646,-145.93089,163.98094,-18.71665,0,0,0,1
294,294000,-0.36792,0.54475,-0.16482,0.01201,-85.49189,66.71255,18.57846,-0.44151,0.65370,-0.19778,0.01441,-170.98378,133.42510,37.15693,0,0,0,1
295,295000,-0.49104,0.50231,-0.00378,0.00749,-89.73440,44.72307,44.55542,-0.58924,0.60277,-0.00453,0.00899,-179.46881,89.44614,89.11085,0,0,0,1
296,296000,-0.55486,0.37630,0.16994,-0.00862,-85.41968,18.86940,66.79207,-0.66584,0.45157,0.20392,-0.01035,-170.83936,37.73880,133.58414,0,0,0,1
297,297000,-0.55726,0.21732,0.32616,-0.01378,-72.49440,-9.62529,82.45394,-0.66871,0.26078,0.39140,-0.01653,-144.98880,-19.25058,164.90788,0,0,0,1
298,298000,-0.50427,0.07013,0.45087,0.01673,-52.40577,-36.80939,89.34392,-0.60512,0.08416,0.54104,0.02008,-104.81155,-73.61878,178.68784,0,0,0,1
299,299000,-0.41473,-0.11879,0.54989,0.01637,-27.42720,-59.82071,88.10444,-0.49768,-0.14255,0.65987,0.01965,-54.85439,-119.64143,176.20887,0,0,0,1
300,300000,-3.40513,-3.39153,6.78637,-0.01029,0.23754,-5.91853,5.78308,-4.08616,-4.06983,8.14365,-0.01235,0.47508,-11.83706,11.56616,0,0,0,1
301,301000,-1.41680,-5.05459,6.46732,-0.00408,1.96252,-7.07670,4.36798,-1.70016,-6.06551,7.76078,-0.00489,3.92504,-14.15340,8.73597,1,0,0,1
302,302000,0.70446,-6.18910,5.50061,0.01597,4.30284,-7.39332,3.32512,0.84536,-7.42692,6.60073,0.01917,8.60567,-14.78664,6.65023,1,0,0,1
303,303000,2.76502,-6.74061,3.99567,0.02008,6.24738,-6.40263,1.11988,3.31802,-8.08874,4.79481,0.02409,12.49477,-12.80526,2.23976,1,0,0,1
304,304000,4.55374,-6.64201,2.09078,0.00251,6.80686,-5.19489,-1.44849,5.46449,-7.97041,2.50894,0.00301,13.61372,-10.38977,-2.89698,1,0,0,1
305,305000,5.88268,-5.86938,-0.00538,0.00792,7.46705,-3.88601,-3.81588,7.05922,-7.04325,-0.00646,0.00951,14.93409,-7.77201,-7.63176,1,0,0,1
306,306000,6.64774,-4.53572,-2.09718,0.01484,7.07340,-1.09929,-5.49334,7.97728,-5.44286,-2.51662,0.01780,14.14679,-2.19857,-10.98668,1,0,0,1
307,307000,6.76269,-2.76689,-3.98218,0.01362,5.79784,0.74920,-6.23146,8.11523,-3.32027,-4.77861,0.01634,11.59568,1.49840,-12.46292,1,0,0,1
308,308000,6.19296,-0.70543,-5.49376,-0.00623,3.82534,2.70155,-6.93299,7.43155,-0.84652,-6.59251,-0.00748,7.65069,5.40310,-13.86598,1,0,0,1
309,309000,5.03319,1.40064,-6.45690,-0.02307,1.93775,5.11387,-7.12853,6.03983,1.68077,-7.74828,-0.02768,3.87549,10.22774,-14.25706,1,0,0,1
310,310000,3.39874,3.39664,-6.79113,0.00425,0.37189,6.13314,-6.51640,4.07848,4.07597,-8.14935,0.00510,0.74378,12.26629,-13.03280,1,0,0,1
311,311000,1.41938,5.05107,-6.45774,0.01272,-2.18759,7.25628,-4.67636,1.70326,6.06129,-7.74929,0.01526,-4.37517,14.51256,-9.35273,1,0,0,1
312,312000,-0.72364,6.20240,-5.49331,-0.01455,-4.12127,7.45909,-3.08386,-0.86837,7.44289,-6.59197,-0.01746,-8.24254,14.91818,-6.16773,1,0,0,1
313,313000,-2.77322,6.74669,-4.00238,-0.02890,-5.84030,6.78861,-1.09943,-3.32787,8.09603,-4.80285,-0.03469,-11.68060,13.57721,-2.19887,1,0,0,1
314,314000,-4.54148,6.62749,-2.10324,-0.01722,-6.79680,5.07083,1.83536,-5.44977,7.95299,-2.52389,-0.02067,-13.59359,10.14166,3.67072,1,0,0,1
315,315000,-5.88635,5.87107,-0.00713,-0.02241,-7.34446,3.91525,4.01337,-7.06362,7.04528,-0.00855,-0.02689,-14.68893,7.83050,8.02674,1,0,0,1
316,316000,-6.63907,4.54769,2.10456,0.01318,-6.41752,1.80271,5.57230,-7.96688,5.45723,2.52547,0.01582,-12.83505,3.60543,11.14459,1,1,1,1
317,317000,-6.75465,2.75278,4.00415,0.00228,-6.13696,-0.59588,6.14314,-8.10558,3.30334,4.80498,0.00274,-12.27392,-1.19176,12.28629,1,1,1,1
318,318000,-6.20670,0.70836,5.49051,-0.00784,-4.56999,-2.65926,7.13528,-7.44804,0.85003,6.58861,-0.00940,-9.13999,-5.31851,14.27055,1,1,1,1
319,319000,-5.03238,-1.41352,6.45888,0.01299,-2.26587,-4.91543,6.88091,-6.03885,-1.69622,7.75066,0.01558,-4.53175,-9.83085,13.76183,1,1,1,1
320,320000,-3.40316,-3.40748,6.79982,-0.01083,-0.30641,-5.87053,5.80525,-4.08380,-4.08897,8.15978,-0.01299,-0.61281,-11.74106,11.61050,1,1,1,1
321,321000,-1.41978,-5.03235,6.45519,0.00306,2.38234,-7.16236,4.99569,-1.70373,-6.03882,7.74623,0.00368,4.76468,-14.32471,9.99138,1,1,1,1
322,322000,0.71829,-6.21433,5.48678,-0.00926,4.46998,-7.13906,3.19316,0.86195,-7.45720,6.58414,-0.01111,8.93996,-14.27812,6.38632,1,1,1,1
323,323000,2.75680,-6.74592,3.98871,-0.00041,5.40681,-6.71351,0.53918,3.30816,-8.09511,4.78645,-0.00049,10.81362,-13.42703,1.07836,1,1,1,1
324,324000,4.53590,-6.63334,2.10862,0.01117,6.80827,-5.06565,-1.65044,5.44307,-7.96001,2.53034,0.01340,13.61653,-10.13131,-3.30088,1,1,1,1
325,325000,5.88202,-5.87315,-0.00446,0.00441,6.92619,-3.94046,-3.76557,7.05843,-7.04778,-0.00536,0.00529,13.85238,-7.88092,-7.53114,1,1,1,1
326,326000,6.62726,-4.55318,-2.08781,-0.01372,6.71893,-1.73446,-5.43028,7.95271,-5.46381,-2.50537,-0.01647,13.43787,-3.46892,-10.86055,1,1,1,1
327,327000,6.76340,-2.76771,-3.98958,0.00610,5.92150,1.08244,-6.38551,8.11608,-3.32126,-4.78750,0.00732,11.84300,2.16488,-12.77103,1,1,1,1
328,328000,6.21485,-0.71424,-5.49290,0.00771,4.65943,2.97295,-6.78241,7.45782,-0.85709,-6.59148,0.00925,9.31886,5.94590,-13.56482,1,1,1,1
329,329000,5.04588,1.40324,-6.46921,-0.02009,2.07391,5.17796,-6.93686,6.05505,1.68389,-7.76305,-0.02410,4.14782,10.35592,-13.87372,1,1,1,1
330,330000,3.38754,3.40416,-6.79316,-0.00145,0.07611,6.58643,-5.83817,4.06505,4.08500,-8.15179,-0.00174,0.15222,13.17285,-11.67635,1,1,1,1
331,331000,1.41630,5.03537,-6.44399,0.00769,-2.24562,6.99964,-4.99079,1.69956,6.04245,-7.73279,0.00923,-4.49123,13.99928,-9.98158,1,1,1,1
332,332000,-0.70704,6.19340,-5.48273,0.00362,-3.85027,7.25320,-3.21287,-0.84845,7.43208,-6.57928,0.00435,-7.70055,14.50640,-6.42574,1,1,1,1
333,333000,-2.74748,6.75321,-3.98474,0.02100,-5.53262,6.52294,-1.02301,-3.29698,8.10386,-4.78168,0.02519,-11.06523,13.04588,-2.04603,1,1,1,1
334,334000,-4.52823,6.62952,-2.09601,0.00528,-7.14415,5.52678,1.56334,-5.43387,7.95542,-2.51522,0.00633,-14.28830,11.05356,3.12669,1,1,1,1
335,335000,-5.88071,5.86556,-0.01048,-0.02562,-7.60259,3.82322,3.81217,-7.05685,7.03868,-0.01257,-0.03075,-15.20518,7.64643,7.62434,1,1,1,1
336,336000,-6.63649,4.54001,2.10013,0.00364,-7.14179,1.41645,5.34569,-7.96379,5.44801,2.52016,0.00437,-14.28359,2.83290,10.69138,1,1,1,1
337,337000,-6.73888,2.76235,3.98161,0.00509,-5.97295,-1.04049,6.41064,-8.08665,3.31482,4.77793,0.00610,-11.94591,-2.08097,12.82128,1,1,1,1
338,338000,-6.20494,0.72285,5.49519,0.01309,-4.58525,-2.71472,6.85173,-7.44593,0.86742,6.59423,0.01571,-9.17051,-5.42943,13.70346,1,1,1,1
339,339000,-5.03067,-1.42171,6.44332,-0.00906,-2.62247,-4.88546,6.84862,-6.03680,-1.70605,7.73198,-0.01087,-5.24494,-9.77092,13.69725,1,1,1,1
340,340000,-3.39974,-3.38334,6.79093,0.00784,-0.40386,-6.04046,6.26342,-4.07969,-4.06001,8.14911,0.00941,-0.80772,-12.08092,12.52685,1,1,1,1
341,341000,-1.39736,-5.03392,6.44210,0.01082,2.05411,-6.77025,4.85305,-1.67683,-6.04071,7.73052,0.01298,4.10822,-13.54051,9.70611,1,1,1,1
342,342000,0.71035,-6.18812,5.49260,0.01483,4.54241,-6.91533,2.85695,0.85242,-7.42574,6.59112,0.01780,9.08482,-13.83065,5.71389,1,1,1,1
343,343000,2.77291,-6.76069,3.99405,0.00627,5.61952,-6.81165,1.11913,3.32749,-8.11283,4.79286,0.00753,11.23904,-13.62331,2.23825,1,1,1,1
344,344000,4.54314,-6.63341,2.11070,0.02043,6.52477,-5.74896,-1.54704,5.45176,-7.96009,2.53285,0.02451,13.04954,-11.49792,-3.09407,1,1,1,1
345,345000,5.87625,-5.87845,-0.00937,-0.01157,7.52670,-3.91312,-3.44057,7.05150,-7.05414,-0.01124,-0.01388,15.05339,-7.82625,-6.88115,1,1,1,1
346,346000,6.64047,-4.53650,-2.09509,0.00889,7.13121,-1.32822,-5.13476,7.96857,-5.44380,-2.51410,0.01067,14.26242,-2.65643,-10.26951,1,1,1,1
347,347000,6.76040,-2.74875,-3.98926,0.02239,5.46371,0.38949,-6.96928,8.11248,-3.29850,-4.78711,0.02687,10.92742,0.77898,-13.93856,1,1,1,1
348,348000,6.18798,-0.71977,-5.49878,-0.03057,4.12226,3.09719,-7.19531,7.42558,-0.86372,-6.59853,-0.03668,8.24452,6.19439,-14.39061,1,1,1,1
349,349000,5.05224,1.40574,-6.44535,0.01263,2.27830,5.24519,-7.14566,6.06269,1.68689,-7.73442,0.01515,4.55659,10.49038,-14.29132,1,1,1,1
350,350000,3.38187,3.40719,-6.77421,0.01484,0.07779,6.39368,-6.43090,4.05825,4.08862,-8.12906,0.01781,0.15558,12.78735,-12.86179,1,1,1,1
351,351000,1.39843,5.03496,-6.45456,-0.02117,-2.49970,7.17158,-4.40460,1.67811,6.04196,-7.74547,-0.02541,-4.99941,14.34317,-8.80920,1,1,1,1
352,352000,-0.70413,6.19084,-5.47896,0.00776,-3.86546,7.58318,-3.21509,-0.84495,7.42901,-6.57475,0.00931,-7.73093,15.16636,-6.43017,1,1,1,1
353,353000,-2.76728,6.74622,-3.98133,-0.00239,-5.45092,6.46896,-1.14560,-3.32074,8.09546,-4.77760,-0.00287,-10.90184,12.93792,-2.29120,1,1,1,1
354,354000,-4.54481,6.64253,-2.11007,-0.01236,-6.54932,4.93617,1.32661,-5.45377,7.97103,-2.53208,-0.01483,-13.09863,9.87235,2.65322,1,1,1,1
355,355000,-5.88999,5.88606,0.00873,0.00480,-6.99302,3.30572,3.72767,-7.06798,7.06327,0.01047,0.00576,-13.98605,6.61143,7.45534,1,1,1,1
356,356000,-6.63928,4.55431,2.10923,0.02427,-6.83331,1.49155,5.12926,-7.96713,5.46518,2.53107,0.02912,-13.66662,2.98310,10.25852,1,1,1,1
357,357000,-6.76157,2.77378,4.00300,0.01521,-6.08733,-1.17098,6.29829,-8.11389,3.32854,4.80360,0.01825,-12.17467,-2.34197,12.59659,1,1,1,1
358,358000,-6.19986,0.70055,5.48024,-0.01908,-4.39853,-2.83402,7.46999,-7.43984,0.84066,6.57628,-0.02289,-8.79706,-5.66804,14.93998,1,1,1,1
359,359000,-5.05162,-1.40199,6.46131,0.00770,-1.98989,-4.49267,6.75574,-6.06194,-1.68239,7.75358,0.00924,-3.97978,-8.98534,13.51147,1,1,1,1
360,360000,-3.38343,-3.40207,6.77497,-0.01053,0.20940,-6.56957,6.63566,-4.06012,-4.08249,8.12996,-0.01264,0.41879,-13.13913,13.27132,1,1,1,1
361,361000,-1.41003,-5.05679,6.44363,-0.02319,2.04138,-6.73867,4.74776,-1.69204,-6.06815,7.73236,-0.02783,4.08276,-13.47735,9.49552,1,1,1,1
362,362000,0.71689,-6.21166,5.47799,-0.01678,4.42745,-6.85147,2.85573,0.86026,-7.45399,6.57359,-0.02013,8.85489,-13.70294,5.71146,1,1,1,1
363,363000,2.77271,-6.76360,4.00339,0.01249,5.84657,-6.34281,0.56268,3.32725,-8.11633,4.80407,0.01499,11.69314,-12.68561,1.12537,1,1,1,1
364,364000,4.53023,-6.65131,2.09128,-0.02980,6.70451,-5.63795,-1.13042,5.43628,-7.98157,2.50953,-0.03575,13.40902,-11.27590,-2.26084,1,1,1,1
365,365000,5.87198,-5.88273,0.01041,-0.00034,6.91479,-3.96628,-3.73075,7.04637,-7.05927,0.01249,-0.00040,13.82959,-7.93257,-7.46151,1,1,1,1
366,366000,0.00048,-0.00712,-0.00285,-0.00949,85.83739,-18.56361,-66.50880,0.00058,-0.00855,-0.00342,-0.01139,171.67479,-37.12721,-133.01760,0,1,1,0
367,367000,0.00649,-0.01405,0.00359,-0.00397,72.55817,9.71712,-81.85585,0.00778,-0.01686,0.00431,-0.00476,145.11634,19.43424,-163.71171,0,1,1,0
368,368000,0.01382,0.01328,-0.00373,0.02337,52.55987,36.11798,-89.35762,0.01658,0.01594,-0.00447,0.02804,105.11974,72.23595,-178.71523,0,1,1,0
369,369000,0.00164,-0.00252,0.00032,-0.00056,27.31983,59.67495,-88.10370,0.00197,-0.00302,0.00038,-0.00067,54.63966,119.34990,-176.20739,0,1,1,0
370,370000,-0.00467,0.00199,0.00560,0.00292,-0.23183,77.87526,-77.52816,-0.00561,0.00239,0.00672,0.00351,-0.46366,155.75052,-155.05632,0,1,1,0
371,371000,-0.00203,0.00929,-0.00313,0.00414,-27.93661,88.03120,-60.19681,-0.00243,0.01115,-0.00375,0.00497,-55.87322,176.06240,-120.39362,0,1,1,0
372,372000,-0.01134,0.00466,-0.00171,-0.00840,-52.56744,89.72090,-36.67145,-0.01361,0.00559,-0.00205,-0.01008,-105.13487,179.44180,-73.34289,0,1,1,0
373,373000,-0.00144,-0.00298,-0.00176,-0.00618,-73.10780,81.75651,-9.59706,-0.00173,-0.00357,-0.00211,-0.00741,-146.21560,163.51302,-19.19411,0,1,1,0
374,374000,-0.01164,0.01129,0.00735,0.00699,-85.75082,66.63393,19.09407,-0.01397,0.01354,0.00882,0.00839,-171.50165,133.26786,38.18814,0,1,1,0
375,375000,-0.00397,-0.00871,-0.01355,-0.02623,-89.75923,44.68764,45.31131,-0.00477,-0.01045,-0.01625,-0.03148,-179.51847,89.37529,90.62261,0,1,1,0
376,376000,-0.00731,0.01043,-0.00005,0.00307,-85.47718,18.38714,66.86516,-0.00877,0.01252,-0.00006,0.00369,-170.95436,36.77428,133.73032,0,1,1,0
377,377000,-0.00117,0.00999,-0.00368,0.00514,-72.62389,-9.37177,81.62446,-0.00140,0.01199,-0.00442,0.00617,-145.24778,-18.74354,163.24892,0,1,1,0
378,378000,0.00385,-0.00379,-0.01257,-0.01251,-52.44317,-36.95237,89.53109,0.00462,-0.00455,-0.01508,-0.01501,-104.88634,-73.90473,179.06217,0,1,1,0
379,379000,0.01188,-0.01161,0.01233,0.01260,-27.98083,-59.98996,87.94053,0.01425,-0.01393,0.01480,0.01512,-55.96166,-119.97992,175.88106,0,1,1,0
380,380000,0.01275,-0.00836,0.00783,0.01222,-0.30523,-77.56177,77.55579,0.01530,-0.01003,0.00939,0.01466,-0.61047,-155.12355,155.11159,0,1,1,0
381,381000,-0.00752,0.00466,0.00385,0.00099,27.73584,-88.27928,60.40353,-0.00903,0.00559,0.00462,0.00118,55.47169,-176.55856,120.80706,0,1,1,0
382,382000,-0.01172,0.01319,-0.00899,-0.00753,52.96824,-89.30790,36.39355,-0.01407,0.01582,-0.01079,-0.00903,105.93648,-178.61579,72.78709,0,1,1,0
383,383000,0.00869,-0.01352,-0.01123,-0.01605,72.66760,-81.94891,9.04046,0.01043,-0.01622,-0.01347,-0.01927,145.33520,-163.89782,18.08091,0,1,1,0
384,384000,-0.00505,0.01091,-0.00672,-0.00085,85.32911,-66.82116,-18.85473,-0.00606,0.01309,-0.00806,-0.00102,170.65822,-133.64232,-37.70946,0,1,1,0
385,385000,-0.00770,-0.01030,-0.00249,-0.02049,89.95702,-45.15082,-45.19310,-0.00924,-0.01236,-0.00299,-0.02458,179.91405,-90.30165,-90.38621,0,1,1,0
386,386000,-0.00065,-0.01356,-0.00731,-0.02152,85.64365,-18.80660,-66.79346,-0.00079,-0.01627,-0.00877,-0.02583,171.28730,-37.61320,-133.58692,0,0,0,0
387,387000,0.00086,-0.00076,0.01391,0.01401,72.76615,9.69510,-81.81419,0.00103,-0.00091,0.01669,0.01682,145.53230,19.39021,-163.62839,0,0,0,0
388,388000,0.01229,-0.01117,-0.00837,-0.00725,52.48432,36.08344,-89.56510,0.01475,-0.01340,-0.01004,-0.00869,104.96864,72.16689,-179.13020,0,0,0,0
389,389000,0.01287,0.00949,-0.00391,0.01845,27.45912,59.74144,-88.24091,0.01544,0.01139,-0.00469,0.02214,54.91823,119.48288,-176.48182,0,0,0,0
390,390000,-0.00482,-0.00161,0.00751,0.00109,-0.34384,77.71857,-77.48469,-0.00578,-0.00193,0.00902,0.00131,-0.68768,155.43714,-154.96938,0,0,0,0
391,391000,-0.00337,-0.01307,-0.00364,-0.02008,-27.80648,87.96288,-60.00658,-0.00405,-0.01568,-0.00437,-0.02410,-55.61295,175.92576,-120.01315,0,0,0,0
392,392000,0.01252,-0.00022,-0.00370,0.00860,-52.44823,89.76001,-36.76174,0.01502,-0.00026,-0.00444,0.01032,-104.89646,179.52002,-73.52348,0,0,0,0
393,393000,0.00145,0.00336,-0.01071,-0.00589,-72.46583,81.76884,-9.65099,0.00174,0.00404,-0.01285,-0.00707,-144.93165,163.53768,-19.30198,0,0,0,0
394,394000,0.00297,0.00533,0.00279,0.01109,-84.99352,66.87754,18.45958,0.00357,0.00640,0.00334,0.01331,-169.98703,133.75508,36.91916,0,0,0,0
395,395000,0.00634,-0.00195,0.00565,0.01004,-89.86146,44.69686,45.27765,0.00761,-0.00234,0.00678,0.01205,-179.72292,89.39372,90.55530,0,0,0,0
396,396000,0.00159,-0.01167,0.00049,-0.00959,-85.01651,19.03716,67.03215,0.00191,-0.01401,0.00059,-0.01151,-170.03301,38.07433,134.06430,0,0,0,0
397,397000,0.00992,-0.00992,0.00666,0.00666,-72.83249,-8.95291,82.31469,0.01191,-0.01190,0.00799,0.00799,-145.66498,-17.90581,164.62939,0,0,0,0
398,398000,-0.01035,0.01102,0.00632,0.00698,-53.02815,-36.31892,89.49071,-0.01242,0.01322,0.00758,0.00838,-106.05629,-72.63785,178.98143,0,0,0,0
399,399000,0.00786,0.00413,-0.01357,-0.00157,-27.53282,-59.69643,87.75184,0.00943,0.00496,-0.01628,-0.00189,-55.06564,-119.39286,175.50367,0,0,0,0
400,400000,0.01349,0.01391,0.01200,0.03940,-0.11584,-78.07560,77.84904,0.01618,0.01670,0.01440,0.04728,-0.23168,-156.15120,155.69808,0,0,0,0
401,401000,0.00448,0.00503,0.00536,0.01487,27.34514,-88.28060,59.81203,0.00538,0.00603,0.00644,0.01784,54.69028,-176.56120,119.62406,0,0,0,0
402,402000,0.00148,0.01277,0.00573,0.01998,52.47958,-89.10281,36.62817,0.00178,0.01533,0.00687,0.02398,104.95915,-178.20563,73.25634,0,0,0,0
403,403000,0.00273,0.00418,0.01112,0.01803,72.85784,-82.10786,9.18366,0.00328,0.00502,0.01334,0.02164,145.71567,-164.21571,18.36732,0,0,0,0
404,404000,-0.01150,-0.01191,-0.00057,-0.02398,85.25010,-66.46846,-18.23859,-0.01380,-0.01430,-0.00068,-0.02878,170.50021,-132.93693,-36.47719,0,0,0,0
405,405000,0.00810,-0.01318,-0.00171,-0.00679,90.04464,-44.94866,-45.11096,0.00971,-0.01581,-0.00205,-0.00815,180.08927,-89.89732,-90.22192,0,0,0,0
406,406000,0.01048,-0.01100,0.00980,0.00928,85.51405,-18.84302,-66.43166,0.01258,-0.01320,0.01176,0.01114,171.02810,-37.68605,-132.86332,0,0,0,0
407,407000,0.01259,-0.00712,-0.00356,0.00192,72.30131,9.24876,-81.84819,0.01511,-0.00854,-0.00427,0.00230,144.60263,18.49753,-163.69637,0,0,0,0
408,408000,0.00695,0.01134,-0.01185,0.00645,52.87187,36.43061,-89.38140,0.00834,0.01361,-0.01422,0.00774,105.74374,72.86122,-178.76280,0,0,0,0
409,409000,0.00088,-0.00776,0.00051,-0.00637,27.38489,60.36129,-87.53675,0.00105,-0.00932,0.00061,-0.00765,54.76978,120.72257,-175.07351,0,0,0,0
410,410000,-0.01385,-0.00664,0.01030,-0.01019,-0.17599,77.77687,-78.01249,-0.01662,-0.00796,0.01236,-0.01222,-0.35198,155.55374,-156.02499,0,0,0,0
411,411000,-0.00492,0.01148,-0.01266,-0.00610,-27.81670,87.98556,-60.40858,-0.00590,0.01378,-0.01519,-0.00732,-55.63341,175.97111,-120.81716,0,0,0,0
412,412000,-0.01229,0.00138,0.00789,-0.00302,-52.51965,89.26352,-36.81551,-0.01475,0.00165,0.00947,-0.00363,-105.03930,178.52704,-73.63102,0,0,0,0
413,413000,0.01028,0.01339,-0.00425,0.01943,-72.33459,81.82809,-9.74627,0.01234,0.01607,-0.00510,0.02331,-144.66917,163.65617,-19.49254,0,0,0,0
414,414000,0.00768,0.01358,-0.00875,0.01251,-85.16088,67.17795,18.85022,0.00921,0.01629,-0.01050,0.01501,-170.32176,134.35590,37.70045,0,0,0,0
415,415000,-0.00024,-0.01015,0.01139,0.00101,-89.79616,44.92941,44.83226,-0.00028,-0.01218,0.01367,0.00121,-179.59232,89.85881,89.66452,0,0,0,0
416,416000,-0.00806,0.00765,-0.00090,-0.00131,-85.66748,18.56554,66.34017,-0.00967,0.00918,-0.00108,-0.00157,-171.33497,37.13109,132.68034,0,0,0,0
417,417000,0.00975,-0.00983,-0.01081,-0.01090,-72.90470,-9.68213,82.08524,0.01170,-0.01180,-0.01298,-0.01308,-145.80940,-19.36426,164.17048,0,0,0,0
418,418000,0.00883,-0.00015,0.00596,0.01465,-53.23568,-36.32729,89.19935,0.01060,-0.00017,0.00716,0.01758,-106.47135,-72.65457,178.39869,0,0,0,0
419,419000,-0.00607,-0.00034,-0.00636,-0.01277,-27.86638,-60.30939,88.09817,-0.00728,-0.00041,-0.00763,-0.01532,-55.73275,-120.61878,176.19633,0,0,0,0
420,420000,-0.00362,-0.00734,0.01205,0.00109,-0.13427,-78.15564,77.78210,-0.00434,-0.00881,0.01447,0.00131,-0.26854,-156.31128,155.56421,0,0,0,0
421,421000,0.00022,-0.00929,-0.00684,-0.01591,27.71287,-87.48872,60.19913,0.00027,-0.01115,-0.00821,-0.01909,55.42574,-174.97744,120.39826,0,0,0,0
422,422000,0.00833,-0.01205,-0.00367,-0.00739,53.10980,-89.17615,36.41821,0.01000,-0.01446,-0.00440,-0.00887,106.21961,-178.35230,72.83642,0,0,0,0
423,423000,0.00925,0.00762,-0.01402,0.00285,72.69801,-81.86450,9.04627,0.01110,0.00915,-0.01683,0.00342,145.39602,-163.72901,18.09255,0,0,0,0
424,424000,0.00129,0.00666,0.00180,0.00975,85.61049,-66.33223,-18.58827,0.00155,0.00799,0.00216,0.01170,171.22098,-132.66445,-37.17654,0,0,0,0
425,425000,-0.00394,-0.00997,-0.00310,-0.01701,89.38633,-44.92061,-44.54538,-0.00473,-0.01197,-0.00372,-0.02042,178.77265,-89.84123,-89.09077,0,0,0,0
426,426000,-0.00961,0.01231,0.01384,0.01654,85.36601,-18.95788,-66.81190,-0.01153,0.01477,0.01661,0.01985,170.73201,-37.91577,-133.62380,0,0,0,0
427,427000,-0.00685,-0.00013,-0.00465,-0.01163,72.45849,9.80172,-81.79938,-0.00822,-0.00015,-0.00558,-0.01396,144.91697,19.60344,-163.59875,0,0,0,0
428,428000,0.01274,-0.01407,0.01237,0.01105,52.89774,36.10280,-89.07092,0.01529,-0.01688,0.01485,0.01326,105.79547,72.20559,-178.14184,0,0,0,0
429,429000,-0.00425,0.01189,0.00479,0.01242,27.45624,60.14046,-87.57494,-0.00511,0.01426,0.00575,0.01491,54.91248,120.28092,-175.14988,0,0,0,0
430,430000,0.00821,-0.00092,0.01390,0.02119,-0.30215,77.90636,-78.01031,0.00985,-0.00111,0.01668,0.02542,-0.60430,155.81272,-156.02061,0,0,0,0
431,431000,-0.00253,-0.01380,-0.01075,-0.02707,-28.08785,87.89433,-59.75807,-0.00303,-0.01656,-0.01290,-0.03249,-56.17570,175.78866,-119.51613,0,0,0,0
432,432000,-0.00449,0.00502,-0.00199,-0.00146,-52.34405,89.46484,-36.14362,-0.00539,0.00602,-0.00238,-0.00175,-104.68811,178.92968,-72.28723,0,0,0,0
433,433000,-0.00901,0.00950,0.00249,0.00298,-72.92306,82.10303,-9.49867,-0.01081,0.01140,0.00299,0.00358,-145.84612,164.20606,-18.99734,0,0,0,0
434,434000,-0.01094,0.00924,-0.00474,-0.00644,-85.12858,66.64294,19.08681,-0.01313,0.01109,-0.00569,-0.00773,-170.25716,133.28589,38.17361,0,0,0,0
435,435000,-0.00923,0.00517,-0.00698,-0.01103,-89.48022,44.66210,44.84060,-0.01107,0.00621,-0.00837,-0.01324,-178.96045,89.32419,89.68120,0,0,0,0
436,436000,-0.01118,0.00577,0.00677,0.00135,-85.78446,19.01643,66.69772,-0.01342,0.00692,0.00812,0.00162,-171.56893,38.03285,133.39545,0,0,0,0
437,437000,0.00766,0.01225,0.00015,0.02006,-73.08782,-9.63608,82.36561,0.00919,0.01470,0.00019,0.02408,-146.17565,-19.27216,164.73121,0,0,0,0
438,438000,-0.00806,-0.00577,0.00356,-0.01026,-53.03265,-36.22467,89.63902,-0.00967,-0.00693,0.00428,-0.01232,-106.06529,-72.44935,179.27805,0,0,0,0
439,439000,0.00229,-0.00968,0.00102,-0.00636,-27.82900,-59.73289,87.52160,0.00275,-0.01161,0.00123,-0.00764,-55.65799,-119.46578,175.04319,0,0,0,0
440,440000,0.00667,-0.00346,-0.00679,-0.00358,0.18026,-78.15857,77.79303,0.00801,-0.00415,-0.00815,-0.00429,0.36052,-156.31715,155.58605,0,0,0,0
441,441000,-0.01346,-0.01205,0.00989,-0.01562,27.78458,-87.98777,60.11773,-0.01615,-0.01447,0.01187,-0.01874,55.56916,-175.97553,120.23547,0,0,0,0
442,442000,0.00004,-0.00101,-0.00138,-0.00235,52.49751,-89.03704,36.49244,0.00005,-0.00121,-0.00166,-0.00282,104.99502,-178.07408,72.98489,0,0,0,0
443,443000,-0.00343,-0.00422,-0.01402,-0.02167,72.76726,-81.61387,9.62796,-0.00412,-0.00506,-0.01683,-0.02601,145.53453,-163.22775,19.25593,0,0,0,0
444,444000,-0.00754,0.00812,0.00599,0.00657,85.73242,-66.42404,-18.84642,-0.00904,0.00974,0.00718,0.00788,171.46484,-132.84808,-37.69285,0,0,0,0
445,445000,0.01059,-0.00715,-0.00357,-0.00013,89.40736,-45.22761,-44.87323,0.01271,-0.00858,-0.00428,-0.00015,178.81472,-90.45522,-89.74647,0,0,0,0
446,446000,-0.00499,-0.00293,0.01376,0.00585,85.36902,-18.39038,-66.86372,-0.00598,-0.00351,0.01651,0.00702,170.73804,-36.78077,-133.72743,0,0,0,0
447,447000,-0.00674,-0.00339,0.00853,-0.00161,72.51887,9.66539,-82.23639,-0.00809,-0.00407,0.01023,-0.00193,145.03774,19.33078,-164.47278,0,0,0,0
448,448000,-0.00930,0.00719,0.01148,0.00937,52.87175,36.81420,-89.38679,-0.01116,0.00863,0.01378,0.01124,105.74349,73.62841,-178.77358,0,0,0,0
449,449000,0.00012,0.01018,-0.00366,0.00664,27.30977,59.71673,-87.78982,0.00014,0.01221,-0.00439,0.00797,54.61955,119.43345,-175.57963,0,0,0,0
450,450000,-0.00759,-0.00084,0.00771,-0.00073,0.12759,77.83604,-78.00528,-0.00911,-0.00101,0.00925,-0.00087,0.25518,155.67208,-156.01056,0,0,0,0
451,451000,0.01083,0.00801,-0.01100,0.00784,-27.77826,87.84763,-60.24116,0.01299,0.00962,-0.01320,0.00940,-55.55652,175.69527,-120.48231,0,0,0,0
452,452000,0.00937,-0.00607,0.00567,0.00896,-52.71178,89.50759,-36.26343,0.01124,-0.00729,0.00680,0.01075,-105.42355,179.01518,-72.52685,0,0,0,0
453,453000,0.00774,0.00350,0.00380,0.01504,-72.28495,81.98481,-9.33179,0.00929,0.00420,0.00456,0.01804,-144.56989,163.96963,-18.66358,0,0,0,0
454,454000,0.00056,0.00334,-0.01323,-0.00933,-85.15490,66.62452,18.34613,0.00067,0.00401,-0.01587,-0.01120,-170.30980,133.24903,36.69226,0,0,0,0
455,455000,-0.01345,-0.00031,0.00399,-0.00978,-89.64666,45.25509,45.10013,-0.01615,-0.00037,0.00479,-0.01173,-179.29332,90.51018,90.20025,0,0,0,0
456,456000,0.00958,-0.00349,-0.00730,-0.00122,-85.50497,19.09238,66.33807,0.01149,-0.00419,-0.00876,-0.00146,-171.00993,38.18476,132.67614,0,0,0,0
457,457000,-0.01218,-0.01320,-0.01065,-0.03604,-72.51324,-9.57887,82.37181,-0.01462,-0.01584,-0.01278,-0.04325,-145.02648,-19.15774,164.74361,0,0,0,0
458,458000,-0.01392,0.01216,0.00933,0.00757,-52.66032,-36.45318,89.54732,-0.01671,0.01459,0.01120,0.00909,-105.32065,-72.90636,179.09464,0,0,0,0
459,459000,-0.00343,-0.00740,0.00313,-0.00770,-27.69257,-59.79040,87.89020,-0.00412,-0.00888,0.00376,-0.00924,-55.38513,-119.58080,175.78041,0,0,0,0
460,460000,0.01351,-0.00937,-0.00399,0.00015,-0.26157,-77.58832,78.07339,0.01621,-0.01125,-0.00479,0.00018,-0.52314,-155.17664,156.14677,0,0,0,0
461,461000,0.00049,-0.01159,-0.00117,-0.01227,27.49654,-87.40349,60.27499,0.00058,-0.01390,-0.00140,-0.01473,54.99308,-174.80699,120.54997,0,0,0,0
462,462000,-0.00349,0.00311,-0.00075,-0.00113,52.46999,-88.87410,36.27265,-0.00419,0.00373,-0.00090,-0.00136,104.93998,-177.74821,72.54529,0,0,0,0
463,463000,0.00189,-0.00821,0.00547,-0.00085,72.65607,-81.65778,9.06675,0.00227,-0.00986,0.00656,-0.00103,145.31213,-163.31556,18.13350,0,0,0,0
464,464000,-0.00752,0.00609,-0.00609,-0.00752,85.61943,-66.36933,-18.94647,-0.00902,0.00731,-0.00731,-0.00902,171.23887,-132.73866,-37.89293,0,0,0,0
465,465000,0.00544,0.00677,0.00158,0.01379,89.92512,-44.70974,-44.56350,0.00653,0.00812,0.00190,0.01655,179.85025,-89.41948,-89.12700,0,0,0,0
466,466000,-0.01333,0.01029,-0.00570,-0.00873,85.53882,-18.30571,-66.86930,-0.01600,0.01235,-0.00684,-0.01048,171.07764,-36.61143,-133.73861,0,0,0,0
467,467000,0.00074,0.00653,0.00583,0.01310,72.44425,9.09585,-82.07756,0.00089,0.00783,0.00700,0.01572,144.88850,18.19170,-164.15512,0,0,0,0
468,468000,-0.00581,-0.01123,0.00448,-0.01256,52.82615,36.93815,-89.10615,-0.00698,-0.01347,0.00538,-0.01507,105.65231,73.87630,-178.21230,0,0,0,0
469,469000,0.00382,-0.01276,-0.00962,-0.01856,28.08280,60.40799,-88.13434,0.00458,-0.01532,-0.01154,-0.02228,56.16561,120.81599,-176.26868,0,0,0,0
470,470000,0.01023,0.00504,0.01277,0.02805,-0.33359,77.66815,-78.13997,0.01228,0.00605,0.01533,0.03366,-0.66719,155.33630,-156.27994,0,0,0,0
471,471000,-0.01041,0.00683,0.00628,0.00270,-28.20210,88.07295,-60.46273,-0.01249,0.00820,0.00753,0.00324,-56.40421,176.14590,-120.92545,0,0,0,0
472,472000,-0.00323,-0.01119,0.00391,-0.01052,-52.44027,89.19520,-36.72699,-0.00388,-0.01343,0.00469,-0.01262,-104.88054,178.39040,-73.45397,0,0,0,0
473,473000,-0.00037,-0.01389,0.00181,-0.01245,-72.47780,81.80389,-9.53379,-0.00045,-0.01667,0.00217,-0.01494,-144.95560,163.60779,-19.06758,0,0,0,0
474,474000,0.00837,-0.00625,0.01023,0.01235,-85.58749,66.77245,18.38555,0.01005,-0.00749,0.01227,0.01482,-171.17498,133.54490,36.77109,0,0,0,0
475,475000,-0.00618,-0.00466,0.00553,-0.00530,-89.84771,45.32655,45.30898,-0.00741,-0.00559,0.00663,-0.00637,-179.69542,90.65310,90.61796,0,0,0,0
476,476000,0.00298,0.00789,0.00365,0.01452,-85.28445,18.56643,67.08060,0.00357,0.00947,0.00438,0.01742,-170.56891,37.13286,134.16121,0,0,0,0
477,477000,0.00631,-0.00024,0.00330,0.00937,-72.85063,-9.57243,82.05657,0.00757,-0.00029,0.00396,0.01124,-145.70127,-19.14485,164.11314,0,0,0,0
478,478000,0.00772,0.00016,-0.01346,-0.00559,-52.54176,-36.70070,89.05894,0.00926,0.00019,-0.01616,-0.00671,-105.08353,-73.40140,178.11787,0,0,0,0
479,479000,0.00031,0.01264,-0.00416,0.00880,-27.60283,-59.92820,87.81920,0.00038,0.01517,-0.00499,0.01056,-55.20565,-119.85640,175.63840,0,0,0,0
480,480000,-0.01297,0.00674,-0.00768,-0.01391,0.39963,-77.56562,77.77435,-0.01557,0.00809,-0.00921,-0.01669,0.79927,-155.13124,155.54870,0,0,0,0
481,481000,-0.00686,-0.00160,-0.01013,-0.01858,27.80010,-87.90523,60.49009,-0.00823,-0.00192,-0.01215,-0.02230,55.60020,-175.81046,120.98018,0,0,0,0
482,482000,-0.00303,0.01086,0.00728,0.01511,52.93128,-89.55840,36.79327,-0.00364,0.01304,0.00873,0.01813,105.86257,-179.11680,73.58654,0,0,0,0
483,483000,-0.00009,-0.01279,0.00956,-0.00332,72.81526,-82.39120,9.35979,-0.00011,-0.01534,0.01147,-0.00398,145.63051,-164.78241,18.71959,0,0,0,0
484,484000,0.00881,-0.00079,-0.00750,0.00052,85.75177,-67.14165,-18.88693,0.01057,-0.00095,-0.00900,0.00062,171.50355,-134.28329,-37.77386,0,0,0,0
485,485000,-0.01161,-0.01359,-0.01295,-0.03816,89.54792,-45.27133,-44.80203,-0.01394,-0.01631,-0.01554,-0.04579,179.09584,-90.54266,-89.60406,0,0,0,0
486,486000,-0.01336,-0.00542,0.00880,-0.00998,85.21335,-19.06204,-66.31194,-0.01603,-0.00650,0.01056,-0.01197,170.42670,-38.12408,-132.62387,0,0,0,0
487,487000,-0.01215,-0.01360,0.01239,-0.01336,72.62353,9.64657,-81.82186,-0.01458,-0.01632,0.01486,-0.01604,145.24706,19.29313,-163.64371,0,0,0,0
488,488000,-0.00720,0.01057,-0.00460,-0.00123,52.48197,36.58206,-89.66811,-0.00864,0.01269,-0.00552,-0.00147,104.96395,73.16411,-179.33623,0,0,0,0
489,489000,0.01335,0.00164,-0.01038,0.00461,27.60525,59.77856,-87.64583,0.01603,0.00197,-0.01246,0.00554,55.21049,119.55713,-175.29166,0,0,0,0
490,490000,0.00838,0.00059,-0.01258,-0.00360,0.42822,77.80923,-77.90337,0.01006,0.00071,-0.01509,-0.00433,0.85644,155.61845,-155.80673,0,0,0,0
491,491000,-0.00479,-0.00453,0.00565,-0.00367,-27.49556,87.46583,-60.36492,-0.00574,-0.00544,0.00677,-0.00441,-54.99111,174.93167,-120.72984,0,0,0,0
492,492000,-0.00834,0.01348,0.00316,0.00830,-52.84162,89.17492,-36.37840,-0.01001,0.01617,0.00380,0.00996,-105.68323,178.34984,-72.75680,0,0,0,0
493,493000,-0.01313,0.01182,0.00998,0.00866,-72.54905,82.18824,-9.22730,-0.01576,0.01418,0.01197,0.01039,-145.09810,164.37648,-18.45461,0,0,0,0
494,494000,-0.00576,0.01163,-0.01006,-0.00418,-85.63117,66.49116,18.48405,-0.00691,0.01396,-0.01207,-0.00502,-171.26235,132.98231,36.96810,0,0,0,0
495,495000,-0.00867,0.00418,-0.00070,-0.00519,-90.03804,44.82224,45.13960,-0.01041,0.00502,-0.00084,-0.00623,-180.07608,89.64449,90.27920,0,0,0,0
496,496000,-0.00046,0.00990,0.00512,0.01456,-85.85300,18.45636,66.49434,-0.00055,0.01189,0.00614,0.01747,-171.70600,36.91273,132.98868,0,0,0,0
497,497000,-0.00164,-0.00214,0.00566,0.00187,-72.67552,-9.83357,82.10068,-0.00197,-0.00257,0.00679,0.00224,-145.35103,-19.66713,164.20137,0,0,0,0
498,498000,-0.00045,0.00104,0.01028,0.01088,-53.16164,-36.90644,89.00186,-0.00054,0.00125,0.01234,0.01305,-106.32328,-73.81288,178.00371,0,0,0,0
499,499000,0.00784,-0.00451,-0.01259,-0.00926,-28.18195,-60.29188,88.21248,0.00941,-0.00541,-0.01511,-0.01112,-56.36390,-120.58375,176.42496,0,0,0,0
500,500000,0.00541,0.00577,0.00252,0.01370,-0.10131,-77.34360,77.66492,0.00649,0.00692,0.00302,0.01644,-0.20262,-154.68720,155.32985,0,0,0,0
501,501000,0.00051,-0.01346,0.01058,-0.00237,28.13107,-87.42175,59.67943,0.00061,-0.01615,0.01269,-0.00285,56.26214,-174.84351,119.35886,0,0,0,0
502,502000,0.00818,-0.00078,0.00167,0.00907,52.58241,-88.92415,36.51387,0.00981,-0.00094,0.00200,0.01088,105.16482,-177.84830,73.02775,0,0,0,0
503,503000,0.01151,-0.00168,0.00816,0.01798,72.88829,-81.62988,9.68957,0.01381,-0.00202,0.00979,0.02158,145.77659,-163.25976,19.37915,0,0,0,0
504,504000,0.00322,0.01206,-0.00269,0.01258,85.14972,-66.68266,-18.58803,0.00386,0.01447,-0.00323,0.01510,170.29944,-133.36533,-37.17607,0,0,0,0
505,505000,0.01292,-0.01312,-0.00399,-0.00419,89.78656,-44.72624,-44.91038,0.01550,-0.01574,-0.00479,-0.00503,179.57312,-89.45248,-89.82076,0,0,0,0
506,506000,0.00196,-0.01212,0.00137,-0.00880,85.78167,-18.62848,-67.10046,0.00235,-0.01455,0.00164,-0.01056,171.56334,-37.25696,-134.20093,0,0,0,0
507,507000,0.00782,-0.01014,0.00565,0.00333,72.22772,9.34428,-81.86660,0.00939,-0.01217,0.00678,0.00400,144.45543,18.68856,-163.73321,0,0,0,0
508,508000,-0.00373,0.00269,-0.00858,-0.00963,52.40444,36.30584,-89.36471,-0.00448,0.00322,-0.01030,-0.01155,104.80888,72.61167,-178.72941,0,0,0,0
509,509000,0.01069,0.00722,0.00541,0.02332,27.55124,59.81160,-87.86077,0.01282,0.00867,0.00649,0.02798,55.10248,119.62321,-175.72154,0,0,0,0
510,510000,-0.00040,0.01158,-0.00058,0.01059,0.28445,78.03479,-78.19908,-0.00048,0.01389,-0.00070,0.01271,0.56890,156.06959,-156.39815,0,0,0,0
511,511000,0.00527,0.00726,-0.00835,0.00418,-27.69690,87.93556,-60.00081,0.00633,0.00871,-0.01002,0.00502,-55.39379,175.87111,-120.00163,0,0,0,0
512,512000,0.00044,-0.00979,0.00587,-0.00348,-52.75455,88.87522,-36.66823,0.00053,-0.01175,0.00705,-0.00417,-105.50909,177.75044,-73.33645,0,0,0,0
513,513000,-0.00947,0.01327,0.01402,0.01782,-72.88462,81.93612,-9.58866,-0.01137,0.01593,0.01682,0.02139,-145.76925,163.87225,-19.17732,0,0,0,0
514,514000,-0.00459,-0.00898,0.00162,-0.01196,-85.34260,66.84688,18.71337,-0.00551,-0.01078,0.00194,-0.01435,-170.68520,133.69377,37.42674,0,0,0,0
515,515000,-0.00326,-0.00266,-0.01108,-0.01700,-90.04036,44.64923,44.85851,-0.00391,-0.00319,-0.01330,-0.02040,-180.08072,89.29846,89.71703,0,0,0,0
516,516000,0.00972,-0.00199,0.01223,0.01996,-85.27119,18.29043,67.16139,0.01166,-0.00238,0.01468,0.02395,-170.54239,36.58085,134.32279,0,0,0,0
517,517000,0.01182,0.00056,-0.00966,0.00273,-72.43125,-9.43053,82.10863,0.01419,0.00067,-0.01159,0.00327,-144.86251,-18.86105,164.21725,0,0,0,0
518,518000,0.00106,0.00520,-0.00832,-0.00206,-52.84075,-36.71870,88.97689,0.00128,0.00624,-0.00999,-0.00248,-105.68150,-73.43740,177.95379,0,0,0,0
519,519000,-0.00473,0.00221,0.00576,0.00323,-27.80264,-60.28113,87.86900,-0.00568,0.00265,0.00691,0.00388,-55.60528,-120.56227,175.73799,0,0,0,0
520,520000,-0.00677,0.00535,0.01018,0.00876,-0.00246,-78.11412,77.33755,-0.00813,0.00642,0.01222,0.01051,-0.00492,-156.22823,154.67511,0,0,0,0
521,521000,-0.01293,-0.01294,-0.00610,-0.03197,27.75145,-87.70911,59.86352,-0.01552,-0.01553,-0.00731,-0.03836,55.50290,-175.41823,119.72704,0,0,0,0
522,522000,0.00498,-0.00352,0.00704,0.00850,52.87358,-88.88996,36.26929,0.00597,-0.00422,0.00845,0.01020,105.74716,-177.77993,72.53859,0,0,0,0
523,523000,0.00339,0.00050,0.01303,0.01693,72.83323,-81.98836,9.59307,0.00407,0.00060,0.01564,0.02031,145.66646,-163.97672,19.18614,0,0,0,0
524,524000,0.00441,0.01302,-0.01220,0.00523,85.55327,-67.15791,-18.64210,0.00530,0.01562,-0.01464,0.00628,171.10654,-134.31583,-37.28420,0,0,0,0
525,525000,0.01168,-0.00213,0.00745,0.01700,89.47400,-44.52161,-45.27868,0.01401,-0.00255,0.00895,0.02040,178.94800,-89.04322,-90.55736,0,0,0,0
526,526000,-0.00717,-0.00690,-0.01031,-0.02437,85.05127,-18.88305,-66.71245,-0.00860,-0.00828,-0.01237,-0.02925,170.10255,-37.76611,-133.42489,0,0,0,0
527,527000,-0.00118,-0.00141,0.00883,0.00623,72.52983,9.16050,-82.00208,-0.00142,-0.00169,0.01059,0.00748,145.05966,18.32101,-164.00416,0,0,0,0
528,528000,-0.01233,-0.00276,0.00436,-0.01073,52.85283,36.39324,-89.13385,-0.01479,-0.00331,0.00523,-0.01287,105.70566,72.78648,-178.26770,0,0,0,0
529,529000,0.01329,0.00926,0.00502,0.02758,28.04405,60.19374,-87.67821,0.01595,0.01111,0.00603,0.03309,56.08809,120.38747,-175.35641,0,0,0,0
530,530000,-0.00577,0.00774,0.00857,0.01055,-0.11645,78.21940,-78.21937,-0.00692,0.00929,0.01028,0.01265,-0.23289,156.43880,-156.43874,0,0,0,0
531,531000,-0.00297,0.00460,-0.01384,-0.01221,-27.66815,87.72316,-59.84655,-0.00357,0.00552,-0.01660,-0.01465,-55.33629,175.44633,-119.69309,0,0,0,0
532,532000,-0.00718,-0.01181,0.00038,-0.01861,-53.21163,89.16960,-36.52738,-0.00861,-0.01417,0.00045,-0.02234,-106.42326,178.33920,-73.05477,0,0,0,0
533,533000,-0.00092,-0.00764,0.00564,-0.00292,-73.08637,82.21589,-9.29175,-0.00111,-0.00917,0.00677,-0.00350,-146.17274,164.43178,-18.58351,0,0,0,0
534,534000,-0.00125,-0.01296,-0.00375,-0.01796,-85.45321,66.76599,18.94899,-0.00150,-0.01555,-0.00451,-0.02155,-170.90643,133.53197,37.89799,0,0,0,0
535,535000,0.00516,-0.01009,-0.00184,-0.00677,-89.37005,45.01422,45.02503,0.00620,-0.01211,-0.00221,-0.00812,-178.74011,90.02843,90.05006,0,0,0,0
536,536000,-0.00366,0.00130,0.00142,-0.00094,-85.59266,18.34536,66.44740,-0.00439,0.00156,0.00171,-0.00113,-171.18531,36.69072,132.89479,0,0,0,0
537,537000,-0.00359,-0.00056,-0.01067,-0.01482,-72.22612,-9.37341,81.74900,-0.00431,-0.00068,-0.01280,-0.01779,-144.45224,-18.74681,163.49801,0,0,0,0
538,538000,0.00477,0.01414,0.00646,0.02537,-53.00417,-36.64333,89.08441,0.00572,0.01696,0.00776,0.03044,-106.00834,-73.28666,178.16883,0,0,0,0
539,539000,0.01258,-0.00515,-0.00387,0.00355,-27.52953,-60.38544,88.28977,0.01509,-0.00619,-0.00465,0.00426,-55.05906,-120.77087,176.57954,0,0,0,0
540,540000,-0.00464,-0.00110,0.01332,0.00758,-0.01087,-77.98589,78.03719,-0.00557,-0.00132,0.01599,0.00910,-0.02175,-155.97177,156.07438,0,0,0,0
541,541000,-0.00243,-0.01232,0.00761,-0.00714,27.35209,-87.66996,60.20416,-0.00292,-0.01478,0.00914,-0.00856,54.70419,-175.33992,120.40832,0,0,0,0
542,542000,0.00112,-0.00799,-0.00113,-0.00799,53.12209,-89.54667,36.15601,0.00135,-0.00959,-0.00135,-0.00959,106.24418,-179.09333,72.31202,0,0,0,0
543,543000,0.00270,-0.01174,-0.01271,-0.02174,72.37637,-82.06713,9.29698,0.00325,-0.01409,-0.01525,-0.02609,144.75274,-164.13427,18.59396,0,0,0,0
544,544000,-0.00507,-0.00410,-0.00926,-0.01844,85.11151,-66.61793,-18.64586,-0.00609,-0.00492,-0.01111,-0.02213,170.22301,-133.23587,-37.29172,0,0,0,0
545,545000,-0.00696,-0.01089,-0.00564,-0.02350,89.66321,-44.83980,-44.61433,-0.00836,-0.01307,-0.00677,-0.02820,179.32642,-89.67959,-89.22865,0,0,0,0
546,546000,-0.00093,-0.00073,0.00080,-0.00087,85.30097,-18.63974,-66.97343,-0.00112,-0.00088,0.00096,-0.00104,170.60194,-37.27947,-133.94686,0,0,0,0
547,547000,0.01156,-0.00850,-0.00482,-0.00176,72.41173,9.83160,-82.05846,0.01387,-0.01020,-0.00578,-0.00212,144.82347,19.66321,-164.11693,0,0,0,0
548,548000,-0.00609,-0.00761,-0.01401,-0.02771,53.18931,36.74454,-89.65531,-0.00731,-0.00913,-0.01681,-0.03325,106.37862,73.48908,-179.31062,0,0,0,0
549,549000,-0.01284,-0.01211,0.00313,-0.02182,27.95900,60.04826,-87.40530,-0.01541,-0.01453,0.00376,-0.02618,55.91800,120.09652,-174.81061,0,0,0,0
550,550000,0.01317,0.00293,-0.01365,0.00245,0.22033,77.59592,-78.00295,0.01581,0.00352,-0.01639,0.00294,0.44065,155.19184,-156.00591,0,0,0,0
551,551000,0.00717,-0.00172,0.00553,0.01099,-27.73224,87.70445,-59.74256,0.00861,-0.00207,0.00664,0.01318,-55.46449,175.40890,-119.48511,0,0,0,0
552,552000,-0.01032,-0.00727,-0.01003,-0.02762,-53.14390,89.40121,-36.42374,-0.01238,-0.00872,-0.01203,-0.03314,-106.28780,178.80241,-72.84748,0,0,0,0
553,553000,0.00696,0.01069,0.00096,0.01861,-72.32596,81.96853,-9.74736,0.00835,0.01282,0.00115,0.02233,-144.65192,163.93706,-19.49472,0,0,0,0
554,554000,-0.00593,-0.01382,0.00578,-0.01397,-85.02270,66.32855,18.96348,-0.00712,-0.01658,0.00694,-0.01676,-170.04540,132.65711,37.92695,0,0,0,0
555,555000,0.00867,-0.01214,-0.00410,-0.00758,-89.57309,45.29185,44.47981,0.01040,-0.01457,-0.00492,-0.00910,-179.14618,90.58370,88.95961,0,0,0,0
556,556000,-0.01267,0.00567,-0.01367,-0.02066,-85.13978,18.75358,66.87820,-0.01520,0.00681,-0.01640,-0.02479,-170.27956,37.50716,133.75640,0,0,0,0
557,557000,-0.00571,-0.00589,-0.01238,-0.02398,-72.60746,-9.01454,82.20380,-0.00685,-0.00707,-0.01486,-0.02878,-145.21492,-18.02909,164.40760,0,0,0,0
558,558000,0.01216,-0.00569,0.00132,0.00778,-52.39173,-36.31511,89.14746,0.01459,-0.00683,0.00158,0.00933,-104.78347,-72.63022,178.29491,0,0,0,0
559,559000,-0.00619,-0.01102,0.00736,-0.00985,-27.77032,-60.25398,87.42475,-0.00742,-0.01322,0.00883,-0.01181,-55.54065,-120.50796,174.84950,0,0,0,0
560,560000,-0.00189,-0.00326,-0.00135,-0.00651,0.20353,-77.97732,77.55525,-0.00227,-0.00392,-0.00162,-0.00781,0.40707,-155.95465,155.11050,0,0,0,0
561,561000,0.00375,-0.00400,0.00357,0.00332,27.72060,-87.58003,59.70047,0.00450,-0.00480,0.00429,0.00399,55.44120,-175.16006,119.40094,0,0,0,0
562,562000,-0.01215,0.01405,0.01331,0.01521,53.17697,-88.94268,36.34306,-0.01458,0.01686,0.01597,0.01825,106.35393,-177.88537,72.68612,0,0,0,0
563,563000,0.00164,0.00171,-0.00934,-0.00600,73.05659,-81.79481,9.25044,0.00196,0.00205,-0.01121,-0.00720,146.11317,-163.58962,18.50088,0,0,0,0
564,564000,-0.01016,0.01129,0.00839,0.00952,85.28622,-67.14460,-18.47867,-0.01219,0.01355,0.01007,0.01143,170.57245,-134.28921,-36.95734,0,0,0,0
565,565000,0.00482,-0.00494,0.01057,0.01045,89.54794,-44.82224,-44.96815,0.00579,-0.00592,0.01268,0.01254,179.09588,-89.64448,-89.93631,0,0,0,0
566,566000,0.01353,-0.00000,-0.01234,0.00118,85.46082,-18.40857,-66.76207,0.01623,-0.00000,-0.01480,0.00142,170.92165,-36.81714,-133.52415,0,0,0,0
567,567000,-0.00964,-0.00286,0.00431,-0.00820,72.85949,9.41052,-81.73198,-0.01157,-0.00343,0.00517,-0.00984,145.71897,18.82104,-163.46396,0,0,0,0
568,568000,-0.01108,0.00083,0.00822,-0.00203,52.82094,36.42690,-89.12951,-0.01330,0.00099,0.00987,-0.00243,105.64187,72.85381,-178.25902,0,0,0,0
569,569000,-0.01401,0.00812,-0.01060,-0.01649,28.05410,60.47704,-88.12668,-0.01681,0.00974,-0.01272,-0.01979,56.10821,120.95408,-176.25335,0,0,0,0
570,570000,-0.01329,-0.01092,-0.00062,-0.02484,-0.31942,77.58233,-77.43069,-0.01595,-0.01311,-0.00075,-0.02981,-0.63883,155.16466,-154.86138,0,0,0,0
571,571000,-0.00487,-0.01220,-0.00854,-0.02561,-28.00875,87.90483,-59.92523,-0.00585,-0.01464,-0.01025,-0.03073,-56.01749,175.80966,-119.85046,0,0,0,0
572,572000,0.00505,0.00502,-0.00273,0.00734,-52.36642,89.55169,-36.84687,0.00606,0.00602,-0.00327,0.00881,-104.73283,179.10337,-73.69374,0,0,0,0
573,573000,-0.00710,0.00957,-0.01282,-0.01036,-72.52991,82.39783,-9.20898,-0.00852,0.01149,-0.01539,-0.01243,-145.05981,164.79566,-18.41796,0,0,0,0
574,574000,-0.00496,0.01311,-0.01197,-0.00383,-85.74605,66.78229,19.09630,-0.00596,0.01573,-0.01436,-0.00459,-171.49210,133.56458,38.19260,0,0,0,0
575,575000,0.00828,0.00287,-0.01070,0.00045,-90.00868,44.55236,45.20924,0.00994,0.00344,-0.01284,0.00054,-180.01736,89.10473,90.41849,0,0,0,0
576,576000,-0.00587,0.00013,-0.00191,-0.00765,-85.46961,18.26773,66.88256,-0.00705,0.00015,-0.00229,-0.00919,-170.93923,36.53547,133.76511,0,0,0,0
577,577000,-0.01386,0.00119,-0.01413,-0.02680,-72.89643,-9.31930,81.93018,-0.01663,0.00143,-0.01696,-0.03216,-145.79286,-18.63860,163.86037,0,0,0,0
578,578000,-0.00442,-0.00356,0.00320,-0.00478,-52.98654,-36.80619,89.26280,-0.00531,-0.00427,0.00384,-0.00574,-105.97307,-73.61239,178.52561,0,0,0,0
579,579000,-0.01192,-0.00507,0.00906,-0.00794,-27.67985,-59.86053,87.48048,-0.01430,-0.00609,0.01087,-0.00952,-55.35969,-119.72105,174.96095,0,0,0,0
580,580000,0.01282,-0.00998,-0.00999,-0.00715,-0.26498,-77.96724,77.46358,0.01538,-0.01197,-0.01199,-0.00859,-0.52996,-155.93449,154.92716,0,0,0,0
581,581000,-0.01137,-0.00807,-0.00357,-0.02300,27.53130,-88.02350,59.66467,-0.01364,-0.00968,-0.00428,-0.02760,55.06260,-176.04699,119.32935,0,0,0,0
582,582000,0.01191,0.00222,-0.00972,0.00440,52.57258,-89.35863,36.52498,0.01429,0.00266,-0.01167,0.00528,105.14516,-178.71726,73.04996,0,0,0,0
583,583000,0.00857,-0.00224,-0.01166,-0.00533,72.46085,-82.34307,9.58291,0.01029,-0.00269,-0.01399,-0.00639,144.92171,-164.68613,19.16582,0,0,0,0
584,584000,0.01300,0.00819,0.00441,0.02560,85.44541,-67.10629,-19.00841,0.01560,0.00983,0.00529,0.03072,170.89082,-134.21258,-38.01682,0,0,0,0
585,585000,-0.00988,0.00324,0.00169,-0.00494,89.99066,-45.18827,-45.08580,-0.01186,0.00389,0.00203,-0.00593,179.98132,-90.37654,-90.17161,0,0,0,0
586,586000,0.00670,0.00715,-0.00455,0.00929,85.52832,-19.04819,-66.89393,0.00803,0.00858,-0.00546,0.01115,171.05663,-38.09638,-133.78786,0,0,0,0
587,587000,0.01269,0.00853,-0.00987,0.01135,72.46887,9.82178,-82.11056,0.01523,0.01024,-0.01184,0.01362,144.93774,19.64356,-164.22112,0,0,0,0
588,588000,-0.00245,0.00401,0.01095,0.01251,52.51682,36.28152,-89.22634,-0.00294,0.00482,0.01313,0.01501,105.03365,72.56303,-178.45268,0,0,0,0
589,589000,-0.01032,-0.01247,-0.00093,-0.02372,27.96115,60.32336,-88.18502,-0.01239,-0.01496,-0.00111,-0.02846,55.92230,120.64673,-176.37003,0,0,0,0
590,590000,-0.00318,-0.00127,0.01045,0.00600,0.38321,77.88455,-77.77444,-0.00381,-0.00152,0.01254,0.00720,0.76642,155.76910,-155.54889,0,0,0,0
591,591000,0.00589,0.01342,-0.00858,0.01072,-27.61923,88.17152,-59.81257,0.00706,0.01610,-0.01030,0.01286,-55.23846,176.34303,-119.62513,0,0,0,0
592,592000,-0.00097,-0.00707,0.00121,-0.00683,-53.01566,89.74261,-36.81295,-0.00116,-0.00849,0.00145,-0.00820,-106.03132,179.48522,-73.62590,0,0,0,0
593,593000,-0.00776,-0.00090,0.00136,-0.00730,-72.94922,81.98984,-8.98556,-0.00931,-0.00108,0.00163,-0.00876,-145.89843,163.97969,-17.97112,0,0,0,0
594,594000,0.00611,-0.00126,0.00935,0.01421,-85.03675,66.50974,18.38576,0.00733,-0.00151,0.01123,0.01705,-170.07350,133.01947,36.77152,0,0,0,0
595,595000,-0.01247,0.00434,-0.00374,-0.01187,-89.49392,45.10414,44.64290,-0.01497,0.00521,-0.00449,-0.01425,-178.98785,90.20829,89.28580,0,0,0,0
596,596000,0.01277,0.01387,-0.00514,0.02150,-85.24006,19.01807,66.79632,0.01533,0.01665,-0.00617,0.02580,-170.48012,38.03614,133.59264,0,0,0,0
597,597000,0.00353,-0.00336,-0.00004,0.00013,-72.55427,-9.76231,82.38415,0.00424,-0.00404,-0.00005,0.00015,-145.10855,-19.52462,164.76829,0,0,0,0
598,598000,-0.00050,0.00338,-0.00399,-0.00111,-52.84733,-36.65976,89.71868,-0.00059,0.00406,-0.00479,-0.00133,-105.69466,-73.31952,179.43735,0,0,0,0
599,599000,0.00267,0.01015,-0.00688,0.00594,-27.70384,-60.14321,88.29505,0.00320,0.01218,-0.00825,0.00712,-55.40768,-120.28641,176.59010,0,0,0,0
600,600000,-0.00592,0.00759,0.00537,0.00704,0.12146,-78.20333,77.63094,-0.00711,0.00911,0.00644,0.00845,0.24292,-156.40666,155.26187,0,0,0,0
601,601000,-0.01016,0.00148,-0.00465,-0.01333,27.80757,-87.72447,60.10027,-0.01219,0.00178,-0.00558,-0.01600,55.61513,-175.44893,120.20054,0,0,0,0
602,602000,0.01386,-0.00203,-0.00685,0.00498,52.40447,-89.13952,36.10841,0.01663,-0.00243,-0.00822,0.00598,104.80894,-178.27904,72.21681,0,0,0,0
603,603000,0.00516,0.01289,-0.01296,0.00509,72.86208,-81.88481,9.44196,0.00619,0.01547,-0.01555,0.00610,145.72417,-163.76961,18.88391,0,0,0,0
604,604000,0.00225,-0.01204,0.00438,-0.00541,85.25070,-67.11812,-18.92237,0.00270,-0.01444,0.00525,-0.00649,170.50141,-134.23624,-37.84473,0,0,0,0
605,605000,-0.01310,-0.00392,-0.00707,-0.02409,89.82368,-44.95654,-45.00993,-0.01572,-0.00471,-0.00848,-0.02891,179.64737,-89.91307,-90.01985,0,0,0,0
606,606000,-0.01342,0.01068,-0.01177,-0.01451,85.67430,-18.48670,-66.83202,-0.01610,0.01282,-0.01413,-0.01741,171.34860,-36.97340,-133.66404,0,0,0,0
607,607000,0.00774,0.00731,-0.00636,0.00870,72.82120,9.28787,-82.21320,0.00929,0.00878,-0.00763,0.01044,145.64239,18.57574,-164.42641,0,0,0,0
608,608000,-0.00150,-0.00681,0.01200,0.00369,52.78863,36.29077,-89.66230,-0.00180,-0.00817,0.01440,0.00443,105.57726,72.58153,-179.32460,0,0,0,0
609,609000,-0.00996,-0.01302,-0.00420,-0.02717,27.60942,60.41305,-87.92880,-0.01195,-0.01562,-0.00503,-0.03261,55.21883,120.82611,-175.85760,0,0,0,0
610,610000,0.00346,-0.01334,0.00052,-0.00936,-0.13233,77.99827,-77.58551,0.00415,-0.01600,0.00062,-0.01123,-0.26465,155.99653,-155.17102,0,0,0,0
611,611000,0.01216,0.01236,0.01148,0.03600,-27.38454,87.57744,-59.77216,0.01460,0.01483,0.01377,0.04320,-54.76908,175.15489,-119.54431,0,0,0,0
612,612000,-0.01209,-0.00249,-0.00309,-0.01767,-52.64552,89.42393,-36.48954,-0.01451,-0.00299,-0.00371,-0.02120,-105.29105,178.84786,-72.97908,0,0,0,0
613,613000,-0.01026,-0.00644,-0.00817,-0.02486,-72.36770,82.28098,-9.80524,-0.01231,-0.00773,-0.00980,-0.02984,-144.73539,164.56195,-19.61048,0,0,0,0
614,614000,-0.01069,-0.00272,-0.00622,-0.01964,-85.21301,66.66164,18.55146,-0.01283,-0.00326,-0.00747,-0.02356,-170.42602,133.32327,37.10292,0,0,0,0
615,615000,-0.00808,0.00928,0.00966,0.01086,-89.43556,44.46277,45.22268,-0.00970,0.01114,0.01160,0.01304,-178.87111,88.92554,90.44536,0,0,0,0
616,616000,0.00183,-0.00010,-0.00948,-0.00775,-85.39770,18.51762,66.67802,0.00219,-0.00012,-0.01138,-0.00930,-170.79540,37.03523,133.35604,0,0,0,0
617,617000,-0.00501,0.00385,-0.00946,-0.01062,-72.45898,-9.47447,82.23438,-0.00602,0.00462,-0.01135,-0.01275,-144.91796,-18.94893,164.46875,0,0,0,0
618,618000,0.00219,-0.01025,-0.00055,-0.00861,-53.22843,-36.38977,88.87469,0.00263,-0.01230,-0.00066,-0.01033,-106.45685,-72.77953,177.74939,0,0,0,0
619,619000,0.01135,-0.01040,0.00768,0.00863,-27.54392,-60.06196,87.89452,0.01362,-0.01248,0.00922,0.01036,-55.08785,-120.12392,175.78903,0,0,0,0
620,620000,0.01408,-0.01099,-0.00371,-0.00062,-0.33331,-77.92688,77.43147,0.01690,-0.01319,-0.00445,-0.00074,-0.66662,-155.85376,154.86294,0,0,0,0
621,621000,-0.00497,0.01285,-0.01167,-0.00379,27.36887,-87.89486,59.75592,-0.00596,0.01542,-0.01400,-0.00454,54.73774,-175.78973,119.51184,0,0,0,0
622,622000,0.00712,-0.00324,0.01323,0.01711,53.03621,-89.14054,36.39337,0.00854,-0.00389,0.01588,0.02053,106.07242,-178.28107,72.78674,0,0,0,0
623,623000,0.01328,0.01185,0.00845,0.03358,72.27224,-81.85471,9.45927,0.01593,0.01422,0.01014,0.04029,144.54448,-163.70942,18.91854,0,0,0,0
624,624000,-0.00664,0.00658,-0.00986,-0.00992,85.06050,-66.85933,-18.80892,-0.00797,0.00790,-0.01183,-0.01190,170.12099,-133.71865,-37.61784,0,0,0,0
625,625000,0.00791,0.01156,0.00613,0.02561,89.83220,-44.81493,-44.78351,0.00949,0.01387,0.00736,0.03073,179.66440,-89.62985,-89.56703,0,0,0,0
626,626000,-0.01305,0.00088,0.00288,-0.00930,85.15368,-18.68667,-66.56830,-0.01566,0.00105,0.00345,-0.01116,170.30736,-37.37335,-133.13661,0,0,0,0
627,627000,0.00061,-0.00544,0.01161,0.00678,72.96004,9.19740,-81.76040,0.00073,-0.00653,0.01393,0.00813,145.92008,18.39480,-163.52080,0,0,0,0
628,628000,0.00045,-0.00352,-0.01185,-0.01492,52.56081,36.26346,-89.40142,0.00054,-0.00423,-0.01422,-0.01791,105.12161,72.52692,-178.80285,0,0,0,0
629,629000,0.00194,0.01370,-0.00568,0.00996,28.02052,60.06223,-87.72725,0.00233,0.01644,-0.00682,0.01196,56.04104,120.12446,-175.45449,0,0,0,0
630,630000,0.00101,0.00316,-0.01121,-0.00703,-0.22225,77.43272,-77.55093,0.00121,0.00380,-0.01345,-0.00844,-0.44450,154.86544,-155.10186,0,0,0,0
631,631000,0.00886,-0.00268,0.00760,0.01379,-27.43378,88.26058,-59.78432,0.01064,-0.00321,0.00912,0.01654,-54.86755,176.52116,-119.56864,0,0,0,0
632,632000,0.01192,-0.00504,-0.00784,-0.00095,-53.03311,89.20385,-36.39613,0.01431,-0.00605,-0.00941,-0.00114,-106.06622,178.40769,-72.79226,0,0,0,0
633,633000,-0.00159,0.00550,0.01377,0.01768,-72.31810,82.44965,-9.79582,-0.00191,0.00660,0.01653,0.02122,-144.63619,164.89930,-19.59164,0,0,0,0
634,634000,0.00353,0.00243,-0.01394,-0.00798,-85.31025,66.49670,18.95031,0.00423,0.00292,-0.01673,-0.00958,-170.62050,132.99340,37.90061,0,0,0,0
635,635000,0.00155,-0.00310,0.01310,0.01155,-90.10919,45.12734,44.81929,0.00186,-0.00372,0.01572,0.01386,-180.21838,90.25468,89.63858,0,0,0,0
636,636000,-0.00997,0.00456,0.00816,0.00276,-85.44346,18.93655,66.97538,-0.01196,0.00548,0.00979,0.00331,-170.88692,37.87310,133.95076,0,0,0,0
637,637000,0.00022,-0.00711,-0.01178,-0.01867,-72.50929,-9.75469,82.46657,0.00027,-0.00853,-0.01414,-0.02240,-145.01858,-19.50938,164.93315,0,0,0,0
638,638000,-0.01307,-0.01138,-0.01183,-0.03627,-52.50802,-36.30884,89.53813,-0.01568,-0.01365,-0.01420,-0.04353,-105.01604,-72.61768,179.07627,0,0,0,0
639,639000,0.01347,-0.00659,-0.00275,0.00413,-27.98685,-60.36919,88.20991,0.01616,-0.00791,-0.00330,0.00496,-55.97371,-120.73839,176.41982,0,0,0,0
640,640000,-0.00276,-0.00510,0.01270,0.00484,-0.28892,-77.66835,77.92257,-0.00332,-0.00612,0.01524,0.00580,-0.57784,-155.33670,155.84515,0,0,0,0
641,641000,0.00302,-0.00728,0.00197,-0.00228,28.11503,-87.65426,60.16938,0.00363,-0.00873,0.00236,-0.00274,56.23005,-175.30851,120.33876,0,0,0,0
642,642000,-0.00225,-0.01069,0.01353,0.00060,52.63812,-89.06071,36.39375,-0.00270,-0.01282,0.01624,0.00072,105.27623,-178.12141,72.78751,0,0,0,0
643,643000,-0.01313,0.00353,0.00325,-0.00634,72.44055,-81.65234,9.02451,-0.01576,0.00424,0.00390,-0.00761,144.88111,-163.30469,18.04902,0,0,0,0
644,644000,-0.00372,0.00173,-0.01370,-0.01569,85.50108,-66.99019,-18.84691,-0.00447,0.00207,-0.01644,-0.01883,171.00216,-133.98037,-37.69381,0,0,0,0
645,645000,0.01007,0.00903,0.00791,0.02701,90.18934,-44.68350,-44.67430,0.01209,0.01083,0.00949,0.03241,180.37869,-89.36701,-89.34860,0,0,0,0
646,646000,-0.00129,-0.00691,-0.00722,-0.01542,85.44199,-18.38904,-66.97789,-0.00155,-0.00829,-0.00866,-0.01850,170.88398,-36.77807,-133.95578,0,0,0,0
647,647000,0.00934,-0.00760,0.00366,0.00540,72.65298,9.16495,-82.18113,0.01121,-0.00912,0.00439,0.00649,145.30595,18.32991,-164.36225,0,0,0,0
648,648000,0.01295,-0.01209,0.00437,0.00523,52.58171,36.64768,-88.96948,0.01554,-0.01450,0.00524,0.00627,105.16342,73.29536,-177.93895,0,0,0,0
649,649000,-0.01038,-0.00018,0.00066,-0.00990,27.98416,60.51542,-87.71277,-0.01245,-0.00022,0.00079,-0.01188,55.96832,121.03084,-175.42554,0,0,0,0
650,650000,-0.00580,0.00137,-0.00153,-0.00595,0.37684,78.08183,-77.77009,-0.00695,0.00165,-0.00184,-0.00714,0.75369,156.16366,-155.54018,0,0,0,0
651,651000,-0.00563,-0.01025,-0.00669,-0.02257,-28.10471,88.21326,-59.97885,-0.00675,-0.01230,-0.00803,-0.02709,-56.20942,176.42652,-119.95771,0,0,0,0
652,652000,0.00138,0.00746,-0.01139,-0.00256,-52.43262,89.16039,-36.63142,0.00165,0.00895,-0.01367,-0.00307,-104.86525,178.32078,-73.26284,0,0,0,0
653,653000,-0.00696,0.01129,0.00197,0.00630,-72.53125,81.73478,-9.67496,-0.00835,0.01355,0.00236,0.00756,-145.06249,163.46956,-19.34991,0,0,0,0
654,654000,-0.00878,-0.00969,0.00701,-0.01146,-85.64602,66.82553,18.35449,-0.01054,-0.01163,0.00841,-0.01375,-171.29204,133.65107,36.70898,0,0,0,0
655,655000,-0.01039,-0.00990,-0.00480,-0.02508,-89.94974,45.29918,44.93669,-0.01246,-0.01188,-0.00576,-0.03010,-179.89948,90.59836,89.87337,0,0,0,0
656,656000,-0.00465,-0.01171,-0.00848,-0.02484,-85.08921,18.39733,66.93849,-0.00558,-0.01405,-0.01018,-0.02981,-170.17841,36.79466,133.87697,0,0,0,0
657,657000,-0.00356,-0.00583,-0.00768,-0.01707,-72.98456,-9.38073,82.36075,-0.00428,-0.00699,-0.00921,-0.02048,-145.96913,-18.76145,164.72150,0,0,0,0
658,658000,0.00020,-0.00795,-0.01306,-0.02081,-53.02582,-36.10800,89.45826,0.00023,-0.00954,-0.01567,-0.02497,-106.05164,-72.21601,178.91651,0,0,0,0
659,659000,0.00850,-0.00217,-0.01405,-0.00772,-27.32719,-60.01827,87.43879,0.01020,-0.00260,-0.01686,-0.00926,-54.65439,-120.03655,174.87759,0,0,0,0
660,660000,0.01013,-0.00969,0.01346,0.01390,0.38555,-77.88462,77.55837,0.01215,-0.01162,0.01615,0.01668,0.77110,-155.76925,155.11674,0,0,0,0
661,661000,-0.00490,-0.00328,-0.00517,-0.01335,27.41442,-88.21968,60.15872,-0.00588,-0.00394,-0.00620,-0.01602,54.82883,-176.43936,120.31745,0,0,0,0
662,662000,0.00234,0.00704,-0.00502,0.00437,52.92917,-88.94040,36.97968,0.00281,0.00845,-0.00602,0.00524,105.85834,-177.88081,73.95936,0,0,0,0
663,663000,0.00623,0.01200,0.00893,0.02715,72.82658,-82.13694,9.64741,0.00748,0.01439,0.01071,0.03258,145.65317,-164.27388,19.29483,0,0,0,0
664,664000,-0.01220,-0.00116,-0.00297,-0.01632,85.26563,-67.09617,-18.29112,-0.01463,-0.00139,-0.00356,-0.01958,170.53125,-134.19234,-36.58224,0,0,0,0
665,665000,0.01113,-0.01304,0.01149,0.00958,89.75167,-45.23721,-44.54946,0.01336,-0.01565,0.01378,0.01150,179.50333,-90.47443,-89.09893,0,0,0,0
666,666000,0.00976,0.00207,0.01211,0.02394,85.79675,-18.24389,-66.72423,0.01171,0.00248,0.01454,0.02873,171.59350,-36.48779,-133.44847,0,0,0,0
667,667000,-0.00039,0.00910,0.00665,0.01537,72.67982,9.36018,-82.41406,-0.00047,0.01093,0.00799,0.01844,145.35964,18.72036,-164.82812,0,0,0,0
668,668000,0.00838,0.00547,0.00826,0.02211,52.99906,36.64372,-88.91387,0.01006,0.00656,0.00991,0.02653,105.99813,73.28745,-177.82775,0,0,0,0
669,669000,0.00812,0.00774,0.00830,0.02417,27.62820,60.02265,-88.16681,0.00975,0.00929,0.00996,0.02900,55.25640,120.04529,-176.33362,0,0,0,0
670,670000,0.00229,-0.00712,0.00654,0.00170,0.37461,77.64757,-77.66105,0.00274,-0.00854,0.00784,0.00204,0.74923,155.29513,-155.32210,0,0,0,0
671,671000,0.00112,-0.00593,0.01166,0.00685,-27.38709,87.63891,-60.48156,0.00135,-0.00712,0.01399,0.00822,-54.77419,175.27782,-120.96311,0,0,0,0
672,672000,-0.00482,0.00098,-0.00156,-0.00541,-52.91717,89.12833,-36.43725,-0.00578,0.00117,-0.00187,-0.00649,-105.83435,178.25667,-72.87449,0,0,0,0
673,673000,-0.00900,-0.00881,0.00274,-0.01508,-72.72856,81.70205,-9.19333,-0.01080,-0.01058,0.00328,-0.01809,-145.45711,163.40410,-18.38665,0,0,0,0
674,674000,0.01001,-0.00997,0.01379,0.01384,-85.47573,66.69117,18.79471,0.01202,-0.01196,0.01655,0.01661,-170.95147,133.38235,37.58943,0,0,0,0
675,675000,-0.00215,0.00411,0.00868,0.01063,-89.74639,44.69124,44.53308,-0.00259,0.00493,0.01041,0.01275,-179.49277,89.38248,89.06617,0,0,0,0
676,676000,-0.00196,-0.00188,0.00743,0.00359,-85.32953,18.76483,66.96612,-0.00235,-0.00225,0.00892,0.00431,-170.65906,37.52965,133.93223,0,0,0,0
677,677000,0.01298,0.00883,-0.00664,0.01517,-72.26267,-9.46723,81.73517,0.01557,0.01060,-0.00797,0.01820,-144.52534,-18.93445,163.47035,0,0,0,0
678,678000,0.00513,-0.00456,0.00808,0.00865,-52.91234,-36.86050,89.61704,0.00616,-0.00548,0.00969,0.01037,-105.82468,-73.72100,179.23409,0,0,0,0
679,679000,0.00219,-0.00072,-0.00534,-0.00387,-28.13889,-60.10732,88.06257,0.00263,-0.00087,-0.00640,-0.00464,-56.27777,-120.21465,176.12513,0,0,0,0
680,680000,-0.00390,0.00173,0.01087,0.00870,0.44265,-78.16886,77.45582,-0.00468,0.00208,0.01305,0.01045,0.88530,-156.33772,154.91163,0,0,0,0
681,681000,-0.00166,-0.00026,0.00358,0.00166,27.34064,-87.80850,60.07067,-0.00199,-0.00032,0.00430,0.00199,54.68129,-175.61701,120.14134,0,0,0,0
682,682000,-0.00808,-0.00397,-0.00112,-0.01317,52.62218,-89.57653,36.43081,-0.00970,-0.00477,-0.00135,-0.01581,105.24437,-179.15305,72.86163,0,0,0,0
683,683000,0.00296,0.00836,-0.00553,0.00579,72.82440,-82.34413,9.43739,0.00355,0.01003,-0.00663,0.00695,145.64880,-164.68826,18.87479,0,0,0,0
684,684000,-0.00940,-0.01132,-0.00808,-0.02880,85.66618,-66.89960,-18.55415,-0.01128,-0.01359,-0.00970,-0.03457,171.33235,-133.79920,-37.10830,0,0,0,0
685,685000,0.01230,-0.00988,-0.00234,0.00008,90.01566,-44.58353,-44.74940,0.01476,-0.01185,-0.00281,0.00009,180.03132,-89.16706,-89.49879,0,0,0,0
686,686000,0.00764,0.00919,0.00440,0.02124,85.07907,-18.89158,-66.42903,0.00917,0.01103,0.00528,0.02549,170.15813,-37.78316,-132.85805,0,0,0,0
687,687000,-0.01410,0.00885,-0.00165,-0.00690,72.38055,9.50696,-81.87080,-0.01691,0.01062,-0.00198,-0.00828,144.76110,19.01393,-163.74160,0,0,0,0
688,688000,-0.00802,-0.01176,-0.00924,-0.02902,53.03188,36.81884,-89.48086,-0.00962,-0.01411,-0.01109,-0.03482,106.06377,73.63767,-178.96173,0,0,0,0
689,689000,0.00246,-0.00751,0.00074,-0.00432,28.08458,59.67421,-87.87776,0.00295,-0.00902,0.00088,-0.00518,56.16915,119.34842,-175.75551,0,0,0,0
690,690000,-0.01353,0.00301,-0.01003,-0.02055,0.14329,77.39391,-78.22002,-0.01623,0.00361,-0.01204,-0.02466,0.28657,154.78781,-156.44005,0,0,0,0
691,691000,0.00895,0.00845,0.01257,0.02997,-27.38136,87.59925,-60.39684,0.01074,0.01014,0.01509,0.03596,-54.76271,175.19850,-120.79368,0,0,0,0
692,692000,-0.00883,-0.00538,-0.01373,-0.02794,-53.12144,89.42714,-36.54086,-0.01060,-0.00646,-0.01648,-0.03353,-106.24288,178.85428,-73.08172,0,0,0,0
693,693000,-0.01042,0.01003,-0.01154,-0.01193,-72.89201,82.00770,-9.02992,-0.01250,0.01203,-0.01384,-0.01432,-145.78403,164.01541,-18.05985,0,0,0,0
694,694000,0.01364,0.01011,0.01410,0.03784,-85.52713,66.38024,18.90713,0.01636,0.01213,0.01692,0.04541,-171.05425,132.76048,37.81426,0,0,0,0
695,695000,-0.00663,-0.01293,-0.01098,-0.03054,-89.38276,45.34615,44.76517,-0.00796,-0.01552,-0.01317,-0.03665,-178.76552,90.69229,89.53034,0,0,0,0
696,696000,0.01073,0.01185,0.01098,0.03355,-84.98749,18.80662,66.40381,0.01288,0.01422,0.01317,0.04026,-169.97499,37.61324,132.80762,0,0,0,0
697,697000,0.01289,-0.00332,0.00758,0.01716,-72.63511,-9.44570,81.61082,0.01547,-0.00398,0.00910,0.02059,-145.27021,-18.89140,163.22163,0,0,0,0
698,698000,0.00528,-0.00783,0.00527,0.00272,-53.06199,-36.20519,89.63050,0.00633,-0.00939,0.00633,0.00327,-106.12397,-72.41038,179.26100,0,0,0,0
699,699000,-0.01309,-0.01371,-0.00918,-0.03598,-27.39253,-60.17748,87.99849,-0.01571,-0.01645,-0.01101,-0.04317,-54.78506,-120.35495,175.99698,0,0,0,0
700,700000,-0.01110,-0.00155,-0.00275,-0.01540,-0.22900,-77.78950,77.34318,-0.01332,-0.00186,-0.00330,-0.01848,-0.45800,-155.57900,154.68636,0,0,0,0
701,701000,-0.00968,-0.00624,-0.00634,-0.02226,27.47062,-87.79234,60.22597,-0.01161,-0.00749,-0.00761,-0.02671,54.94124,-175.58467,120.45194,0,0,0,0
702,702000,0.00545,0.00317,0.00254,0.01116,52.86062,-89.75526,36.62164,0.00654,0.00381,0.00304,0.01339,105.72124,-179.51052,73.24328,0,0,0,0
703,703000,-0.00367,0.00738,-0.01118,-0.00747,72.49299,-82.10474,8.98719,-0.00441,0.00886,-0.01341,-0.00896,144.98599,-164.20948,17.97439,0,0,0,0
704,704000,0.00477,-0.00882,0.00284,-0.00121,85.58545,-67.13328,-18.96602,0.00573,-0.01058,0.00341,-0.00145,171.17090,-134.26656,-37.93204,0,0,0,0
705,705000,0.00730,0.01115,-0.01107,0.00738,89.57761,-44.89306,-45.23106,0.00876,0.01337,-0.01329,0.00885,179.15522,-89.78613,-90.46212,0,0,0,0
706,706000,-0.00490,-0.00718,-0.00967,-0.02175,85.32630,-18.80311,-66.35893,-0.00588,-0.00861,-0.01161,-0.02610,170.65260,-37.60621,-132.71785,0,0,0,0
707,707000,0.01255,0.00988,-0.00724,0.01520,72.47062,8.94376,-82.12830,0.01506,0.01186,-0.00868,0.01824,144.94124,17.88752,-164.25661,0,0,0,0
708,708000,-0.00320,0.01188,-0.00799,0.00070,52.93751,36.86675,-89.55661,-0.00384,0.01426,-0.00958,0.00084,105.87502,73.73349,-179.11322,0,0,0,0
709,709000,-0.00516,0.01182,0.00411,0.01077,27.82525,60.10282,-87.79249,-0.00619,0.01419,0.00493,0.01293,55.65050,120.20563,-175.58498,0,0,0,0
710,710000,-0.00703,-0.00446,-0.00434,-0.01582,-0.24935,78.03314,-77.50570,-0.00843,-0.00535,-0.00520,-0.01899,-0.49870,156.06629,-155.01141,0,0,0,0
711,711000,0.01215,0.00953,0.01178,0.03345,-27.91789,88.29276,-60.31872,0.01458,0.01144,0.01413,0.04014,-55.83578,176.58552,-120.63745,0,0,0,0
712,712000,0.01377,0.00406,-0.01351,0.00432,-52.66173,88.96803,-36.92131,0.01652,0.00487,-0.01621,0.00519,-105.32346,177.93606,-73.84262,0,0,0,0
713,713000,-0.01019,0.00837,0.00639,0.00456,-72.99982,82.13033,-8.99197,-0.01223,0.01004,0.00767,0.00547,-145.99964,164.26066,-17.98395,0,0,0,0
714,714000,0.00217,-0.01053,0.00179,-0.00657,-85.43182,66.68475,18.60714,0.00261,-0.01264,0.00215,-0.00788,-170.86364,133.36950,37.21429,0,0,0,0
715,715000,0.01079,-0.00258,-0.01188,-0.00367,-89.55657,44.72203,44.95718,0.01295,-0.00309,-0.01426,-0.00440,-179.11313,89.44406,89.91435,0,0,0,0
716,716000,0.00186,0.01177,0.00831,0.02195,-85.49351,18.73476,66.87481,0.00223,0.01413,0.00997,0.02633,-170.98702,37.46951,133.74961,0,0,0,0
717,717000,-0.00584,-0.01202,0.00007,-0.01779,-72.30441,-8.97744,82.05819,-0.00701,-0.01442,0.00008,-0.02135,-144.60883,-17.95488,164.11638,0,0,0,0
718,718000,-0.00845,0.00881,-0.01394,-0.01357,-52.82143,-36.11451,89.27708,-0.01014,0.01057,-0.01672,-0.01629,-105.64287,-72.22903,178.55416,0,0,0,0
719,719000,-0.01191,0.00483,0.00085,-0.00623,-28.02384,-60.50793,87.88932,-0.01429,0.00579,0.00102,-0.00747,-56.04767,-121.01586,175.77864,0,0,0,0
720,720000,0.00162,-0.00006,-0.00319,-0.00163,0.01372,-77.57099,77.66351,0.00194,-0.00007,-0.00383,-0.00196,0.02743,-155.14199,155.32702,0,0,0,0
721,721000,0.00505,0.00163,0.01271,0.01939,27.59958,-87.58180,60.43350,0.00607,0.00196,0.01525,0.02327,55.19916,-175.16359,120.86700,0,0,0,0
722,722000,0.00520,0.00382,-0.01335,-0.00432,52.58920,-89.55261,36.51335,0.00624,0.00459,-0.01602,-0.00519,105.17840,-179.10523,73.02669,0,0,0,0
723,723000,-0.00262,0.00478,0.00184,0.00401,72.29918,-81.96556,9.10100,-0.00314,0.00574,0.00221,0.00481,144.59837,-163.93111,18.20200,0,0,0,0
724,724000,-0.00463,0.00852,-0.01391,-0.01001,85.32095,-67.03074,-18.64744,-0.00555,0.01023,-0.01669,-0.01202,170.64191,-134.06147,-37.29488,0,0,0,0
725,725000,-0.01369,0.00302,-0.00979,-0.02045,90.07459,-44.56798,-45.30047,-0.01643,0.00363,-0.01175,-0.02454,180.14917,-89.13596,-90.60095,0,0,0,0
726,726000,-0.00096,-0.00682,0.01380,0.00603,85.11188,-18.93506,-66.65320,-0.00115,-0.00818,0.01656,0.00724,170.22376,-37.87011,-133.30640,0,0,0,0
727,727000,-0.01006,-0.01147,-0.00552,-0.02705,72.31609,9.55304,-81.72289,-0.01207,-0.01376,-0.00662,-0.03246,144.63219,19.10608,-163.44578,0,0,0,0
728,728000,-0.00720,0.00601,-0.01203,-0.01322,52.57847,36.17517,-89.37301,-0.00864,0.00721,-0.01444,-0.01587,105.15693,72.35035,-178.74603,0,0,0,0
729,729000,-0.00389,0.00724,0.01152,0.01488,27.85618,59.66599,-87.77446,-0.00467,0.00869,0.01383,0.01785,55.71236,119.33199,-175.54892,0,0,0,0
730,730000,0.00314,0.01248,-0.00198,0.01364,-0.18489,77.35677,-77.39043,0.00377,0.01497,-0.00238,0.01636,-0.36979,154.71353,-154.78085,0,0,0,0
731,731000,0.01311,-0.01023,0.00253,0.00540,-27.68487,88.16719,-60.42370,0.01573,-0.01228,0.00303,0.00648,-55.36973,176.33437,-120.84739,0,0,0,0
732,732000,-0.00160,0.00064,-0.00937,-0.01033,-53.05284,89.43836,-36.31669,-0.00192,0.00076,-0.01124,-0.01239,-106.10568,178.87673,-72.63339,0,0,0,0
733,733000,0.00854,-0.00482,0.00590,0.00962,-72.87183,81.63098,-9.66018,0.01025,-0.00579,0.00708,0.01155,-145.74366,163.26197,-19.32035,0,0,0,0
734,734000,0.00193,0.00908,0.00990,0.02091,-85.13240,66.34069,18.38760,0.00232,0.01090,0.01188,0.02510,-170.26479,132.68139,36.77520,0,0,0,0
735,735000,0.01107,0.01411,0.00349,0.02866,-89.78985,45.18144,44.79527,0.01328,0.01693,0.00419,0.03439,-179.57970,90.36287,89.59055,0,0,0,0
736,736000,-0.00887,0.00675,-0.01241,-0.01453,-85.44095,18.38062,66.40579,-0.01064,0.00810,-0.01489,-0.01743,-170.88189,36.76125,132.81158,0,0,0,0
737,737000,-0.01211,0.01275,0.00474,0.00539,-73.10799,-9.62124,81.86336,-0.01453,0.01530,0.00569,0.00647,-146.21599,-19.24247,163.72673,0,0,0,0
738,738000,-0.00461,0.00689,0.00517,0.00745,-52.68590,-36.90104,88.95157,-0.00553,0.00826,0.00621,0.00894,-105.37179,-73.80208,177.90315,0,0,0,0
739,739000,0.00583,-0.00624,0.00885,0.00844,-28.13892,-60.23252,87.92945,0.00700,-0.00749,0.01062,0.01013,-56.27784,-120.46505,175.85890,0,0,0,0
740,740000,0.00683,-0.00137,-0.00344,0.00202,0.13310,-78.22470,77.94103,0.00819,-0.00164,-0.00413,0.00243,0.26621,-156.44941,155.88207,0,0,0,0
741,741000,0.00447,-0.01351,-0.01177,-0.02080,27.98082,-87.88861,60.07335,0.00537,-0.01621,-0.01412,-0.02496,55.96163,-175.77722,120.14669,0,0,0,0
742,742000,0.01299,0.00002,-0.00291,0.01010,52.52572,-89.72739,36.17370,0.01559,0.00003,-0.00350,0.01212,105.05144,-179.45477,72.34741,0,0,0,0
743,743000,0.00825,0.00229,0.01282,0.02336,72.57050,-82.23281,9.31896,0.00990,0.00274,0.01538,0.02803,145.14101,-164.46563,18.63792,0,0,0,0
744,744000,-0.00374,-0.01019,-0.00332,-0.01725,85.83758,-66.34508,-18.60556,-0.00449,-0.01223,-0.00398,-0.02070,171.67516,-132.69016,-37.21112,0,0,0,0
745,745000,0.00600,0.00550,0.01142,0.02292,90.09474,-44.63104,-45.15958,0.00720,0.00660,0.01371,0.02751,180.18949,-89.26209,-90.31917,0,0,0,0
746,746000,-0.00304,-0.01030,0.01087,-0.00247,85.38631,-19.04049,-66.34318,-0.00365,-0.01236,0.01304,-0.00296,170.77261,-38.08098,-132.68635,0,0,0,0
747,747000,-0.00668,0.01116,-0.00031,0.00416,72.51624,9.65303,-82.13513,-0.00802,0.01340,-0.00038,0.00500,145.03247,19.30606,-164.27026,0,0,0,0
748,748000,-0.00613,-0.01224,0.00198,-0.01639,52.40249,36.48598,-89.22182,-0.00736,-0.01469,0.00238,-0.01967,104.80499,72.97196,-178.44364,0,0,0,0
749,749000,0.01023,0.01101,-0.01385,0.00740,27.39105,59.95406,-88.08551,0.01228,0.01322,-0.01662,0.00888,54.78210,119.90813,-176.17102,0,0,0,0
750,750000,-0.01207,0.00051,0.00933,-0.00223,-0.24129,78.02163,-77.69771,-0.01448,0.00061,0.01119,-0.00268,-0.48257,156.04326,-155.39542,0,0,0,0
751,751000,0.00254,0.00124,-0.00251,0.00127,-27.41187,87.61926,-60.45938,0.00305,0.00149,-0.00302,0.00152,-54.82375,175.23852,-120.91876,0,0,0,0
752,752000,0.01358,-0.00104,-0.00676,0.00578,-53.04355,89.06090,-36.74802,0.01630,-0.00125,-0.00811,0.00694,-106.08710,178.12179,-73.49604,0,0,0,0
753,753000,-0.01004,0.01293,0.00520,0.00809,-72.39814,82.00620,-9.72288,-0.01205,0.01552,0.00623,0.00970,-144.79628,164.01240,-19.44577,0,0,0,0
754,754000,-0.01312,-0.00061,0.00974,-0.00399,-85.80334,66.57298,18.29668,-0.01574,-0.00073,0.01168,-0.00479,-171.60669,133.14596,36.59337,0,0,0,0
755,755000,-0.01158,0.00242,-0.00077,-0.00994,-90.04452,45.33509,44.95466,-0.01390,0.00290,-0.00092,-0.01193,-180.08904,90.67017,89.90931,0,0,0,0
756,756000,0.00640,-0.00848,-0.00755,-0.00963,-85.62979,18.34633,66.78098,0.00768,-0.01017,-0.00906,-0.01156,-171.25959,36.69267,133.56195,0,0,0,0
757,757000,0.00921,0.00251,0.00178,0.01350,-72.95560,-9.59175,81.64572,0.01105,0.00301,0.00214,0.01620,-145.91120,-19.18350,163.29144,0,0,0,0
758,758000,-0.00171,0.00891,-0.00810,-0.00091,-52.49307,-36.36122,89.07587,-0.00206,0.01069,-0.00972,-0.00109,-104.98614,-72.72245,178.15174,0,0,0,0
759,759000,0.01122,-0.00738,-0.00522,-0.00138,-27.61642,-59.86956,88.19455,0.01346,-0.00885,-0.00626,-0.00165,-55.23284,-119.73913,176.38910,0,0,0,0
760,760000,-0.00811,0.00235,0.00090,-0.00486,0.04889,-77.47435,77.87985,-0.00973,0.00282,0.00108,-0.00583,0.09779,-154.94869,155.75971,0,0,0,0
761,761000,0.00992,0.00002,-0.00211,0.00783,28.09260,-88.11277,60.51258,0.01190,0.00003,-0.00253,0.00940,56.18520,-176.22554,121.02517,0,0,0,0
762,762000,0.00046,-0.00149,-0.00704,-0.00807,52.38911,-89.22827,36.65660,0.00055,-0.00179,-0.00844,-0.00968,104.77823,-178.45655,73.31320,0,0,0,0
763,763000,-0.00328,-0.01300,0.01309,-0.00319,72.60838,-81.92870,9.68332,-0.00393,-0.01560,0.01571,-0.00383,145.21677,-163.85740,19.36663,0,0,0,0
764,764000,0.00960,0.00991,0.00210,0.02162,85.08752,-66.37931,-18.32969,0.01152,0.01190,0.00252,0.02594,170.17504,-132.75861,-36.65938,0,0,0,0
765,765000,0.00686,0.01339,0.01371,0.03395,90.23630,-44.58437,-45.02630,0.00823,0.01607,0.01645,0.04074,180.47260,-89.16873,-90.05259,0,0,0,0
766,766000,-0.00648,0.01376,-0.00804,-0.00076,85.24599,-19.10470,-66.58145,-0.00777,0.01651,-0.00965,-0.00091,170.49198,-38.20940,-133.16291,0,0,0,0
767,767000,0.01112,-0.00017,0.00424,0.01518,72.52004,9.25754,-82.03446,0.01334,-0.00021,0.00508,0.01822,145.04008,18.51509,-164.06891,0,0,0,0
768,768000,0.00436,-0.01332,-0.00009,-0.00904,52.60582,36.56126,-88.93141,0.00524,-0.01598,-0.00011,-0.01085,105.21163,73.12252,-177.86283,0,0,0,0
769,769000,-0.00544,-0.00373,0.00631,-0.00286,27.72311,60.04351,-87.58022,-0.00653,-0.00447,0.00757,-0.00343,55.44623,120.08701,-175.16044,0,0,0,0
770,770000,0.00472,0.01204,0.01413,0.03090,-0.02680,78.09892,-77.77666,0.00567,0.01445,0.01696,0.03708,-0.05359,156.19784,-155.55332,0,0,0,0
771,771000,0.01080,-0.00775,-0.00535,-0.00230,-27.69163,87.42432,-60.30924,0.01296,-0.00930,-0.00642,-0.00277,-55.38327,174.84864,-120.61848,0,0,0,0
772,772000,0.01329,-0.00589,-0.00462,0.00278,-52.46520,89.12811,-36.58699,0.01594,-0.00707,-0.00554,0.00334,-104.93041,178.25622,-73.17397,0,0,0,0
773,773000,0.01361,0.00780,-0.01061,0.01081,-73.00785,82.44533,-9.15475,0.01633,0.00937,-0.01273,0.01297,-146.01571,164.89065,-18.30949,0,0,0,0
774,774000,-0.00377,-0.00356,0.00083,-0.00650,-85.86184,66.89560,18.59099,-0.00453,-0.00427,0.00099,-0.00780,-171.72367,133.79121,37.18199,0,0,0,0
775,775000,-0.00881,-0.01190,-0.00607,-0.02679,-90.11171,44.90113,45.15119,-0.01057,-0.01428,-0.00729,-0.03214,-180.22343,89.80226,90.30239,0,0,0,0
776,776000,0.00924,-0.01337,0.00619,0.00205,-85.54509,18.76823,66.86094,0.01108,-0.01605,0.00742,0.00246,-171.09018,37.53646,133.72189,0,0,0,0
777,777000,0.00241,0.01407,-0.00142,0.01505,-72.66842,-9.70454,82.38910,0.00289,0.01688,-0.00171,0.01806,-145.33684,-19.40909,164.77820,0,0,0,0
778,778000,0.00019,-0.01078,-0.00667,-0.01726,-52.70169,-36.50990,88.88514,0.00022,-0.01293,-0.00800,-0.02071,-105.40338,-73.01979,177.77027,0,0,0,0
779,779000,0.00479,-0.01230,0.00753,0.00002,-27.51164,-59.75669,87.87005,0.00575,-0.01476,0.00903,0.00002,-55.02328,-119.51339,175.74011,0,0,0,0
780,780000,0.00622,-0.01251,-0.01292,-0.01921,0.09998,-77.62222,77.65586,0.00747,-0.01501,-0.01551,-0.02305,0.19996,-155.24444,155.31171,0,0,0,0
781,781000,-0.00420,0.00750,0.00845,0.01175,27.72858,-87.78176,60.43556,-0.00503,0.00899,0.01014,0.01410,55.45715,-175.56352,120.87113,0,0,0,0
782,782000,0.00368,-0.00188,0.01006,0.01186,53.17625,-89.30657,36.43554,0.00442,-0.00226,0.01207,0.01423,106.35250,-178.61313,72.87107,0,0,0,0
783,783000,-0.01154,0.01358,-0.00490,-0.00286,72.33421,-81.86936,9.51969,-0.01385,0.01629,-0.00587,-0.00343,144.66841,-163.73873,19.03938,0,0,0,0
784,784000,0.01180,0.00760,-0.00871,0.01069,85.22156,-67.05107,-18.85379,0.01416,0.00912,-0.01045,0.01283,170.44313,-134.10215,-37.70758,0,0,0,0
785,785000,0.01111,0.00373,-0.00610,0.00874,89.91349,-45.22033,-45.32047,0.01334,0.00448,-0.00732,0.01049,179.82697,-90.44066,-90.64094,0,0,0,0
786,786000,0.00676,-0.01350,-0.01232,-0.01906,85.21385,-18.60096,-67.11045,0.00811,-0.01620,-0.01479,-0.02288,170.42769,-37.20193,-134.22090,0,0,0,0
787,787000,-0.01257,0.00018,-0.00924,-0.02162,72.39064,9.08467,-82.38569,-0.01508,0.00022,-0.01108,-0.02595,144.78128,18.16934,-164.77138,0,0,0,0
788,788000,-0.01279,0.00421,-0.00501,-0.01360,52.77774,36.46882,-89.59619,-0.01535,0.00505,-0.00601,-0.01632,105.55548,72.93764,-179.19237,0,0,0,0
789,789000,-0.01256,-0.01383,0.00186,-0.02453,27.74265,59.71999,-87.86184,-0.01507,-0.01660,0.00223,-0.02944,55.48530,119.43997,-175.72368,0,0,0,0
790,790000,0.00290,0.00864,-0.00074,0.01080,-0.40209,77.97845,-77.58761,0.00348,0.01037,-0.00089,0.01296,-0.80417,155.95690,-155.17521,0,0,0,0
791,791000,0.00652,0.00028,0.01307,0.01987,-27.37227,87.67650,-59.80951,0.00783,0.00034,0.01568,0.02385,-54.74453,175.35300,-119.61901,0,0,0,0
792,792000,0.01356,0.01022,0.00224,0.02602,-53.02147,89.12632,-36.51495,0.01627,0.01227,0.00268,0.03122,-106.04295,178.25264,-73.02991,0,0,0,0
793,793000,0.01141,-0.00629,-0.00462,0.00050,-72.92873,82.12585,-9.04357,0.01369,-0.00755,-0.00554,0.00060,-145.85746,164.25169,-18.08714,0,0,0,0
794,794000,-0.00638,-0.00665,-0.00855,-0.02157,-84.98333,66.91360,18.54946,-0.00765,-0.00798,-0.01026,-0.02589,-169.96666,133.82720,37.09892,0,0,0,0
795,795000,0.01017,-0.00157,0.01202,0.02061,-90.00670,45.15719,44.55722,0.01220,-0.00189,0.01442,0.02473,-180.01339,90.31438,89.11444,0,0,0,0
796,796000,0.00324,-0.01170,-0.00317,-0.01163,-85.23614,19.02182,66.59641,0.00389,-0.01404,-0.00380,-0.01395,-170.47228,38.04363,133.19282,0,0,0,0
797,797000,-0.00506,-0.01146,0.00071,-0.01580,-72.42505,-9.58767,81.65246,-0.00607,-0.01375,0.00086,-0.01896,-144.85009,-19.17534,163.30491,0,0,0,0
798,798000,0.00253,-0.00958,-0.00117,-0.00822,-52.34480,-36.76956,88.87992,0.00303,-0.01149,-0.00140,-0.00986,-104.68960,-73.53913,177.75983,0,0,0,0
799,799000,0.01341,-0.00429,-0.00109,0.00803,-27.84555,-59.84226,87.68007,0.01609,-0.00515,-0.00131,0.00963,-55.69111,-119.68453,175.36014,0,0,0,0
800,800000,-0.00254,0.00582,0.00615,0.00943,-0.17144,-77.71196,77.84332,-0.00305,0.00699,0.00737,0.01131,-0.34289,-155.42392,155.68664,0,0,0,0
801,801000,0.01368,-0.00942,-0.00606,-0.00180,28.05210,-87.97029,59.87074,0.01641,-0.01130,-0.00727,-0.00216,56.10419,-175.94059,119.74148,0,0,0,0
802,802000,-0.00815,0.00576,-0.00172,-0.00411,52.68942,-89.67414,36.70412,-0.00978,0.00691,-0.00206,-0.00493,105.37883,-179.34827,73.40824,0,0,0,0
803,803000,-0.00045,0.00711,-0.01029,-0.00363,72.94590,-81.69825,8.97855,-0.00054,0.00854,-0.01235,-0.00436,145.89179,-163.39649,17.95711,0,0,0,0
804,804000,-0.00992,0.00780,0.01306,0.01093,85.00251,-66.97962,-19.06432,-0.01190,0.00935,0.01567,0.01312,170.00502,-133.95923,-38.12864,0,0,0,0
805,805000,-0.00964,0.00478,0.00239,-0.00246,89.72841,-44.60568,-45.30263,-0.01156,0.00574,0.00287,-0.00296,179.45681,-89.21136,-90.60525,0,0,0,0
806,806000,-0.00113,0.00800,-0.00106,0.00581,85.28952,-19.06012,-67.04337,-0.00136,0.00960,-0.00127,0.00698,170.57904,-38.12023,-134.08673,0,0,0,0
807,807000,0.01019,0.01232,0.00046,0.02297,72.54372,9.38970,-82.16665,0.01223,0.01479,0.00055,0.02757,145.08744,18.77941,-164.33330,0,0,0,0
808,808000,0.00450,0.00738,0.01362,0.02550,52.40475,36.47048,-89.60076,0.00541,0.00886,0.01634,0.03060,104.80949,72.94096,-179.20151,0,0,0,0
809,809000,-0.00423,-0.00232,-0.00401,-0.01056,27.30587,59.89640,-88.17172,-0.00508,-0.00278,-0.00481,-0.01267,54.61174,119.79279,-176.34344,0,0,0,0
810,810000,-0.01016,-0.00407,0.01363,-0.00061,0.43913,78.12581,-77.57243,-0.01220,-0.00489,0.01636,-0.00073,0.87827,156.25162,-155.14485,0,0,0,0
811,811000,-0.00667,-0.01322,0.01089,-0.00900,-28.09731,87.65608,-59.88359,-0.00800,-0.01586,0.01307,-0.01080,-56.19462,175.31215,-119.76718,0,0,0,0
812,812000,0.00740,-0.01223,-0.00808,-0.01291,-52.68749,88.95345,-36.14408,0.00888,-0.01468,-0.00970,-0.01549,-105.37499,177.90689,-72.28816,0,0,0,0
813,813000,0.00202,0.00388,0.00724,0.01314,-72.95655,81.87983,-9.00218,0.00242,0.00466,0.00869,0.01577,-145.91310,163.75965,-18.00435,0,0,0,0
814,814000,-0.01237,-0.00874,0.00537,-0.01574,-85.54551,66.63335,18.24062,-0.01484,-0.01049,0.00644,-0.01889,-171.09101,133.26670,36.48124,0,0,0,0
815,815000,-0.00357,-0.00537,-0.00041,-0.00935,-89.59510,44.78113,45.13710,-0.00429,-0.00645,-0.00049,-0.01123,-179.19021,89.56226,90.27420,0,0,0,0
816,816000,0.01011,0.01326,0.00128,0.02464,-85.60320,18.42873,66.84069,0.01213,0.01591,0.00153,0.02957,-171.20640,36.85746,133.68138,0,0,0,0
817,817000,0.01365,-0.01192,-0.00023,0.00150,-72.36326,-9.75822,82.19833,0.01638,-0.01430,-0.00028,0.00180,-144.72651,-19.51645,164.39666,0,0,0,0
818,818000,-0.00066,-0.01174,-0.01096,-0.02336,-53.06516,-36.83122,89.55872,-0.00079,-0.01409,-0.01316,-0.02803,-106.13031,-73.66244,179.11744,0,0,0,0
819,819000,-0.00037,0.01382,-0.00361,0.00985,-27.52078,-59.96290,88.19313,-0.00044,0.01659,-0.00433,0.01182,-55.04157,-119.92579,176.38627,0,0,0,0
820,820000,0.01143,-0.00837,-0.00554,-0.00248,0.21726,-77.98361,78.10137,0.01372,-0.01005,-0.00665,-0.00297,0.43453,-155.96722,156.20275,0,0,0,0
821,821000,-0.00665,0.00410,0.01052,0.00797,27.99788,-87.95829,60.30603,-0.00798,0.00492,0.01263,0.00957,55.99576,-175.91657,120.61207,0,0,0,0
822,822000,-0.01054,-0.01051,0.00950,-0.01155,52.37771,-88.97288,36.46482,-0.01265,-0.01261,0.01140,-0.01386,104.75542,-177.94576,72.92964,0,0,0,0
823,823000,0.00234,-0.00166,0.01214,0.01282,72.32561,-81.62344,8.98424,0.00281,-0.00199,0.01456,0.01538,144.65123,-163.24689,17.96849,0,0,0,0
824,824000,0.00356,-0.00541,0.00178,-0.00006,85.22088,-66.39254,-18.43010,0.00428,-0.00649,0.00214,-0.00007,170.44176,-132.78508,-36.86021,0,0,0,0
825,825000,0.00273,-0.00359,-0.01346,-0.01432,89.74506,-44.81279,-44.87002,0.00328,-0.00431,-0.01615,-0.01718,179.49012,-89.62558,-89.74004,0,0,0,0
826,826000,-0.00890,-0.00724,-0.01146,-0.02760,85.18186,-18.59611,-66.42685,-0.01068,-0.00869,-0.01375,-0.03312,170.36373,-37.19222,-132.85371,0,0,0,0
827,827000,-0.00903,-0.00968,0.01226,-0.00645,73.00686,9.72315,-81.75440,-0.01084,-0.01161,0.01471,-0.00774,146.01372,19.44631,-163.50880,0,0,0,0
828,828000,0.00303,0.01389,0.00008,0.01700,53.20002,36.31148,-89.71034,0.00364,0.01667,0.00009,0.02040,106.40003,72.62296,-179.42067,0,0,0,0
829,829000,-0.00999,-0.00289,0.01033,-0.00255,27.55614,59.81952,-87.64045,-0.01199,-0.00346,0.01239,-0.00306,55.11227,119.63904,-175.28091,0,0,0,0
830,830000,-0.00873,0.01331,0.00245,0.00703,0.39548,78.05267,-77.39783,-0.01047,0.01597,0.00294,0.00844,0.79096,156.10534,-154.79566,0,0,0,0
831,831000,-0.00726,0.00749,-0.00071,-0.00048,-27.69570,88.27793,-60.42936,-0.00871,0.00899,-0.00085,-0.00058,-55.39139,176.55585,-120.85873,0,0,0,0
832,832000,-0.00338,-0.00437,0.00203,-0.00571,-52.86541,89.67852,-36.83959,-0.00405,-0.00524,0.00244,-0.00685,-105.73082,179.35704,-73.67919,0,0,0,0
833,833000,-0.00577,0.01249,0.01348,0.02020,-72.58169,81.67748,-9.30617,-0.00692,0.01499,0.01617,0.02425,-145.16339,163.35495,-18.61234,0,0,0,0
834,834000,0.00420,-0.00319,0.00413,0.00514,-85.35674,66.42774,18.49575,0.00504,-0.00383,0.00496,0.00617,-170.71348,132.85548,36.99150,0,0,0,0
835,835000,0.00718,0.00312,-0.00906,0.00124,-89.41888,44.55090,44.94390,0.00862,0.00374,-0.01087,0.00149,-178.83776,89.10180,89.88780,0,0,0,0
836,836000,0.01376,-0.01277,0.01007,0.01106,-85.45886,18.50858,66.71375,0.01652,-0.01533,0.01208,0.01327,-170.91773,37.01716,133.42749,0,0,0,0
837,837000,0.01201,0.00500,0.00041,0.01741,-72.29488,-9.17095,82.28155,0.01441,0.00600,0.00049,0.02090,-144.58976,-18.34189,164.56310,0,0,0,0
838,838000,0.00607,-0.00487,0.00584,0.00704,-52.74748,-36.81185,89.41862,0.00728,-0.00584,0.00701,0.00845,-105.49496,-73.62369,178.83723,0,0,0,0
839,839000,-0.01090,-0.00484,0.00601,-0.00973,-27.59423,-59.78658,88.25397,-0.01308,-0.00581,0.00721,-0.01168,-55.18846,-119.57316,176.50793,0,0,0,0
840,840000,0.00676,-0.01019,-0.00788,-0.01131,0.38844,-78.01721,78.11374,0.00811,-0.01223,-0.00946,-0.01357,0.77687,-156.03443,156.22749,0,0,0,0
841,841000,-0.00959,-0.01263,0.00080,-0.02142,28.16761,-87.60932,60.34499,-0.01151,-0.01516,0.00096,-0.02571,56.33522,-175.21865,120.68998,0,0,0,0
842,842000,-0.00555,0.00127,-0.00708,-0.01137,52.59631,-88.95820,36.19346,-0.00666,0.00152,-0.00850,-0.01364,105.19263,-177.91641,72.38693,0,0,0,0
843,843000,-0.00531,0.01290,-0.00386,0.00373,73.01881,-82.17744,9.58808,-0.00637,0.01548,-0.00463,0.00448,146.03761,-164.35489,19.17617,0,0,0,0
844,844000,0.01037,0.00906,0.00381,0.02325,85.62251,-66.37533,-18.56868,0.01245,0.01088,0.00458,0.02790,171.24502,-132.75065,-37.13735,0,0,0,0
845,845000,0.01259,0.00191,0.01401,0.02851,90.11370,-44.73183,-45.05716,0.01511,0.00229,0.01682,0.03421,180.22741,-89.46366,-90.11432,0,0,0,0
846,846000,-0.01205,-0.01007,0.00456,-0.01756,85.80489,-18.37639,-66.73498,-0.01446,-0.01209,0.00548,-0.02107,171.60979,-36.75277,-133.46997,0,0,0,0
847,847000,-0.00005,0.00197,-0.00817,-0.00625,73.06177,9.25935,-81.89669,-0.00006,0.00237,-0.00981,-0.00750,146.12354,18.51869,-163.79337,0,0,0,0
848,848000,-0.00451,0.00689,0.01148,0.01385,53.02813,36.85833,-89.00657,-0.00542,0.00827,0.01377,0.01662,106.05626,73.71666,-178.01313,0,0,0,0
849,849000,-0.00035,0.00407,0.00959,0.01331,27.85265,59.84050,-87.92149,-0.00042,0.00488,0.01150,0.01597,55.70529,119.68100,-175.84298,0,0,0,0
850,850000,0.00140,0.00049,-0.01374,-0.01185,-0.30855,78.07918,-77.45515,0.00168,0.00058,-0.01649,-0.01422,-0.61710,156.15836,-154.91030,0,0,0,0
851,851000,-0.00400,0.00116,0.00335,0.00051,-27.97017,87.50686,-59.85170,-0.00480,0.00139,0.00402,0.00061,-55.94035,175.01373,-119.70340,0,0,0,0
852,852000,-0.01081,-0.01007,0.00255,-0.01832,-52.59961,88.88608,-36.56741,-0.01297,-0.01208,0.00306,-0.02198,-105.19921,177.77215,-73.13482,0,0,0,0
853,853000,0.01005,-0.01396,-0.00953,-0.01345,-73.10143,82.09975,-9.37930,0.01206,-0.01676,-0.01144,-0.01613,-146.20286,164.19949,-18.75859,0,0,0,0
854,854000,0.00378,-0.00312,-0.00136,-0.00070,-85.05168,66.62053,18.86956,0.00454,-0.00374,-0.00164,-0.00084,-170.10336,133.24107,37.73911,0,0,0,0
855,855000,-0.00216,-0.00282,-0.01311,-0.01809,-89.76837,45.33605,44.96787,-0.00259,-0.00338,-0.01573,-0.02171,-179.53673,90.67210,89.93575,0,0,0,0
856,856000,0.00695,0.00430,0.01133,0.02258,-85.35636,18.71958,67.03406,0.00834,0.00516,0.01360,0.02710,-170.71273,37.43915,134.06811,0,0,0,0
857,857000,0.01242,-0.00258,-0.00257,0.00726,-72.84423,-9.80126,82.08149,0.01490,-0.00310,-0.00309,0.00871,-145.68846,-19.60252,164.16297,0,0,0,0
858,858000,-0.01170,-0.00692,0.00643,-0.01219,-52.39387,-36.49899,89.09667,-0.01404,-0.00830,0.00772,-0.01463,-104.78774,-72.99799,178.19334,0,0,0,0
859,859000,0.00270,-0.00376,-0.01295,-0.01401,-27.71150,-59.72588,88.12867,0.00324,-0.00452,-0.01554,-0.01682,-55.42299,-119.45176,176.25733,0,0,0,0
860,860000,0.01354,-0.00910,0.00414,0.00859,0.43755,-77.66966,77.96906,0.01625,-0.01092,0.00497,0.01030,0.87510,-155.33931,155.93812,0,0,0,0
861,861000,0.01009,-0.01144,0.00809,0.00674,27.45910,-88.21425,60.08273,0.01211,-0.01373,0.00971,0.00809,54.91820,-176.42849,120.16546,0,0,0,0
862,862000,-0.00688,0.00248,-0.00003,-0.00442,52.46627,-89.58019,36.67973,-0.00826,0.00298,-0.00003,-0.00531,104.93255,-179.16038,73.35946,0,0,0,0
863,863000,-0.00768,-0.01150,-0.01118,-0.03036,73.09970,-81.95356,9.46806,-0.00922,-0.01380,-0.01341,-0.03643,146.19941,-163.90713,18.93612,0,0,0,0
864,864000,0.01079,0.00836,0.01295,0.03210,85.45334,-66.92946,-18.43429,0.01295,0.01004,0.01554,0.03852,170.90668,-133.85892,-36.86858,0,0,0,0
865,865000,-0.00773,-0.00303,-0.00288,-0.01363,89.58799,-44.84776,-45.19371,-0.00928,-0.00363,-0.00345,-0.01636,179.17597,-89.69552,-90.38742,0,0,0,0
866,866000,-0.00632,0.00226,0.00599,0.00193,84.99980,-18.38933,-66.88598,-0.00759,0.00272,0.00718,0.00231,169.99961,-36.77866,-133.77195,0,0,0,0
867,867000,0.00937,-0.01104,-0.00033,-0.00200,72.50753,9.57318,-81.94719,0.01124,-0.01325,-0.00040,-0.00240,145.01506,19.14637,-163.89438,0,0,0,0
868,868000,-0.01349,0.00936,0.00036,-0.00377,52.87290,36.89321,-89.47505,-0.01619,0.01123,0.00043,-0.00452,105.74581,73.78641,-178.95009,0,0,0,0
869,869000,0.01303,-0.00354,-0.01073,-0.00124,27.92998,60.01953,-87.83651,0.01564,-0.00425,-0.01288,-0.00149,55.85996,120.03906,-175.67302,0,0,0,0
870,870000,-0.00409,-0.01233,0.01105,-0.00538,-0.31016,77.35587,-77.93461,-0.00491,-0.01480,0.01326,-0.00645,-0.62032,154.71173,-155.86922,0,0,0,0
871,871000,-0.01240,0.00833,-0.00238,-0.00646,-28.13743,87.43143,-60.42062,-0.01488,0.00999,-0.00286,-0.00775,-56.27487,174.86285,-120.84124,0,0,0,0
872,872000,0.00683,-0.01040,-0.00716,-0.01073,-53.04222,89.01877,-36.79301,0.00820,-0.01248,-0.00860,-0.01288,-106.08445,178.03755,-73.58602,0,0,0,0
873,873000,0.01254,0.00700,-0.00538,0.01415,-72.60542,82.07244,-9.43479,0.01505,0.00840,-0.00646,0.01699,-145.21083,164.14488,-18.86959,0,0,0,0
874,874000,-0.01157,0.00426,-0.00914,-0.01645,-84.99567,66.35077,19.00539,-0.01388,0.00511,-0.01097,-0.01974,-169.99135,132.70155,38.01078,0,0,0,0
875,875000,0.01197,0.00531,0.00457,0.02185,-89.67548,44.61996,44.73477,0.01436,0.00638,0.00549,0.02622,-179.35096,89.23991,89.46953,0,0,0,0
876,876000,-0.00256,-0.01382,-0.01141,-0.02778,-85.79104,18.22697,66.59438,-0.00307,-0.01658,-0.01369,-0.03334,-171.58208,36.45394,133.18876,0,0,0,0
877,877000,0.01362,0.00659,0.00050,0.02070,-72.94263,-9.68301,82.22795,0.01634,0.00790,0.00059,0.02484,-145.88526,-19.36601,164.45589,0,0,0,0
878,878000,0.00526,-0.00613,0.00657,0.00569,-52.45494,-36.73714,89.13775,0.00631,-0.00736,0.00789,0.00683,-104.90988,-73.47428,178.27550,0,0,0,0
879,879000,-0.00113,-0.01228,0.00240,-0.01101,-28.03797,-60.25759,88.03944,-0.00135,-0.01474,0.00288,-0.01321,-56.07595,-120.51517,176.07887,0,0,0,0
880,880000,0.00824,-0.01398,-0.00668,-0.01242,0.02193,-77.73488,78.22931,0.00988,-0.01678,-0.00801,-0.01491,0.04387,-155.46976,156.45863,0,0,0,0
881,881000,-0.00330,-0.00598,0.00202,-0.00725,28.12867,-87.89064,60.18662,-0.00396,-0.00717,0.00243,-0.00870,56.25735,-175.78128,120.37324,0,0,0,0
882,882000,0.00689,-0.00768,0.00321,0.00241,52.83144,-89.73103,36.84649,0.00827,-0.00922,0.00385,0.00290,105.66287,-179.46207,73.69298,0,0,0,0
883,883000,0.00162,-0.00813,0.01374,0.00723,72.61105,-82.03689,9.05774,0.00195,-0.00975,0.01649,0.00868,145.22210,-164.07379,18.11549,0,0,0,0
884,884000,0.01114,0.00595,-0.00184,0.01525,85.41847,-66.56349,-18.61298,0.01337,0.00714,-0.00221,0.01831,170.83695,-133.12698,-37.22596,0,0,0,0
885,885000,0.01239,-0.00360,0.01119,0.01998,89.63019,-44.72441,-44.48315,0.01487,-0.00432,0.01343,0.02398,179.26038,-89.44883,-88.96630,0,0,0,0
886,886000,0.00449,-0.00716,0.01131,0.00864,85.84565,-19.03081,-66.73817,0.00539,-0.00859,0.01357,0.01037,171.69131,-38.06162,-133.47635,0,0,0,0
887,887000,-0.00658,0.01321,0.01211,0.01874,72.81627,9.08426,-82.34277,-0.00790,0.01585,0.01453,0.02248,145.63255,18.16851,-164.68553,0,0,0,0
888,888000,-0.01046,0.01188,0.01155,0.01297,53.07052,36.57090,-89.54430,-0.01255,0.01425,0.01385,0.01556,106.14104,73.14181,-179.08859,0,0,0,0
889,889000,0.01118,-0.00011,0.01255,0.02362,28.01084,60.05126,-87.71623,0.01342,-0.00014,0.01506,0.02834,56.02167,120.10253,-175.43246,0,0,0,0
890,890000,-0.00949,-0.00161,-0.00010,-0.01120,0.04552,78.12190,-78.16712,-0.01139,-0.00193,-0.00013,-0.01344,0.09104,156.24381,-156.33425,0,0,0,0
891,891000,0.00829,0.00779,0.00715,0.02324,-27.90207,87.86806,-60.19447,0.00995,0.00935,0.00858,0.02788,-55.80414,175.73613,-120.38895,0,0,0,0
892,892000,-0.01308,-0.01056,-0.00858,-0.03222,-53.13066,89.50777,-36.88246,-0.01570,-0.01267,-0.01030,-0.03867,-106.26132,179.01553,-73.76492,0,0,0,0
893,893000,-0.00302,-0.00441,0.01270,0.00527,-72.65938,82.13479,-9.53571,-0.00363,-0.00529,0.01525,0.00633,-145.31877,164.26958,-19.07143,0,0,0,0
894,894000,0.01367,-0.01168,-0.00679,-0.00480,-85.72498,66.86218,18.64681,0.01640,-0.01402,-0.00814,-0.00576,-171.44995,133.72436,37.29362,0,0,0,0
895,895000,-0.00680,-0.00600,-0.01202,-0.02482,-89.91299,45.13663,45.03327,-0.00816,-0.00720,-0.01442,-0.02979,-179.82599,90.27325,90.06653,0,0,0,0
896,896000,0.01050,-0.00266,0.00291,0.01075,-85.49849,18.57225,66.96942,0.01260,-0.00319,0.00349,0.01290,-170.99698,37.14449,133.93885,0,0,0,0
897,897000,-0.00951,-0.00635,-0.01046,-0.02631,-72.53169,-8.98881,82.28763,-0.01141,-0.00762,-0.01255,-0.03158,-145.06337,-17.97763,164.57527,0,0,0,0
898,898000,-0.00004,0.01147,-0.00416,0.00727,-53.15837,-36.23567,89.49765,-0.00004,0.01377,-0.00500,0.00873,-106.31675,-72.47134,178.99529,0,0,0,0
899,899000,-0.01140,0.01009,-0.01005,-0.01136,-27.53018,-59.97937,88.28131,-0.01368,0.01211,-0.01206,-0.01363,-55.06035,-119.95874,176.56263,0,0,0,0
900,900000,-0.00516,-0.00806,0.00788,-0.00534,-0.31456,-77.52760,78.15008,-0.00620,-0.00967,0.00946,-0.00641,-0.62912,-155.05521,156.30016,0,0,0,0
901,901000,-0.00005,0.00747,0.00642,0.01383,27.56423,-88.24842,60.09662,-0.00006,0.00896,0.00770,0.01660,55.12846,-176.49685,120.19324,0,0,0,0
902,902000,-0.01188,0.01207,0.01234,0.01253,52.38623,-89.61128,36.34094,-0.01426,0.01448,0.01481,0.01503,104.77245,-179.22256,72.68187,0,0,0,0
903,903000,0.00921,0.01127,0.01090,0.03139,72.98487,-81.67322,9.00217,0.01106,0.01352,0.01308,0.03766,145.96974,-163.34645,18.00433,0,0,0,0
904,904000,0.00787,0.00166,0.01128,0.02082,85.57352,-66.73972,-18.72724,0.00945,0.00199,0.01354,0.02498,171.14705,-133.47945,-37.45448,0,0,0,0
905,905000,0.01258,0.00395,0.00850,0.02503,89.88639,-44.78762,-45.35616,0.01510,0.00474,0.01020,0.03003,179.77279,-89.57524,-90.71232,0,0,0,0
906,906000,-0.00259,0.00975,-0.00010,0.00706,85.14313,-18.57174,-66.34011,-0.00311,0.01170,-0.00011,0.00847,170.28626,-37.14347,-132.68021,0,0,0,0
907,907000,0.01284,0.01188,-0.00413,0.02059,72.40134,9.50967,-82.35301,0.01541,0.01426,-0.00496,0.02471,144.80267,19.01934,-164.70602,0,0,0,0
908,908000,-0.00552,-0.00567,0.00842,-0.00276,52.85873,36.68983,-89.51113,-0.00662,-0.00680,0.01011,-0.00331,105.71746,73.37966,-179.02227,0,0,0,0
909,909000,0.00551,0.01244,0.00965,0.02759,28.02890,60.40430,-87.93846,0.00661,0.01493,0.01158,0.03311,56.05779,120.80860,-175.87691,0,0,0,0
910,910000,-0.00961,-0.00196,0.01062,-0.00095,-0.10402,77.40999,-77.47112,-0.01154,-0.00235,0.01274,-0.00114,-0.20805,154.81999,-154.94224,0,0,0,0
911,911000,-0.00067,0.00126,-0.00103,-0.00044,-27.73510,87.72363,-59.78014,-0.00080,0.00151,-0.00123,-0.00052,-55.47020,175.44726,-119.56029,0,0,0,0
912,912000,0.00606,-0.00863,0.00595,0.00338,-52.74998,89.45839,-36.69503,0.00727,-0.01035,0.00714,0.00405,-105.49997,178.91677,-73.39007,0,0,0,0
913,913000,0.01261,-0.01216,-0.00395,-0.00350,-72.33500,82.05267,-9.74104,0.01513,-0.01460,-0.00474,-0.00420,-144.67000,164.10534,-19.48208,0,0,0,0
914,914000,-0.00914,0.00603,0.00819,0.00507,-85.50252,66.71879,19.11887,-0.01097,0.00723,0.00982,0.00609,-171.00504,133.43759,38.23774,0,0,0,0
915,915000,0.00684,-0.01237,-0.00558,-0.01111,-89.67643,45.08380,44.97708,0.00820,-0.01485,-0.00669,-0.01333,-179.35286,90.16760,89.95417,0,0,0,0
916,916000,0.00516,-0.00892,0.01008,0.00633,-85.46513,18.59909,67.05653,0.00620,-0.01070,0.01209,0.00759,-170.93026,37.19817,134.11306,0,0,0,0
917,917000,0.01242,0.01116,0.00044,0.02402,-72.98910,-9.66584,82.42347,0.01490,0.01339,0.00053,0.02882,-145.97820,-19.33168,164.84693,0,0,0,0
918,918000,0.00987,0.01306,-0.00791,0.01503,-52.60878,-36.32616,89.20400,0.01185,0.01568,-0.00949,0.01804,-105.21756,-72.65233,178.40801,0,0,0,0
919,919000,0.00411,-0.01213,-0.00209,-0.01010,-27.95751,-59.89556,87.65804,0.00494,-0.01455,-0.00251,-0.01212,-55.91502,-119.79112,175.31609,0,0,0,0
920,920000,-0.00191,0.00034,-0.00359,-0.00516,0.06780,-77.89101,77.97033,-0.00229,0.00041,-0.00431,-0.00619,0.13561,-155.78202,155.94067,0,0,0,0
921,921000,-0.00652,-0.00457,-0.00593,-0.01702,27.31244,-87.84890,59.85382,-0.00782,-0.00549,-0.00711,-0.02042,54.62488,-175.69780,119.70764,0,0,0,0
922,922000,-0.01024,0.00418,0.00495,-0.00111,52.55219,-89.71404,36.58622,-0.01229,0.00501,0.00595,-0.00134,105.10439,-179.42808,73.17243,0,0,0,0
923,923000,0.00453,0.00684,0.00565,0.01702,72.40256,-81.82286,9.21843,0.00544,0.00820,0.00678,0.02042,144.80512,-163.64571,18.43686,0,0,0,0
924,924000,-0.00556,0.00873,0.00494,0.00811,85.41625,-66.33538,-19.03590,-0.00667,0.01048,0.00593,0.00974,170.83250,-132.67076,-38.07180,0,0,0,0
925,925000,0.00503,0.00978,-0.00629,0.00852,89.65994,-44.82684,-45.27694,0.00603,0.01174,-0.00754,0.01022,179.31988,-89.65369,-90.55388,0,0,0,0
926,926000,-0.00060,0.01173,0.00010,0.01123,85.47437,-18.82473,-66.75217,-0.00072,0.01408,0.00012,0.01348,170.94875,-37.64946,-133.50434,0,0,0,0
927,927000,-0.01062,-0.00237,-0.00390,-0.01689,72.81216,9.40769,-82.03051,-0.01275,-0.00285,-0.00468,-0.02027,145.62431,18.81538,-164.06103,0,0,0,0
928,928000,0.00238,0.01229,-0.01327,0.00139,52.39667,36.30126,-89.18651,0.00285,0.01474,-0.01592,0.00167,104.79333,72.60252,-178.37302,0,0,0,0
929,929000,-0.00556,0.00407,0.01062,0.00913,27.59508,59.90706,-87.44192,-0.00667,0.00488,0.01274,0.01096,55.19017,119.81412,-174.88384,0,0,0,0
930,930000,-0.00556,-0.01024,0.00527,-0.01053,-0.06932,77.62723,-77.42495,-0.00667,-0.01229,0.00632,-0.01264,-0.13864,155.25445,-154.84989,0,0,0,0
931,931000,-0.00590,0.00419,0.00751,0.00579,-27.95954,87.96617,-60.15697,-0.00708,0.00503,0.00901,0.00695,-55.91908,175.93234,-120.31393,0,0,0,0
932,932000,0.01184,-0.01071,-0.00807,-0.00694,-53.16588,89.02671,-36.92814,0.01420,-0.01285,-0.00968,-0.00833,-106.33176,178.05342,-73.85628,0,0,0,0
933,933000,0.01016,0.00880,0.00022,0.01917,-72.57896,82.03761,-9.59507,0.01219,0.01056,0.00026,0.02300,-145.15793,164.07522,-19.19014,0,0,0,0
934,934000,-0.01038,-0.00031,-0.01164,-0.02233,-85.53183,66.81852,19.06474,-0.01246,-0.00037,-0.01397,-0.02679,-171.06365,133.63704,38.12948,0,0,0,0
935,935000,0.00184,0.00007,0.01116,0.01307,-89.53172,44.88041,44.80578,0.00221,0.00009,0.01339,0.01568,-179.06345,89.76082,89.61156,0,0,0,0
936,936000,-0.00487,-0.00459,0.00581,-0.00365,-85.51937,18.88136,66.57873,-0.00584,-0.00550,0.00697,-0.00438,-171.03874,37.76272,133.15746,0,0,0,0
937,937000,0.00029,-0.00558,0.00714,0.00185,-72.30777,-9.53795,82.03939,0.00035,-0.00669,0.00856,0.00222,-144.61554,-19.07589,164.07878,0,0,0,0
938,938000,-0.00815,0.00661,0.01056,0.00902,-52.76362,-36.21437,89.25132,-0.00978,0.00793,0.01267,0.01082,-105.52723,-72.42874,178.50263,0,0,0,0
939,939000,0.00992,0.00948,0.00534,0.02473,-27.50308,-59.93008,88.25428,0.01190,0.01137,0.00641,0.02968,-55.00617,-119.86015,176.50857,0,0,0,0
940,940000,0.00250,-0.00789,-0.00074,-0.00613,0.33103,-77.71228,77.68287,0.00300,-0.00947,-0.00089,-0.00736,0.66206,-155.42456,155.36574,0,0,0,0
941,941000,0.01167,-0.00656,-0.00101,0.00409,27.47000,-87.69253,60.06699,0.01400,-0.00787,-0.00122,0.00491,54.94000,-175.38506,120.13397,0,0,0,0
942,942000,-0.00864,0.00006,-0.01082,-0.01940,52.66993,-89.76161,36.77377,-0.01037,0.00007,-0.01298,-0.02328,105.33986,-179.52322,73.54755,0,0,0,0
943,943000,0.00464,-0.00965,-0.01310,-0.01811,72.23439,-82.16140,9.14346,0.00557,-0.01158,-0.01572,-0.02173,144.46878,-164.32280,18.28693,0,0,0,0
944,944000,0.00463,0.00626,0.00115,0.01204,85.40791,-66.32387,-18.79467,0.00556,0.00752,0.00138,0.01445,170.81582,-132.64774,-37.58933,0,0,0,0
945,945000,-0.01175,0.00171,0.00475,-0.00528,90.06526,-44.92850,-45.04541,-0.01410,0.00205,0.00570,-0.00634,180.13053,-89.85700,-90.09083,0,0,0,0
946,946000,-0.00576,0.00023,-0.00536,-0.01089,85.74373,-18.24408,-66.38539,-0.00691,0.00027,-0.00643,-0.01306,171.48746,-36.48815,-132.77078,0,0,0,0
947,947000,-0.00952,-0.00992,0.00334,-0.01610,72.90507,9.08616,-82.13047,-0.01142,-0.01191,0.00401,-0.01932,145.81014,18.17231,-164.26093,0,0,0,0
948,948000,-0.01039,-0.00952,0.00540,-0.01452,52.82743,36.92971,-89.15166,-0.01247,-0.01143,0.00647,-0.01743,105.65486,73.85943,-178.30332,0,0,0,0
949,949000,0.01222,-0.00266,0.00464,0.01420,27.61743,60.09820,-88.10425,0.01467,-0.00319,0.00557,0.01705,55.23487,120.19641,-176.20850,0,0,0,0
950,950000,0.00194,0.01405,-0.00737,0.00862,0.43155,78.12181,-77.76555,0.00232,0.01686,-0.00884,0.01034,0.86309,156.24361,-155.53109,0,0,0,0
951,951000,0.00206,-0.00041,0.00319,0.00484,-27.98238,88.14016,-59.79613,0.00247,-0.00049,0.00382,0.00580,-55.96477,176.28032,-119.59227,0,0,0,0
952,952000,0.00456,0.01399,-0.00183,0.01672,-52.93918,89.33967,-36.24449,0.00547,0.01678,-0.00219,0.02006,-105.87835,178.67934,-72.48898,0,0,0,0
953,953000,0.00980,-0.00293,0.00902,0.01588,-72.21541,82.02275,-9.22594,0.01176,-0.00352,0.01082,0.01906,-144.43082,164.04551,-18.45188,0,0,0,0
954,954000,0.00717,-0.00980,0.00534,0.00271,-85.35743,66.40048,18.59221,0.00860,-0.01176,0.00640,0.00325,-170.71485,132.80097,37.18442,0,0,0,0
955,955000,-0.00131,-0.00282,0.00709,0.00296,-90.14992,44.54333,45.06123,-0.00157,-0.00339,0.00851,0.00355,-180.29983,89.08667,90.12246,0,0,0,0
956,956000,-0.00896,-0.00075,-0.01271,-0.02242,-85.09602,18.33524,66.56215,-0.01075,-0.00090,-0.01525,-0.02690,-170.19203,36.67047,133.12429,0,0,0,0
957,957000,-0.00382,0.00174,0.00846,0.00638,-72.80374,-9.02144,82.41049,-0.00458,0.00209,0.01016,0.00766,-145.60747,-18.04287,164.82097,0,0,0,0
958,958000,0.00494,-0.00804,0.00634,0.00324,-52.66170,-36.95048,89.07637,0.00593,-0.00965,0.00761,0.00389,-105.32341,-73.90095,178.15273,0,0,0,0
959,959000,0.01413,-0.00532,-0.00426,0.00455,-27.98646,-59.76275,87.91011,0.01696,-0.00639,-0.00511,0.00546,-55.97291,-119.52549,175.82021,0,0,0,0
960,960000,-0.00608,0.00984,-0.00096,0.00281,0.30861,-77.72996,78.22057,-0.00729,0.01181,-0.00115,0.00337,0.61722,-155.45992,156.44114,0,0,0,0
961,961000,0.00881,-0.00199,-0.00681,0.00001,27.95460,-88.09516,59.69422,0.01057,-0.00239,-0.00817,0.00002,55.90920,-176.19032,119.38844,0,0,0,0
962,962000,0.00264,-0.01076,-0.00588,-0.01400,52.34744,-89.06896,36.97339,0.00317,-0.01291,-0.00706,-0.01680,104.69488,-178.13791,73.94678,0,0,0,0
963,963000,-0.01270,-0.00513,-0.00608,-0.02390,72.59974,-82.20256,9.28236,-0.01524,-0.00615,-0.00729,-0.02868,145.19949,-164.40512,18.56472,0,0,0,0
964,964000,0.01359,0.00180,-0.01082,0.00457,85.38042,-67.02649,-18.72079,0.01631,0.00216,-0.01298,0.00549,170.76084,-134.05298,-37.44159,0,0,0,0
965,965000,0.01209,0.01325,-0.01359,0.01176,89.45777,-44.60556,-44.89675,0.01451,0.01590,-0.01630,0.01411,178.91555,-89.21112,-89.79351,0,0,0,0
966,966000,0.00806,-0.00320,0.01160,0.01647,85.11425,-18.40903,-67.00987,0.00967,-0.00384,0.01392,0.01976,170.22851,-36.81806,-134.01975,0,0,0,0
967,967000,-0.00859,-0.00020,0.00266,-0.00614,72.29525,9.65424,-82.14502,-0.01031,-0.00024,0.00319,-0.00736,144.59050,19.30849,-164.29003,0,0,0,0
968,968000,-0.00635,0.00386,0.01077,0.00828,52.63910,36.95437,-89.20134,-0.00762,0.00464,0.01292,0.00994,105.27820,73.90874,-178.40268,0,0,0,0
969,969000,0.01207,-0.01264,-0.00758,-0.00815,28.12966,59.69147,-88.14705,0.01448,-0.01517,-0.00909,-0.00978,56.25932,119.38293,-176.29410,0,0,0,0
970,970000,0.00281,-0.00744,-0.00685,-0.01149,0.44211,77.43465,-77.41052,0.00337,-0.00893,-0.00822,-0.01379,0.88422,154.86931,-154.82104,0,0,0,0
971,971000,-0.00743,0.00915,0.00760,0.00932,-27.66272,87.65080,-60.18542,-0.00892,0.01098,0.00912,0.01118,-55.32545,175.30160,-120.37083,0,0,0,0
972,972000,0.00056,-0.01000,-0.00086,-0.01029,-53.07990,89.42282,-36.54221,0.00068,-0.01200,-0.00103,-0.01235,-106.15979,178.84564,-73.08442,0,0,0,0
973,973000,-0.00165,0.00739,-0.00153,0.00421,-72.45811,81.61725,-9.78645,-0.00198,0.00887,-0.00184,0.00505,-144.91621,163.23451,-19.57290,0,0,0,0
974,974000,0.01201,0.00506,-0.01293,0.00414,-85.27229,66.52522,18.65806,0.01441,0.00607,-0.01552,0.00497,-170.54458,133.05044,37.31612,0,0,0,0
975,975000,-0.00734,0.00250,-0.00113,-0.00597,-89.79316,44.88569,44.77785,-0.00881,0.00300,-0.00135,-0.00717,-179.58631,89.77138,89.55571,0,0,0,0
976,976000,0.01290,0.00952,0.01240,0.03483,-85.28096,18.23527,66.92213,0.01548,0.01143,0.01488,0.04179,-170.56192,36.47054,133.84425,0,0,0,0
977,977000,-0.01232,0.00406,0.00896,0.00070,-72.97574,-9.33518,82.44885,-0.01478,0.00487,0.01075,0.00083,-145.95148,-18.67035,164.89769,0,0,0,0
978,978000,0.01240,0.00906,0.00371,0.02518,-53.17328,-36.28424,89.24598,0.01488,0.01088,0.00446,0.03021,-106.34656,-72.56849,178.49197,0,0,0,0
979,979000,0.00577,0.00330,0.00770,0.01677,-27.69191,-59.78734,87.88550,0.00693,0.00396,0.00924,0.02013,-55.38381,-119.57468,175.77099,0,0,0,0
980,980000,0.00844,-0.00166,0.01159,0.01837,-0.39471,-78.02165,77.72309,0.01013,-0.00199,0.01391,0.02205,-0.78943,-156.04330,155.44619,0,0,0,0
981,981000,-0.00364,-0.00085,0.00807,0.00358,27.74544,-88.19237,59.91787,-0.00436,-0.00102,0.00968,0.00430,55.49089,-176.38474,119.83575,0,0,0,0
982,982000,0.00972,-0.00076,-0.01278,-0.00382,52.93290,-89.25757,36.30299,0.01167,-0.00092,-0.01533,-0.00458,105.86581,-178.51515,72.60597,0,0,0,0
983,983000,0.00999,-0.00876,0.01059,0.01181,72.55201,-82.31651,9.56009,0.01198,-0.01052,0.01271,0.01417,145.10403,-164.63301,19.12018,0,0,0,0
984,984000,0.00295,-0.00350,-0.00476,-0.00530,85.33657,-66.80099,-18.55556,0.00355,-0.00420,-0.00571,-0.00636,170.67314,-133.60199,-37.11111,0,0,0,0
985,985000,0.01245,0.00472,-0.00591,0.01126,90.05644,-44.81833,-44.52358,0.01495,0.00566,-0.00709,0.01352,180.11288,-89.63666,-89.04715,0,0,0,0
986,986000,-0.01116,-0.00622,-0.00857,-0.02595,85.83588,-18.97244,-66.93188,-0.01339,-0.00747,-0.01028,-0.03114,171.67176,-37.94487,-133.86376,0,0,0,0
987,987000,-0.01049,0.01152,-0.00251,-0.00149,72.86595,9.69814,-81.94217,-0.01259,0.01382,-0.00301,-0.00178,145.73189,19.39627,-163.88434,0,0,0,0
988,988000,0.00605,0.00322,0.01373,0.02301,52.36829,36.72364,-89.20717,0.00727,0.00387,0.01648,0.02761,104.73658,73.44727,-178.41435,0,0,0,0
989,989000,-0.00044,-0.01088,-0.00784,-0.01916,27.51962,60.06427,-87.51954,-0.00053,-0.01305,-0.00940,-0.02299,55.03925,120.12853,-175.03908,0,0,0,0
990,990000,0.00975,0.00005,0.00242,0.01222,0.40033,77.91585,-78.19486,0.01170,0.00007,0.00290,0.01467,0.80067,155.83170,-156.38972,0,0,0,0
991,991000,-0.01226,0.01234,0.01048,0.01057,-28.09723,88.07191,-60.45084,-0.01471,0.01481,0.01258,0.01268,-56.19445,176.14382,-120.90169,0,0,0,0
992,992000,0.01162,0.00842,0.01062,0.03067,-53.20675,89.43323,-36.88465,0.01394,0.01011,0.01275,0.03680,-106.41351,178.86646,-73.76930,0,0,0,0
993,993000,0.00109,0.00753,-0.00325,0.00537,-72.74184,82.47549,-9.19209,0.00130,0.00903,-0.00390,0.00644,-145.48367,164.95097,-18.38419,0,0,0,0
994,994000,0.00166,-0.00111,0.00553,0.00609,-85.41754,66.96888,18.52129,0.00200,-0.00133,0.00664,0.00731,-170.83508,133.93777,37.04258,0,0,0,0
995,995000,-0.01030,0.00053,0.00119,-0.00859,-89.68328,44.81530,44.94488,-0.01236,0.00064,0.00142,-0.01030,-179.36656,89.63061,89.88976,0,0,0,0
996,996000,0.00834,0.01289,-0.00071,0.02052,-85.57794,18.99626,67.11973,0.01001,0.01547,-0.00085,0.02463,-171.15588,37.99251,134.23946,0,0,0,0
997,997000,0.00804,-0.00149,-0.00134,0.00521,-72.46579,-9.31209,81.98856,0.00965,-0.00178,-0.00161,0.00625,-144.93158,-18.62418,163.97712,0,0,0,0
998,998000,0.01117,0.01281,-0.01159,0.01238,-52.84019,-36.35955,89.44423,0.01340,0.01537,-0.01391,0.01486,-105.68037,-72.71909,178.88847,0,0,0,0
999,999000,0.00112,0.00818,-0.01053,-0.00123,-27.50506,-60.21174,87.61234,0.00135,0.00981,-0.01263,-0.00147,-55.01013,-120.42348,175.22467,0,0,0,0
