0,0,-0.29572,-0.27278,0.55800,-0.01049,0.40634,-77.83749,77.47995,-0.35487,-0.32733,0.66960,-0.01259,0.81267,-155.67497,154.95989,0,0,0,1
1,1000,-0.10545,-0.41218,0.52769,0.01006,28.11224,-87.94247,60.17264,-0.12654,-0.49462,0.63323,0.01207,56.22447,-175.88493,120.34527,0,0,0,1
2,2000,0.05574,-0.52002,0.45279,-0.01149,52.57186,-89.66000,36.11221,0.06689,-0.62402,0.54334,-0.01379,105.14372,-179.32000,72.22443,0,0,0,1
3,3000,0.22732,-0.55268,0.34098,0.01563,72.34348,-81.62115,9.57782,0.27279,-0.66321,0.40918,0.01875,144.68696,-163.24230,19.15564,0,0,0,1
4,4000,0.37217,-0.56639,0.17491,-0.01931,85.77975,-66.92626,-18.71039,0.44661,-0.67966,0.20989,-0.02317,171.55951,-133.85253,-37.42078,0,0,0,1
5,5000,0.48908,-0.49646,0.01127,0.00389,89.65644,-44.67365,-44.71499,0.58690,-0.59575,0.01352,0.00467,179.31288,-89.34730,-89.42998,0,0,0,1
6,6000,0.56423,-0.37525,-0.16535,0.02363,85.45025,-18.78990,-67.05912,0.67708,-0.45030,-0.19843,0.02835,170.90050,-37.57980,-134.11825,0,0,0,1
7,7000,0.54969,-0.23299,-0.34528,-0.02857,72.41863,8.99226,-81.73137,0.65963,-0.27958,-0.41433,-0.03429,144.83726,17.98451,-163.46274,0,0,0,1
8,8000,0.51714,-0.06566,-0.45027,0.00121,52.50980,36.67746,-89.56156,0.62057,-0.07880,-0.54032,0.00145,105.01959,73.35492,-179.12313,0,0,0,1
9,9000,0.42155,0.11621,-0.52595,0.01182,27.54673,60.11876,-87.70878,0.50586,0.13946,-0.63114,0.01418,55.09346,120.23753,-175.41756,0,0,0,1
10,10000,0.27677,0.29271,-0.57981,-0.01033,0.18353,78.01025,-78.18007,0.33213,0.35125,-0.69578,-0.01240,0.36705,156.02050,-156.36015,0,0,0,1
11,11000,0.10444,0.41639,-0.54842,-0.02760,-27.55172,87.52339,-60.47364,0.12532,0.49966,-0.65811,-0.03312,-55.10345,175.04678,-120.94728,0,0,0,1
12,12000,-0.06395,0.50703,-0.45896,-0.01587,-52.86126,88.92886,-36.14467,-0.07674,0.60844,-0.55075,-0.01904,-105.72251,177.85772,-72.28933,0,0,0,1
13,13000,-0.23787,0.56002,-0.31860,0.00355,-72.33368,81.85658,-9.16599,-0.28544,0.67202,-0.38232,0.00426,-144.66736,163.71316,-18.33199,0,0,0,1
14,14000,-0.39036,0.55042,-0.17135,-0.01129,-85.86190,66.90800,19.02068,-0.46843,0.66050,-0.20562,-0.01355,-171.72379,133.81599,38.04136,0,0,0,1
15,15000,-0.49289,0.48248,-0.01094,-0.02135,-89.38544,44.97336,45.07058,-0.59147,0.57898,-0.01313,-0.02562,-178.77088,89.94671,90.14115,0,0,0,1
16,16000,-0.54660,0.39163,0.16567,0.01071,-85.24421,18.61818,66.59324,-0.65592,0.46995,0.19881,0.01285,-170.48842,37.23635,133.18648,0,0,0,1
17,17000,-0.55964,0.24253,0.34649,0.02938,-72.55248,-9.09620,82.22170,-0.67156,0.29103,0.41579,0.03526,-145.10497,-18.19239,164.44339,0,0,0,1
18,18000,-0.51437,0.05171,0.46696,0.00430,-53.15681,-36.41479,89.68142,-0.61725,0.06205,0.56035,0.00516,-106.31362,-72.82958,179.36284,0,0,0,1
19,19000,-0.41527,-0.11510,0.53895,0.00859,-27.80141,-59.98666,88.26834,-0.49832,-0.13811,0.64674,0.01030,-55.60281,-119.97333,176.53668,0,0,0,1
20,20000,-0.29197,-0.29089,0.57450,-0.00836,0.44514,-77.37860,78.18424,-0.35036,-0.34907,0.68940,-0.01003,0.89028,-154.75720,156.36848,0,0,0,1
21,21000,-0.12430,-0.41244,0.52742,-0.00932,27.86364,-88.05938,60.45437,-0.14916,-0.49493,0.63290,-0.01119,55.72729,-176.11877,120.90874,0,0,0,1
22,22000,0.05930,-0.52089,0.44717,-0.01443,52.93835,-89.26303,36.81620,0.07116,-0.62507,0.53660,-0.01731,105.87669,-178.52606,73.63240,0,0,0,1
23,23000,0.21599,-0.57484,0.33282,-0.02604,72.65003,-81.62487,8.99099,0.25919,-0.68981,0.39938,-0.03125,145.30007,-163.24975,17.98198,0,0,0,1
24,24000,0.38106,-0.55254,0.17888,0.00741,85.72342,-66.92006,-18.55199,0.45728,-0.66304,0.21466,0.00889,171.44685,-133.84011,-37.10398,0,0,0,1
25,25000,0.48737,-0.48311,0.00683,0.01109,89.39650,-45.20188,-45.23417,0.58485,-0.57973,0.00819,0.01331,178.79300,-90.40376,-90.46834,0,0,0,1
26,26000,0.56743,-0.39235,-0.16713,0.00796,84.97038,-18.38686,-67.04759,0.68092,-0.47082,-0.20055,0.00955,169.94077,-36.77372,-134.09518,0,0,0,1
27,27000,0.55536,-0.22648,-0.33133,-0.00244,72.26922,9.39746,-82.46220,0.66643,-0.27177,-0.39759,-0.00293,144.53844,18.79493,-164.92440,0,0,0,1
28,28000,0.51682,-0.06690,-0.44427,0.00564,52.34913,36.89135,-89.34455,0.62018,-0.08029,-0.53312,0.00677,104.69827,73.78271,-178.68910,0,0,0,1
29,29000,0.40737,0.11655,-0.52666,-0.00274,27.37594,59.88164,-87.95979,0.48885,0.13986,-0.63199,-0.00328,54.75189,119.76328,-175.91958,0,0,0,1
30,30000,0.28099,0.27471,-0.57364,-0.01793,-0.27611,78.10409,-77.35203,0.33719,0.32965,-0.68836,-0.02152,-0.55222,156.20819,-154.70405,0,0,0,1
31,31000,0.12194,0.42509,-0.54731,-0.00028,-27.93509,88.18554,-60.44222,0.14633,0.51011,-0.65678,-0.00034,-55.87019,176.37108,-120.88444,0,0,0,1
32,32000,-0.06622,0.51614,-0.44600,0.00393,-52.80609,88.93595,-36.36885,-0.07946,0.61937,-0.53520,0.00471,-105.61217,177.87190,-72.73769,0,0,0,1
33,33000,-0.22350,0.56977,-0.33689,0.00937,-72.51380,82.20200,-9.33543,-0.26820,0.68372,-0.40427,0.01125,-145.02759,164.40401,-18.67086,0,0,0,1
34,34000,-0.39065,0.54253,-0.18778,-0.03590,-85.40409,66.96565,19.06309,-0.46878,0.65103,-0.22534,-0.04309,-170.80818,133.93130,38.12619,0,0,0,1
35,35000,-0.49112,0.49888,-0.00507,0.00268,-89.78223,44.56285,45.03614,-0.58935,0.59866,-0.00609,0.00322,-179.56445,89.12570,90.07227,0,0,0,1
36,36000,-0.54982,0.37741,0.17304,0.00063,-85.73389,18.92279,67.05965,-0.65979,0.45290,0.20765,0.00076,-171.46779,37.84558,134.11929,0,0,0,1
37,37000,-0.57352,0.22610,0.33599,-0.01143,-72.31663,-9.43978,81.84522,-0.68823,0.27133,0.40319,-0.01371,-144.63327,-18.87956,163.69045,0,0,0,1
38,38000,-0.51083,0.05498,0.46595,0.01011,-52.56371,-36.94314,89.47643,-0.61299,0.06598,0.55914,0.01213,-105.12741,-73.88628,178.95285,0,0,0,1
39,39000,-0.40715,-0.11406,0.52712,0.00590,-27.71430,-59.87676,88.08490,-0.48858,-0.13687,0.63254,0.00708,-55.42860,-119.75352,176.16981,0,0,0,1
40,40000,-0.29147,-0.27631,0.55512,-0.01266,-0.05933,-78.05469,78.10530,-0.34976,-0.33157,0.66614,-0.01519,-0.11865,-156.10939,156.21060,0,0,0,1
41,41000,-0.11384,-0.41862,0.53482,0.00236,28.09507,-87.88690,59.70075,-0.13660,-0.50234,0.64178,0.00283,56.19015,-175.77379,119.40151,0,0,0,1
42,42000,0.05872,-0.51721,0.47137,0.01288,52.78483,-89.13371,36.64864,0.07046,-0.62065,0.56564,0.01546,105.56965,-178.26742,73.29728,0,0,0,1
43,43000,0.22110,-0.54885,0.32237,-0.00538,72.51028,-82.06223,9.09614,0.26532,-0.65862,0.38685,-0.00645,145.02055,-164.12446,18.19228,0,0,0,1
44,44000,0.38454,-0.55068,0.16348,-0.00266,85.73102,-66.98447,-18.96197,0.46145,-0.66081,0.19617,-0.00319,171.46203,-133.96893,-37.92394,0,0,0,1
45,45000,0.47927,-0.49741,0.00154,-0.01660,90.22656,-44.60391,-44.73895,0.57513,-0.59690,0.00185,-0.01992,180.45313,-89.20783,-89.47791,0,0,0,1
46,46000,0.54334,-0.37375,-0.16880,0.00078,85.57264,-19.11276,-66.52082,0.65200,-0.44850,-0.20256,0.00094,171.14528,-38.22552,-133.04164,0,0,0,1
47,47000,0.56905,-0.23049,-0.31870,0.01986,72.25416,9.66574,-82.29926,0.68286,-0.27659,-0.38244,0.02383,144.50831,19.33148,-164.59853,0,0,0,1
48,48000,0.50495,-0.06114,-0.45624,-0.01242,53.18587,36.85831,-89.01268,0.60594,-0.07337,-0.54748,-0.01490,106.37174,73.71662,-178.02537,0,0,0,1
49,49000,0.42401,0.10682,-0.52745,0.00337,27.32140,59.70946,-88.26850,0.50881,0.12818,-0.63295,0.00405,54.64279,119.41893,-176.53700,0,0,0,1
50,50000,0.27884,0.28457,-0.56738,-0.00397,-0.02852,78.14002,-77.88519,0.33461,0.34149,-0.68086,-0.00476,-0.05704,156.28005,-155.77038,0,0,0,1
51,51000,0.12648,0.40876,-0.53076,0.00448,-27.35649,87.64011,-60.50651,0.15177,0.49052,-0.63691,0.00538,-54.71299,175.28021,-121.01302,0,0,0,1
52,52000,-0.05127,0.52045,-0.47067,-0.00149,-53.20217,89.38029,-36.35291,-0.06152,0.62454,-0.56481,-0.00178,-106.40434,178.76057,-72.70581,0,0,0,1
53,53000,-0.21778,0.56399,-0.32107,0.02515,-72.52728,81.71341,-9.42596,-0.26134,0.67679,-0.38528,0.03017,-145.05457,163.42681,-18.85192,0,0,0,1
54,54000,-0.39054,0.56256,-0.17049,0.00153,-85.07762,66.51933,18.64462,-0.46865,0.67507,-0.20458,0.00184,-170.15525,133.03867,37.28923,0,0,0,1
55,55000,-0.49822,0.48960,0.00791,-0.00071,-90.08209,44.62468,45.07356,-0.59786,0.58752,0.00949,-0.00085,-180.16418,89.24936,90.14712,0,0,0,1
56,56000,-0.56309,0.38274,0.16802,-0.01232,-85.34120,18.81402,67.02264,-0.67571,0.45929,0.20163,-0.01479,-170.68241,37.62805,134.04527,0,0,0,1
57,57000,-0.54992,0.24242,0.32256,0.01506,-72.51602,-9.61138,81.85377,-0.65990,0.29090,0.38707,0.01807,-145.03203,-19.22276,163.70754,0,0,0,1
58,58000,-0.51553,0.06830,0.45623,0.00899,-53.10403,-36.34251,89.34558,-0.61864,0.08196,0.54748,0.01079,-106.20806,-72.68502,178.69116,0,0,0,1
59,59000,-0.41729,-0.11463,0.53831,0.00639,-27.79326,-59.70856,87.82322,-0.50075,-0.13755,0.64597,0.00767,-55.58651,-119.41713,175.64644,0,0,0,1
60,60000,-0.28928,-0.28003,0.57470,0.00538,0.42446,-78.09237,77.81709,-0.34714,-0.33604,0.68964,0.00646,0.84892,-156.18475,155.63418,0,0,0,1
61,61000,-0.13161,-0.43278,0.53398,-0.03041,28.12806,-87.70315,59.96310,-0.15793,-0.51934,0.64077,-0.03650,56.25612,-175.40629,119.92620,0,0,0,1
62,62000,0.06644,-0.51120,0.44681,0.00206,52.46103,-89.25690,36.82380,0.07973,-0.61344,0.53617,0.00247,104.92207,-178.51381,73.64759,0,0,0,1
63,63000,0.22640,-0.56242,0.34240,0.00638,72.33471,-81.66760,9.02412,0.27168,-0.67490,0.41088,0.00766,144.66941,-163.33520,18.04825,0,0,0,1
64,64000,0.37749,-0.54433,0.17259,0.00576,85.74385,-67.08764,-18.61263,0.45299,-0.65319,0.20711,0.00691,171.48771,-134.17527,-37.22526,0,0,0,1
65,65000,0.49044,-0.48175,-0.00261,0.00607,90.24303,-45.20709,-44.70317,0.58853,-0.57811,-0.00314,0.00729,180.48606,-90.41419,-89.40633,0,0,0,1
66,66000,0.55573,-0.39195,-0.18665,-0.02287,85.10595,-19.02406,-67.05446,0.66688,-0.47034,-0.22398,-0.02744,170.21191,-38.04812,-134.10892,0,0,0,1
67,67000,0.56316,-0.24339,-0.33533,-0.01556,72.56071,9.39984,-82.20491,0.67580,-0.29207,-0.40240,-0.01867,145.12142,18.79968,-164.40983,0,0,0,1
68,68000,0.50469,-0.07327,-0.45793,-0.02651,52.42681,36.76682,-88.89974,0.60563,-0.08793,-0.54952,-0.03181,104.85362,73.53364,-177.79948,0,0,0,1
69,69000,0.41927,0.10866,-0.53266,-0.00474,27.78044,60.41444,-88.27672,0.50312,0.13039,-0.63920,-0.00568,55.56087,120.82887,-176.55345,0,0,0,1
70,70000,0.29404,0.28958,-0.57965,0.00397,-0.23936,77.96735,-77.40316,0.35285,0.34750,-0.69558,0.00477,-0.47873,155.93470,-154.80632,0,0,0,1
71,71000,0.10952,0.41334,-0.52683,-0.00397,-27.89761,88.04663,-60.04481,0.13142,0.49601,-0.63220,-0.00477,-55.79523,176.09325,-120.08962,0,0,0,1
72,72000,-0.04800,0.51539,-0.44773,0.01966,-52.49945,88.88574,-36.21974,-0.05760,0.61847,-0.53728,0.02359,-104.99889,177.77148,-72.43947,0,0,0,1
73,73000,-0.21810,0.57398,-0.32528,0.03060,-72.37964,82.24770,-9.47444,-0.26172,0.68878,-0.39033,0.03672,-144.75927,164.49540,-18.94888,0,0,0,1
74,74000,-0.36521,0.56702,-0.17319,0.02863,-85.28176,67.01155,19.01666,-0.43825,0.68042,-0.20782,0.03435,-170.56351,134.02310,38.03332,0,0,0,1
75,75000,-0.49430,0.47827,0.01003,-0.00599,-90.14602,45.06383,45.16608,-0.59316,0.57393,0.01204,-0.00719,-180.29204,90.12767,90.33217,0,0,0,1
76,76000,-0.54460,0.36578,0.17874,-0.00008,-85.77417,18.60826,67.13580,-0.65352,0.43894,0.21448,-0.00009,-171.54834,37.21651,134.27160,0,0,0,1
77,77000,-0.55437,0.23728,0.33189,0.01480,-72.78080,-9.65358,82.17007,-0.66525,0.28474,0.39827,0.01776,-145.56160,-19.30716,164.34013,0,0,0,1
78,78000,-0.51971,0.04683,0.45058,-0.02229,-53.06373,-36.51139,89.28635,-0.62365,0.05620,0.54070,-0.02675,-106.12745,-73.02279,178.57270,0,0,0,1
79,79000,-0.42942,-0.10350,0.54642,0.01349,-28.14560,-60.22769,88.21025,-0.51531,-0.12420,0.65570,0.01619,-56.29119,-120.45538,176.42050,0,0,0,1
80,80000,-0.29334,-0.27308,0.56058,-0.00584,-0.25373,-77.38836,78.06119,-0.35200,-0.32769,0.67269,-0.00700,-0.50745,-154.77673,156.12239,0,0,0,1
81,81000,-0.12583,-0.41087,0.54396,0.00725,28.11589,-88.16878,60.36743,-0.15100,-0.49304,0.65275,0.00871,56.23179,-176.33756,120.73486,0,0,0,1
82,82000,0.06602,-0.51440,0.46931,0.02094,52.73252,-89.00103,36.60557,0.07923,-0.61728,0.56318,0.02513,105.46505,-178.00207,73.21113,0,0,0,1
83,83000,0.23605,-0.55631,0.33609,0.01583,72.50903,-82.25227,9.20481,0.28326,-0.66758,0.40331,0.01900,145.01806,-164.50454,18.40962,0,0,0,1
84,84000,0.38744,-0.55142,0.16552,0.00154,85.05423,-66.49119,-18.97632,0.46493,-0.66171,0.19862,0.00185,170.10846,-132.98239,-37.95265,0,0,0,1
85,85000,0.49278,-0.48131,-0.00012,0.01135,90.24208,-45.35454,-44.85033,0.59133,-0.57757,-0.00014,0.01362,180.48417,-90.70908,-89.70067,0,0,0,1
86,86000,0.54861,-0.36954,-0.17402,0.00505,85.15249,-18.94649,-66.88546,0.65833,-0.44345,-0.20882,0.00606,170.30498,-37.89298,-133.77091,0,0,0,1
87,87000,0.56112,-0.24169,-0.33927,-0.01984,72.82745,9.02262,-82.28154,0.67334,-0.29003,-0.40712,-0.02381,145.65489,18.04524,-164.56308,0,0,0,1
88,88000,0.52259,-0.07213,-0.47155,-0.02109,52.85067,36.52877,-89.34627,0.62710,-0.08655,-0.56586,-0.02531,105.70134,73.05754,-178.69253,0,0,0,1
89,89000,0.42639,0.12892,-0.54754,0.00777,27.88358,59.84535,-88.02698,0.51166,0.15470,-0.65705,0.00932,55.76716,119.69070,-176.05396,0,0,0,1
90,90000,0.26925,0.28367,-0.55338,-0.00047,-0.33720,77.51760,-77.46404,0.32310,0.34040,-0.66406,-0.00056,-0.67440,155.03519,-154.92809,0,0,0,1
91,91000,0.11961,0.42981,-0.52637,0.02305,-27.67679,87.54277,-60.03188,0.14354,0.51577,-0.63165,0.02766,-55.35357,175.08555,-120.06377,0,0,0,1
92,92000,-0.07136,0.51188,-0.46415,-0.02364,-52.76762,89.41522,-36.26525,-0.08564,0.61425,-0.55698,-0.02837,-105.53524,178.83045,-72.53049,0,0,0,1
93,93000,-0.21904,0.56417,-0.33411,0.01102,-72.46419,81.83607,-9.50599,-0.26285,0.67700,-0.40093,0.01322,-144.92838,163.67213,-19.01199,0,0,0,1
94,94000,-0.38644,0.56040,-0.16540,0.00856,-85.80251,67.16564,18.36224,-0.46373,0.67249,-0.19848,0.01028,-171.60502,134.33128,36.72448,0,0,0,1
95,95000,-0.48748,0.48043,0.01266,0.00562,-90.24251,44.65061,44.55479,-0.58497,0.57652,0.01520,0.00674,-180.48503,89.30122,89.10958,0,0,0,1
96,96000,-0.56355,0.38389,0.17172,-0.00794,-85.53438,19.09217,67.12702,-0.67625,0.46067,0.20606,-0.00952,-171.06876,38.18434,134.25404,0,0,0,1
97,97000,-0.55411,0.24287,0.34110,0.02987,-72.68813,-9.54343,82.26706,-0.66493,0.29145,0.40932,0.03584,-145.37626,-19.08687,164.53412,0,0,0,1
98,98000,-0.51899,0.04711,0.46786,-0.00401,-52.75496,-36.35725,89.58105,-0.62278,0.05653,0.56143,-0.00482,-105.50993,-72.71451,179.16211,0,0,0,1
99,99000,-0.42765,-0.11846,0.54400,-0.00212,-27.55684,-60.04029,87.93333,-0.51318,-0.14216,0.65279,-0.00254,-55.11368,-120.08057,175.86666,0,0,0,1
100,100000,-0.27551,-0.28622,0.57905,0.01731,0.13112,-78.02277,77.57428,-0.33062,-0.34347,0.69486,0.02077,0.26224,-156.04554,155.14856,0,0,0,1
101,101000,-0.12185,-0.43334,0.54802,-0.00716,27.53274,-88.02782,59.89704,-0.14622,-0.52001,0.65763,-0.00860,55.06548,-176.05564,119.79408,0,0,0,1
102,102000,0.06671,-0.52128,0.45741,0.00284,52.65889,-89.53906,36.35220,0.08005,-0.62554,0.54889,0.00340,105.31778,-179.07812,72.70441,0,0,0,1
103,103000,0.22657,-0.54984,0.34536,0.02208,72.87469,-82.48739,9.04021,0.27188,-0.65981,0.41443,0.02650,145.74937,-164.97478,18.08041,0,0,0,1
104,104000,0.38549,-0.55082,0.16322,-0.00211,85.75708,-66.37887,-18.31369,0.46259,-0.66098,0.19586,-0.00253,171.51415,-132.75774,-36.62738,0,0,0,1
105,105000,0.49752,-0.48471,0.00383,0.01664,89.61629,-45.15008,-45.06417,0.59702,-0.58165,0.00459,0.01996,179.23258,-90.30016,-90.12835,0,0,0,1
106,106000,0.55611,-0.36580,-0.17279,0.01751,85.40397,-18.44122,-66.55837,0.66733,-0.43896,-0.20735,0.02101,170.80794,-36.88243,-133.11673,0,0,0,1
107,107000,0.57308,-0.22712,-0.32850,0.01747,72.42646,8.97974,-81.92970,0.68770,-0.27254,-0.39420,0.02096,144.85291,17.95949,-163.85940,0,0,0,1
108,108000,0.52318,-0.05193,-0.47023,0.00102,53.16430,36.70912,-89.62104,0.62782,-0.06232,-0.56428,0.00122,106.32859,73.41823,-179.24208,0,0,0,1
109,109000,0.40790,0.11143,-0.53837,-0.01904,27.54554,60.26681,-87.76253,0.48948,0.13372,-0.64604,-0.02285,55.09109,120.53362,-175.52506,0,0,0,1
110,110000,0.28101,0.27640,-0.57796,-0.02054,0.20521,77.45823,-77.92766,0.33722,0.33168,-0.69355,-0.02465,0.41042,154.91645,-155.85531,0,0,0,1
111,111000,0.12384,0.43161,-0.55106,0.00439,-27.47540,87.49871,-60.15962,0.14861,0.51793,-0.66127,0.00527,-54.95081,174.99742,-120.31923,0,0,0,1
112,112000,-0.04613,0.51395,-0.46222,0.00560,-52.35848,89.48579,-36.18148,-0.05535,0.61674,-0.55467,0.00672,-104.71696,178.97158,-72.36296,0,0,0,1
113,113000,-0.23291,0.55174,-0.34454,-0.02571,-72.41820,81.88414,-9.70075,-0.27949,0.66209,-0.41345,-0.03085,-144.83640,163.76828,-19.40150,0,0,0,1
114,114000,-0.38159,0.55266,-0.18093,-0.00985,-85.38778,66.48726,18.97318,-0.45791,0.66319,-0.21711,-0.01182,-170.77556,132.97451,37.94635,0,0,0,1
115,115000,-0.50187,0.49024,-0.00302,-0.01464,-89.57268,45.22531,44.90901,-0.60224,0.58829,-0.00362,-0.01757,-179.14537,90.45061,89.81801,0,0,0,1
116,116000,-0.56556,0.37136,0.18864,-0.00556,-85.46992,19.06175,66.86706,-0.67867,0.44563,0.22636,-0.00667,-170.93985,38.12350,133.73413,0,0,0,1
117,117000,-0.55196,0.22257,0.32801,-0.00139,-73.08260,-9.81388,81.71244,-0.66235,0.26708,0.39361,-0.00166,-146.16520,-19.62776,163.42489,0,0,0,1
118,118000,-0.51522,0.06092,0.45728,0.00298,-53.07419,-36.51231,89.75272,-0.61827,0.07311,0.54873,0.00357,-106.14839,-73.02461,179.50545,0,0,0,1
119,119000,-0.41488,-0.11173,0.52849,0.00188,-27.96088,-60.17768,87.82499,-0.49786,-0.13408,0.63419,0.00225,-55.92175,-120.35537,175.64998,0,0,0,1
120,120000,-0.29192,-0.26948,0.57297,0.01157,0.41426,-77.68169,78.04266,-0.35031,-0.32337,0.68756,0.01388,0.82851,-155.36339,156.08531,0,0,0,1
121,121000,-0.12879,-0.42370,0.54378,-0.00871,27.59467,-87.50000,60.08528,-0.15455,-0.50844,0.65254,-0.01045,55.18935,-175.00001,120.17056,0,0,0,1
122,122000,0.05428,-0.51672,0.47112,0.00867,52.94070,-89.51084,36.33375,0.06513,-0.62006,0.56534,0.01041,105.88141,-179.02168,72.66750,0,0,0,1
123,123000,0.22159,-0.57663,0.33766,-0.01738,72.40967,-81.92817,9.71573,0.26591,-0.69196,0.40520,-0.02085,144.81935,-163.85634,19.43147,0,0,0,1
124,124000,0.38703,-0.55700,0.16785,-0.00212,85.65747,-66.31729,-18.30882,0.46444,-0.66840,0.20142,-0.00254,171.31493,-132.63457,-36.61763,0,0,0,1
125,125000,0.47585,-0.48060,-0.00819,-0.01293,89.44482,-45.08805,-44.64289,0.57102,-0.57672,-0.00982,-0.01552,178.88965,-90.17610,-89.28578,0,0,0,1
126,126000,0.55296,-0.37638,-0.17207,0.00451,85.72578,-18.41229,-66.69719,0.66355,-0.45166,-0.20648,0.00541,171.45156,-36.82459,-133.39437,0,0,0,1
127,127000,0.57449,-0.23521,-0.34156,-0.00229,72.78903,9.50996,-82.39117,0.68939,-0.28226,-0.40987,-0.00274,145.57805,19.01992,-164.78235,0,0,0,1
128,128000,0.52832,-0.04959,-0.46910,0.00963,52.41568,36.97970,-89.22542,0.63398,-0.05951,-0.56292,0.01155,104.83135,73.95941,-178.45084,0,0,0,1
129,129000,0.41227,0.10823,-0.53234,-0.01183,27.73689,60.44589,-88.16702,0.49473,0.12988,-0.63881,-0.01420,55.47377,120.89178,-176.33404,0,0,0,1
130,130000,0.27648,0.27223,-0.55893,-0.01022,0.36334,77.67667,-77.46920,0.33178,0.32667,-0.67072,-0.01226,0.72668,155.35334,-154.93840,0,0,0,1
131,131000,0.11195,0.43221,-0.54062,0.00354,-27.79766,87.71144,-60.05412,0.13434,0.51865,-0.64875,0.00425,-55.59531,175.42287,-120.10823,0,0,0,1
132,132000,-0.06589,0.51596,-0.45985,-0.00979,-52.36808,89.53891,-36.55643,-0.07907,0.61915,-0.55182,-0.01175,-104.73616,179.07783,-73.11287,0,0,0,1
133,133000,-0.23840,0.55426,-0.33174,-0.01588,-72.61199,82.06260,-9.80410,-0.28608,0.66511,-0.39809,-0.01905,-145.22397,164.12520,-19.60819,0,0,0,1
134,134000,-0.38531,0.54199,-0.17857,-0.02189,-85.62112,66.43429,18.81760,-0.46237,0.65039,-0.21428,-0.02627,-171.24224,132.86859,37.63520,0,0,0,1
135,135000,-0.49586,0.50004,-0.01266,-0.00848,-89.49118,44.60912,44.54087,-0.59503,0.60005,-0.01519,-0.01017,-178.98236,89.21824,89.08175,0,0,0,1
136,136000,-0.54170,0.39002,0.16833,0.01665,-85.29986,18.86479,66.31310,-0.65004,0.46803,0.20200,0.01999,-170.59972,37.72958,132.62620,0,0,0,1
137,137000,-0.55773,0.24171,0.33778,0.02177,-72.58451,-9.57989,82.48748,-0.66927,0.29005,0.40534,0.02612,-145.16902,-19.15978,164.97496,0,0,0,1
138,138000,-0.52287,0.06903,0.46037,0.00653,-52.80762,-36.32641,88.89172,-0.62744,0.08283,0.55244,0.00783,-105.61524,-72.65283,177.78344,0,0,0,1
139,139000,-0.42111,-0.11825,0.52634,-0.01303,-27.62506,-60.49876,87.95953,-0.50533,-0.14190,0.63161,-0.01563,-55.25013,-120.99752,175.91906,0,0,0,1
140,140000,-0.29635,-0.29451,0.57449,-0.01636,-0.17256,-77.60857,77.59879,-0.35562,-0.35341,0.68939,-0.01963,-0.34512,-155.21714,155.19758,0,0,0,1
141,141000,-0.12533,-0.40903,0.53597,0.00161,27.74818,-87.43076,59.85521,-0.15039,-0.49083,0.64316,0.00194,55.49635,-174.86152,119.71043,0,0,0,1
142,142000,0.06759,-0.51836,0.46963,0.01886,52.58333,-89.30022,36.72805,0.08111,-0.62203,0.56355,0.02263,105.16666,-178.60044,73.45610,0,0,0,1
143,143000,0.22235,-0.56949,0.33056,-0.01657,72.86515,-81.93300,9.77877,0.26682,-0.68338,0.39668,-0.01989,145.73030,-163.86600,19.55754,0,0,0,1
144,144000,0.39129,-0.54625,0.18872,0.03377,85.75666,-66.35281,-18.32020,0.46955,-0.65550,0.22647,0.04052,171.51331,-132.70561,-36.64041,0,0,0,1
145,145000,0.48186,-0.48157,0.00185,0.00214,89.65810,-44.46143,-45.06794,0.57823,-0.57788,0.00222,0.00256,179.31621,-88.92285,-90.13588,0,0,0,1
146,146000,0.56719,-0.38821,-0.18335,-0.00436,85.28518,-18.42405,-67.08683,0.68063,-0.46585,-0.22001,-0.00524,170.57036,-36.84810,-134.17365,0,0,0,1
147,147000,0.55205,-0.23638,-0.32688,-0.01121,73.01831,9.51590,-82.44340,0.66246,-0.28365,-0.39226,-0.01345,146.03662,19.03181,-164.88680,0,0,0,1
148,148000,0.52361,-0.06763,-0.44783,0.00816,52.96133,36.83648,-89.45911,0.62834,-0.08115,-0.53739,0.00979,105.92266,73.67296,-178.91823,0,0,0,1
149,149000,0.42199,0.10406,-0.54079,-0.01475,27.70646,60.27674,-87.82059,0.50639,0.12487,-0.64895,-0.01769,55.41293,120.55348,-175.64119,0,0,0,1
150,150000,0.27088,0.27813,-0.57745,-0.02844,-0.29864,78.13484,-77.80758,0.32505,0.33376,-0.69293,-0.03412,-0.59727,156.26968,-155.61516,0,0,0,1
151,151000,0.11033,0.42118,-0.52824,0.00326,-27.42307,87.68380,-60.14963,0.13239,0.50541,-0.63389,0.00391,-54.84615,175.36760,-120.29927,0,0,0,1
152,152000,-0.04888,0.51084,-0.46062,0.00135,-52.45980,88.91107,-36.08967,-0.05866,0.61301,-0.55274,0.00161,-104.91961,177.82215,-72.17935,0,0,0,1
153,153000,-0.22721,0.54860,-0.32062,0.00076,-72.88838,81.97989,-8.98717,-0.27265,0.65832,-0.38475,0.00091,-145.77675,163.95979,-17.97434,0,0,0,1
154,154000,-0.37001,0.54371,-0.17455,-0.00085,-85.83912,66.76957,19.11254,-0.44401,0.65245,-0.20946,-0.00102,-171.67824,133.53915,38.22508,0,0,0,1
155,155000,-0.47888,0.49172,0.00921,0.02206,-89.67466,44.87706,45.25379,-0.57465,0.59007,0.01106,0.02647,-179.34933,89.75411,90.50759,0,0,0,1
156,156000,-0.54476,0.37462,0.16193,-0.00821,-85.04094,18.57003,66.94128,-0.65372,0.44954,0.19432,-0.00985,-170.08189,37.14005,133.88257,0,0,0,1
157,157000,-0.55414,0.21708,0.33219,-0.00488,-72.89909,-9.55226,81.73145,-0.66497,0.26049,0.39862,-0.00585,-145.79817,-19.10452,163.46290,0,0,0,1
158,158000,-0.51632,0.06620,0.44518,-0.00494,-52.82584,-36.10231,89.19949,-0.61958,0.07944,0.53422,-0.00593,-105.65168,-72.20462,178.39898,0,0,0,1
159,159000,-0.41131,-0.12202,0.54433,0.01099,-27.87610,-59.93321,87.63611,-0.49358,-0.14642,0.65319,0.01319,-55.75220,-119.86643,175.27223,0,0,0,1
160,160000,-0.29450,-0.28372,0.56683,-0.01139,0.11999,-77.36876,77.64833,-0.35340,-0.34047,0.68019,-0.01367,0.23998,-154.73752,155.29666,0,0,0,1
161,161000,-0.12045,-0.43341,0.52409,-0.02977,27.71474,-87.55596,60.14548,-0.14454,-0.52009,0.62891,-0.03572,55.42949,-175.11192,120.29096,0,0,0,1
162,162000,0.05656,-0.52765,0.45362,-0.01746,52.68535,-89.70515,36.58322,0.06787,-0.63318,0.54435,-0.02096,105.37070,-179.41031,73.16645,0,0,0,1
163,163000,0.23786,-0.55531,0.34227,0.02482,72.97639,-81.78637,9.10962,0.28544,-0.66637,0.41073,0.02979,145.95279,-163.57274,18.21924,0,0,0,1
164,164000,0.38789,-0.55521,0.16992,0.00261,85.04462,-67.09435,-18.64215,0.46547,-0.66625,0.20391,0.00313,170.08923,-134.18870,-37.28430,0,0,0,1
165,165000,0.47761,-0.49242,0.00999,-0.00482,89.78343,-44.52457,-44.57821,0.57313,-0.59090,0.01198,-0.00578,179.56686,-89.04914,-89.15642,0,0,0,1
166,166000,0.55163,-0.38876,-0.18438,-0.02150,85.63528,-18.54585,-66.88376,0.66196,-0.46651,-0.22125,-0.02580,171.27056,-37.09170,-133.76753,0,0,0,1
167,167000,0.55614,-0.22484,-0.33216,-0.00085,72.96591,9.49759,-81.87034,0.66737,-0.26981,-0.39859,-0.00103,145.93183,18.99519,-163.74069,0,0,0,1
168,168000,0.51431,-0.04639,-0.47062,-0.00270,52.54974,36.18486,-89.60216,0.61717,-0.05567,-0.56475,-0.00324,105.09948,72.36972,-179.20432,0,0,0,1
169,169000,0.41403,0.10943,-0.54838,-0.02492,28.09078,60.15113,-87.47802,0.49684,0.13131,-0.65806,-0.02991,56.18155,120.30227,-174.95604,0,0,0,1
170,170000,0.28061,0.28523,-0.56862,-0.00279,-0.15735,77.61795,-77.77110,0.33673,0.34227,-0.68234,-0.00334,-0.31471,155.23590,-155.54220,0,0,0,1
171,171000,0.11414,0.41514,-0.54238,-0.01310,-27.59235,88.07308,-59.82585,0.13696,0.49817,-0.65086,-0.01572,-55.18470,176.14616,-119.65170,0,0,0,1
172,172000,-0.06351,0.51949,-0.46300,-0.00702,-52.35471,89.73990,-36.26313,-0.07621,0.62339,-0.55560,-0.00842,-104.70942,179.47980,-72.52626,0,0,0,1
173,173000,-0.23237,0.55062,-0.33670,-0.01844,-72.77970,81.69291,-9.24613,-0.27884,0.66075,-0.40404,-0.02213,-145.55939,163.38582,-18.49225,0,0,0,1
174,174000,-0.37242,0.55158,-0.16797,0.01119,-85.86678,66.77622,18.32454,-0.44690,0.66190,-0.20157,0.01343,-171.73357,133.55244,36.64908,0,0,0,1
175,175000,-0.50040,0.49360,0.00636,-0.00044,-89.81826,44.95420,44.62946,-0.60048,0.59232,0.00763,-0.00053,-179.63652,89.90839,89.25892,0,0,0,1
176,176000,-0.56526,0.38907,0.17407,-0.00211,-85.62229,18.95186,66.95700,-0.67831,0.46688,0.20888,-0.00254,-171.24458,37.90372,133.91401,0,0,0,1
177,177000,-0.55456,0.24087,0.32397,0.01028,-72.99915,-9.20202,82.19906,-0.66547,0.28905,0.38876,0.01234,-145.99829,-18.40403,164.39812,0,0,0,1
178,178000,-0.52906,0.05343,0.45440,-0.02122,-53.22163,-36.92796,89.22481,-0.63487,0.06412,0.54528,-0.02547,-106.44326,-73.85593,178.44962,0,0,0,1
179,179000,-0.42611,-0.12140,0.53908,-0.00842,-28.19031,-60.28684,88.05443,-0.51133,-0.14568,0.64690,-0.01011,-56.38063,-120.57367,176.10885,0,0,0,1
180,180000,-0.26955,-0.29671,0.55302,-0.01324,0.29449,-77.62358,77.54762,-0.32346,-0.35605,0.66363,-0.01589,0.58898,-155.24717,155.09525,0,0,0,1
181,181000,-0.10957,-0.42741,0.52742,-0.00956,28.15258,-87.86544,60.50151,-0.13149,-0.51289,0.63290,-0.01148,56.30515,-175.73089,121.00302,0,0,0,1
182,182000,0.06786,-0.51341,0.45790,0.01236,52.71751,-89.53249,36.67762,0.08144,-0.61609,0.54948,0.01483,105.43503,-179.06497,73.35524,0,0,0,1
183,183000,0.22517,-0.54889,0.31901,-0.00471,72.74829,-82.44818,8.95599,0.27021,-0.65867,0.38281,-0.00565,145.49658,-164.89635,17.91199,0,0,0,1
184,184000,0.38464,-0.55565,0.17310,0.00210,85.72979,-66.75962,-18.46592,0.46157,-0.66678,0.20773,0.00252,171.45958,-133.51923,-36.93185,0,0,0,1
185,185000,0.48491,-0.49619,0.00044,-0.01083,90.00109,-45.15431,-44.86563,0.58189,-0.59542,0.00053,-0.01300,180.00217,-90.30863,-89.73127,0,0,0,1
186,186000,0.55882,-0.38536,-0.17340,0.00006,85.37738,-19.04800,-66.85044,0.67059,-0.46243,-0.20808,0.00007,170.75477,-38.09600,-133.70087,0,0,0,1
187,187000,0.57001,-0.23508,-0.34489,-0.00997,73.07270,9.67633,-82.07601,0.68401,-0.28210,-0.41387,-0.01196,146.14540,19.35266,-164.15201,0,0,0,1
188,188000,0.52164,-0.04894,-0.46362,0.00908,52.62593,36.85519,-89.39611,0.62597,-0.05873,-0.55634,0.01090,105.25186,73.71039,-178.79223,0,0,0,1
189,189000,0.41185,0.11246,-0.53504,-0.01072,27.93156,60.28167,-88.10056,0.49423,0.13495,-0.64205,-0.01287,55.86312,120.56334,-176.20111,0,0,0,1
190,190000,0.28174,0.27439,-0.56898,-0.01284,0.44307,77.82953,-77.78833,0.33809,0.32927,-0.68277,-0.01541,0.88615,155.65905,-155.57666,0,0,0,1
191,191000,0.12159,0.42164,-0.53807,0.00516,-27.71679,87.63253,-60.24807,0.14591,0.50597,-0.64568,0.00619,-55.43359,175.26505,-120.49614,0,0,0,1
192,192000,-0.06300,0.52098,-0.44719,0.01078,-52.91765,89.00965,-36.17453,-0.07560,0.62517,-0.53663,0.01294,-105.83531,178.01929,-72.34907,0,0,0,1
193,193000,-0.22608,0.56041,-0.33890,-0.00458,-72.68913,82.19505,-9.60694,-0.27130,0.67249,-0.40668,-0.00549,-145.37827,164.39010,-19.21387,0,0,0,1
194,194000,-0.39160,0.56363,-0.16308,0.00895,-85.12800,67.05057,18.85660,-0.46992,0.67635,-0.19570,0.01074,-170.25600,134.10114,37.71320,0,0,0,1
195,195000,-0.49509,0.47896,0.00128,-0.01486,-89.98231,44.95716,44.52015,-0.59411,0.57475,0.00153,-0.01783,-179.96463,89.91431,89.04030,0,0,0,1
196,196000,-0.54035,0.36481,0.18667,0.01113,-85.02128,18.44726,66.85049,-0.64842,0.43778,0.22400,0.01336,-170.04257,36.89451,133.70099,0,0,0,1
197,197000,-0.54921,0.23512,0.32318,0.00909,-72.99943,-9.56016,82.15512,-0.65905,0.28214,0.38782,0.01091,-145.99886,-19.12032,164.31024,0,0,0,1
198,198000,-0.51256,0.04887,0.44838,-0.01531,-52.70948,-36.93615,89.28739,-0.61507,0.05864,0.53806,-0.01837,-105.41896,-73.87230,178.57478,0,0,0,1
199,199000,-0.41420,-0.10870,0.54945,0.02655,-27.91311,-59.99669,88.29741,-0.49704,-0.13044,0.65934,0.03186,-55.82623,-119.99337,176.59482,0,0,0,1
200,200000,-0.27329,-0.27649,0.57178,0.02200,-0.33787,-77.70498,77.55907,-0.32795,-0.33179,0.68614,0.02640,-0.67574,-155.40995,155.11815,0,0,0,1
201,201000,-0.11239,-0.40662,0.53643,0.01742,28.07962,-87.44600,60.33597,-0.13487,-0.48795,0.64371,0.02090,56.15925,-174.89201,120.67193,0,0,0,1
202,202000,0.04804,-0.52786,0.46377,-0.01605,53.14505,-89.51138,36.51353,0.05765,-0.63343,0.55652,-0.01926,106.29011,-179.02277,73.02706,0,0,0,1
203,203000,0.23174,-0.57436,0.32002,-0.02260,72.45192,-82.41667,9.19983,0.27809,-0.68924,0.38403,-0.02712,144.90384,-164.83334,18.39966,0,0,0,1
204,204000,0.37485,-0.56470,0.18223,-0.00761,85.13194,-67.01562,-18.58770,0.44982,-0.67764,0.21868,-0.00914,170.26388,-134.03123,-37.17539,0,0,0,1
205,205000,0.48460,-0.48542,0.00564,0.00482,89.66611,-44.68155,-44.50701,0.58152,-0.58250,0.00677,0.00579,179.33222,-89.36310,-89.01402,0,0,0,1
206,206000,0.56513,-0.38183,-0.17736,0.00594,85.16328,-18.92034,-67.12145,0.67816,-0.45820,-0.21283,0.00713,170.32656,-37.84069,-134.24289,0,0,0,1
207,207000,0.57450,-0.21922,-0.32824,0.02704,72.63030,9.29555,-82.32321,0.68940,-0.26306,-0.39389,0.03245,145.26060,18.59110,-164.64643,0,0,0,1
208,208000,0.51411,-0.04510,-0.45743,0.01158,52.64348,36.10998,-89.05873,0.61693,-0.05412,-0.54892,0.01390,105.28696,72.21996,-178.11747,0,0,0,1
209,209000,0.40766,0.11221,-0.53271,-0.01285,27.81006,60.31807,-87.60739,0.48919,0.13465,-0.63926,-0.01542,55.62012,120.63614,-175.21478,0,0,0,1
210,210000,0.29662,0.29038,-0.57924,0.00776,-0.36779,78.07412,-77.59741,0.35595,0.34846,-0.69509,0.00932,-0.73559,156.14824,-155.19483,0,0,0,1
211,211000,0.13052,0.42710,-0.52701,0.03062,-27.82686,87.96888,-60.48036,0.15662,0.51252,-0.63241,0.03674,-55.65373,175.93775,-120.96072,0,0,0,1
212,212000,-0.06142,0.50699,-0.44668,-0.00111,-52.65796,89.25814,-36.48552,-0.07371,0.60838,-0.53601,-0.00133,-105.31591,178.51628,-72.97104,0,0,0,1
213,213000,-0.24396,0.55909,-0.32870,-0.01358,-72.94395,81.73934,-8.95176,-0.29275,0.67090,-0.39444,-0.01629,-145.88791,163.47869,-17.90352,0,0,0,1
214,214000,-0.38300,0.56392,-0.17463,0.00629,-85.40044,67.13152,18.64070,-0.45960,0.67671,-0.20956,0.00754,-170.80088,134.26304,37.28140,0,0,0,1
215,215000,-0.48413,0.48276,0.00331,0.00195,-89.93366,45.31960,45.04983,-0.58096,0.57931,0.00398,0.00233,-179.86731,90.63919,90.09966,0,0,0,1
216,216000,-0.55696,0.36554,0.16241,-0.02901,-85.04344,18.25782,66.49287,-0.66835,0.43864,0.19490,-0.03481,-170.08688,36.51564,132.98574,0,0,0,1
217,217000,-0.56494,0.23937,0.33984,0.01427,-72.35324,-9.57060,81.78445,-0.67793,0.28724,0.40781,0.01712,-144.70647,-19.14120,163.56891,0,0,0,1
218,218000,-0.51724,0.04573,0.45724,-0.01426,-52.37270,-36.15967,89.72431,-0.62068,0.05488,0.54869,-0.01712,-104.74540,-72.31935,179.44863,0,0,0,1
219,219000,-0.42989,-0.11246,0.53356,-0.00879,-27.43747,-59.88962,88.02418,-0.51587,-0.13495,0.64027,-0.01054,-54.87493,-119.77924,176.04836,0,0,0,1
220,220000,-0.28718,-0.27575,0.56591,0.00299,0.04180,-77.88151,78.21339,-0.34461,-0.33090,0.67910,0.00359,0.08360,-155.76302,156.42677,0,0,0,1
221,221000,-0.12293,-0.41096,0.55214,0.01825,27.86808,-87.70786,60.50752,-0.14752,-0.49315,0.66256,0.02189,55.73617,-175.41572,121.01504,0,0,0,1
222,222000,0.04528,-0.51873,0.47161,-0.00183,52.93723,-89.75804,36.75009,0.05434,-0.62247,0.56593,-0.00220,105.87446,-179.51608,73.50017,0,0,0,1
223,223000,0.23951,-0.56758,0.32388,-0.00420,72.91202,-81.62852,9.73059,0.28741,-0.68109,0.38865,-0.00504,145.82403,-163.25703,19.46118,0,0,0,1
224,224000,0.37458,-0.54961,0.18303,0.00800,85.80295,-67.00516,-18.95323,0.44949,-0.65953,0.21964,0.00961,171.60589,-134.01033,-37.90646,0,0,0,1
225,225000,0.48673,-0.47962,-0.00351,0.00360,89.46006,-45.21694,-44.95912,0.58408,-0.57555,-0.00421,0.00432,178.92011,-90.43388,-89.91825,0,0,0,1
226,226000,0.54903,-0.36836,-0.18170,-0.00104,85.64961,-18.91599,-66.91078,0.65883,-0.44204,-0.21804,-0.00125,171.29922,-37.83199,-133.82156,0,0,0,1
227,227000,0.56527,-0.23829,-0.33902,-0.01204,72.76205,9.32985,-82.04108,0.67832,-0.28595,-0.40683,-0.01445,145.52410,18.65970,-164.08216,0,0,0,1
228,228000,0.50749,-0.06910,-0.46536,-0.02698,53.16027,36.85812,-89.13717,0.60898,-0.08292,-0.55844,-0.03238,106.32054,73.71623,-178.27433,0,0,0,1
229,229000,0.42270,0.10754,-0.52611,0.00413,27.77987,60.54195,-88.09484,0.50724,0.12905,-0.63133,0.00496,55.55974,121.08390,-176.18967,0,0,0,1
230,230000,0.27898,0.27569,-0.56614,-0.01147,-0.08993,77.65494,-77.64962,0.33478,0.33083,-0.67937,-0.01376,-0.17985,155.30987,-155.29924,0,0,0,1
231,231000,0.11888,0.42281,-0.53271,0.00897,-27.38953,87.59577,-59.93412,0.14265,0.50737,-0.63925,0.01077,-54.77907,175.19155,-119.86824,0,0,0,1
232,232000,-0.07145,0.52619,-0.44972,0.00502,-53.23742,88.90928,-36.70030,-0.08574,0.63143,-0.53966,0.00603,-106.47483,177.81856,-73.40060,0,0,0,1
233,233000,-0.23545,0.55239,-0.33966,-0.02272,-73.00575,82.37267,-9.77616,-0.28254,0.66287,-0.40760,-0.02726,-146.01151,164.74535,-19.55232,0,0,0,1
234,234000,-0.37475,0.54110,-0.18612,-0.01977,-85.57676,67.08225,19.06292,-0.44970,0.64932,-0.22334,-0.02372,-171.15351,134.16449,38.12585,0,0,0,1
235,235000,-0.48363,0.48441,0.00853,0.00931,-89.98162,45.34038,45.05875,-0.58035,0.58129,0.01023,0.01117,-179.96323,90.68076,90.11751,0,0,0,1
236,236000,-0.55125,0.38237,0.17178,0.00290,-85.28735,19.05417,66.78367,-0.66150,0.45884,0.20614,0.00349,-170.57470,38.10834,133.56734,0,0,0,1
237,237000,-0.55343,0.22263,0.31898,-0.01182,-72.78906,-9.23208,81.81246,-0.66412,0.26715,0.38278,-0.01418,-145.57812,-18.46416,163.62491,0,0,0,1
238,238000,-0.51196,0.06321,0.46651,0.01776,-53.05601,-36.22286,89.23784,-0.61435,0.07586,0.55981,0.02132,-106.11203,-72.44572,178.47568,0,0,0,1
239,239000,-0.42999,-0.12623,0.52606,-0.03016,-27.55174,-59.65233,87.61760,-0.51599,-0.15147,0.63127,-0.03619,-55.10348,-119.30466,175.23520,0,0,0,1
240,240000,-0.27893,-0.28284,0.56388,0.00212,0.31229,-77.52450,77.56288,-0.33471,-0.33940,0.67665,0.00254,0.62457,-155.04900,155.12577,0,0,0,1
241,241000,-0.10638,-0.40680,0.54949,0.03631,27.89268,-87.80468,60.23391,-0.12765,-0.48816,0.65939,0.04358,55.78535,-175.60936,120.46783,0,0,0,1
242,242000,0.05436,-0.50440,0.44508,-0.00497,53.21686,-89.49618,36.21382,0.06523,-0.60528,0.53409,-0.00596,106.43371,-178.99236,72.42765,0,0,0,1
243,243000,0.23297,-0.56646,0.32207,-0.01142,72.33882,-82.38166,9.04092,0.27957,-0.67975,0.38649,-0.01370,144.67763,-164.76332,18.08185,0,0,0,1
244,244000,0.36963,-0.54966,0.17642,-0.00361,85.21544,-66.82585,-19.11258,0.44356,-0.65959,0.21170,-0.00433,170.43087,-133.65171,-38.22516,0,0,0,1
245,245000,0.50041,-0.48856,-0.00973,0.00212,90.19111,-44.49246,-44.69140,0.60049,-0.58627,-0.01167,0.00254,180.38222,-88.98491,-89.38280,0,0,0,1
246,246000,0.55267,-0.37087,-0.16805,0.01375,85.64674,-18.44884,-66.39218,0.66320,-0.44505,-0.20166,0.01650,171.29349,-36.89769,-132.78436,0,0,0,1
247,247000,0.57553,-0.22690,-0.34173,0.00691,72.45153,9.67579,-81.76618,0.69064,-0.27228,-0.41007,0.00829,144.90305,19.35158,-163.53237,0,0,0,1
248,248000,0.50521,-0.04618,-0.46035,-0.00132,52.70206,36.27581,-89.22665,0.60626,-0.05542,-0.55241,-0.00158,105.40411,72.55162,-178.45330,0,0,0,1
249,249000,0.43093,0.10831,-0.54295,-0.00371,27.87604,60.42894,-88.02704,0.51712,0.12997,-0.65154,-0.00446,55.75207,120.85789,-176.05409,0,0,0,1
250,250000,0.27835,0.29181,-0.57037,-0.00021,0.10250,77.43585,-78.06362,0.33402,0.35017,-0.68444,-0.00025,0.20500,154.87169,-156.12724,0,0,0,1
251,251000,0.12872,0.43135,-0.54272,0.01734,-27.97497,87.90605,-59.82094,0.15446,0.51761,-0.65127,0.02081,-55.94995,175.81211,-119.64187,0,0,0,1
252,252000,-0.06288,0.52432,-0.46621,-0.00477,-52.47658,89.65527,-36.56442,-0.07545,0.62919,-0.55945,-0.00572,-104.95315,179.31054,-73.12885,0,0,0,1
253,253000,-0.21812,0.57324,-0.32273,0.03239,-72.97020,81.70074,-9.10695,-0.26175,0.68789,-0.38728,0.03887,-145.94039,163.40148,-18.21390,0,0,0,1
254,254000,-0.37726,0.55225,-0.17096,0.00403,-85.38807,67.13680,18.52896,-0.45271,0.66270,-0.20516,0.00483,-170.77614,134.27359,37.05793,0,0,0,1
255,255000,-0.47942,0.49460,0.01394,0.02911,-89.89586,45.31426,44.46073,-0.57531,0.59352,0.01672,0.03493,-179.79171,90.62853,88.92147,0,0,0,1
256,256000,-0.55354,0.36668,0.17374,-0.01312,-85.36822,19.07100,66.92742,-0.66424,0.44001,0.20848,-0.01575,-170.73643,38.14199,133.85484,0,0,0,1
257,257000,-0.57578,0.24334,0.33240,-0.00004,-72.68477,-9.22131,82.20906,-0.69093,0.29201,0.39888,-0.00004,-145.36954,-18.44261,164.41811,0,0,0,1
258,258000,-0.52988,0.07273,0.44946,-0.00769,-52.51857,-36.46700,89.23399,-0.63586,0.08727,0.53936,-0.00923,-105.03713,-72.93401,178.46798,0,0,0,1
259,259000,-0.43070,-0.11744,0.53772,-0.01043,-28.13451,-60.34160,87.45726,-0.51684,-0.14093,0.64526,-0.01251,-56.26902,-120.68320,174.91452,0,0,0,1
260,260000,-0.29221,-0.27171,0.56825,0.00432,-0.00744,-77.65977,77.58275,-0.35066,-0.32606,0.68190,0.00518,-0.01488,-155.31953,155.16551,0,0,0,1
261,261000,-0.12529,-0.41554,0.53733,-0.00350,27.90087,-88.27798,60.31336,-0.15035,-0.49865,0.64480,-0.00420,55.80175,-176.55596,120.62671,0,0,0,1
262,262000,0.05762,-0.51455,0.46590,0.00898,52.34662,-89.72227,36.56049,0.06914,-0.61745,0.55909,0.01077,104.69324,-179.44454,73.12098,0,0,0,1
263,263000,0.24022,-0.56536,0.33859,0.01346,72.62643,-81.87435,9.65346,0.28827,-0.67843,0.40631,0.01615,145.25285,-163.74871,19.30693,0,0,0,1
264,264000,0.38166,-0.55240,0.16641,-0.00434,85.79720,-66.58907,-18.54621,0.45799,-0.66289,0.19969,-0.00521,171.59440,-133.17815,-37.09242,0,0,0,1
265,265000,0.49933,-0.48320,0.00655,0.02268,90.13741,-44.81018,-45.15952,0.59920,-0.57984,0.00786,0.02721,180.27482,-89.62037,-90.31905,0,0,0,1
266,266000,0.56699,-0.37901,-0.16687,0.02111,85.20201,-18.97595,-66.97145,0.68039,-0.45482,-0.20024,0.02533,170.40402,-37.95189,-133.94290,0,0,0,1
267,267000,0.55096,-0.24047,-0.34102,-0.03052,72.96713,9.23213,-82.11909,0.66115,-0.28856,-0.40922,-0.03663,145.93427,18.46427,-164.23819,0,0,0,1
268,268000,0.52039,-0.06502,-0.44520,0.01018,52.39483,36.53391,-88.88596,0.62447,-0.07802,-0.53424,0.01221,104.78965,73.06782,-177.77191,0,0,0,1
269,269000,0.43296,0.11363,-0.53880,0.00780,28.12502,60.37296,-87.64620,0.51955,0.13636,-0.64656,0.00936,56.25005,120.74592,-175.29240,0,0,0,1
270,270000,0.28848,0.27912,-0.57038,-0.00278,-0.15041,77.82836,-77.76113,0.34617,0.33495,-0.68446,-0.00333,-0.30081,155.65672,-155.52226,0,0,0,1
271,271000,0.10735,0.41720,-0.55003,-0.02549,-27.70787,88.05168,-59.75203,0.12881,0.50063,-0.66003,-0.03058,-55.41575,176.10336,-119.50406,0,0,0,1
272,272000,-0.07288,0.52938,-0.45773,-0.00123,-52.61340,89.76507,-36.28681,-0.08746,0.63526,-0.54927,-0.00148,-105.22681,179.53014,-72.57363,0,0,0,1
273,273000,-0.21693,0.56169,-0.34006,0.00470,-72.77316,82.36793,-9.33169,-0.26032,0.67403,-0.40807,0.00564,-145.54632,164.73587,-18.66339,0,0,0,1
274,274000,-0.38507,0.55300,-0.17400,-0.00607,-85.37220,66.89756,18.50879,-0.46208,0.66360,-0.20880,-0.00728,-170.74440,133.79512,37.01758,0,0,0,1
275,275000,-0.48524,0.49084,-0.00158,0.00402,-89.38955,44.73004,45.20870,-0.58228,0.58901,-0.00190,0.00482,-178.77910,89.46008,90.41739,0,0,0,1
276,276000,-0.55153,0.38650,0.17249,0.00746,-85.44496,19.00208,66.94221,-0.66184,0.46380,0.20699,0.00895,-170.88992,38.00416,133.88441,0,0,0,1
277,277000,-0.55200,0.21675,0.34601,0.01076,-72.60103,-9.63029,81.84388,-0.66240,0.26009,0.41521,0.01291,-145.20206,-19.26059,163.68776,0,0,0,1
278,278000,-0.51667,0.06322,0.45237,-0.00109,-53.20062,-36.53942,89.09312,-0.62001,0.07587,0.54284,-0.00130,-106.40123,-73.07884,178.18624,0,0,0,1
279,279000,-0.43247,-0.10493,0.52648,-0.01092,-28.00023,-60.54527,87.75368,-0.51896,-0.12592,0.63178,-0.01310,-56.00046,-121.09055,175.50735,0,0,0,1
280,280000,-0.27547,-0.27966,0.57870,0.02357,-0.05511,-77.35152,78.14216,-0.33056,-0.33560,0.69444,0.02828,-0.11021,-154.70304,156.28432,0,0,0,1
281,281000,-0.11676,-0.40692,0.52548,0.00181,27.82497,-87.83553,60.17327,-0.14011,-0.48830,0.63058,0.00217,55.64994,-175.67105,120.34655,0,0,0,1
282,282000,0.06110,-0.52389,0.44932,-0.01347,52.98987,-88.93606,36.23791,0.07332,-0.62866,0.53919,-0.01616,105.97974,-177.87211,72.47583,0,0,0,1
283,283000,0.24377,-0.57349,0.34312,0.01340,72.88325,-81.86600,9.82715,0.29253,-0.68819,0.41175,0.01608,145.76651,-163.73201,19.65431,0,0,0,1
284,284000,0.38199,-0.54099,0.18490,0.02590,85.55235,-66.79018,-18.26609,0.45838,-0.64918,0.22188,0.03108,171.10470,-133.58036,-36.53218,0,0,0,1
285,285000,0.48360,-0.49674,0.00083,-0.01231,89.77964,-45.23104,-44.99093,0.58032,-0.59609,0.00100,-0.01477,179.55928,-90.46207,-89.98186,0,0,0,1
286,286000,0.54620,-0.36616,-0.18591,-0.00587,85.43555,-18.76353,-66.47711,0.65544,-0.43939,-0.22309,-0.00704,170.87111,-37.52706,-132.95421,0,0,0,1
287,287000,0.57635,-0.22166,-0.32492,0.02977,72.54623,9.55607,-82.37321,0.69162,-0.26599,-0.38990,0.03572,145.09247,19.11213,-164.74643,0,0,0,1
288,288000,0.53043,-0.05667,-0.44385,0.02991,52.54525,36.48374,-89.73407,0.63652,-0.06800,-0.53262,0.03590,105.09051,72.96748,-179.46815,0,0,0,1
289,289000,0.41191,0.12812,-0.53615,0.00387,27.83656,60.26362,-87.97859,0.49429,0.15374,-0.64339,0.00465,55.67312,120.52725,-175.95719,0,0,0,1
290,290000,0.28858,0.27132,-0.55306,0.00684,-0.11416,77.93172,-77.38707,0.34630,0.32558,-0.66367,0.00820,-0.22832,155.86344,-154.77414,0,0,0,1
291,291000,0.12344,0.41215,-0.53784,-0.00225,-27.91433,88.03198,-59.76892,0.14813,0.49458,-0.64541,-0.00270,-55.82866,176.06396,-119.53783,0,0,0,1
292,292000,-0.04795,0.51976,-0.45276,0.01905,-52.99633,89.29582,-36.87328,-0.05754,0.62371,-0.54331,0.02286,-105.99266,178.59165,-73.74655,0,0,0,1
293,293000,-0.22441,0.57087,-0.33743,0.00903,-72.40763,82.36122,-9.17673,-0.26929,0.68504,-0.40491,0.01084,-144.81525,164.72244,-18.35347,0,0,0,1
294,294000,-0.38656,0.55393,-0.16228,0.00509,-85.31897,66.90598,19.10605,-0.46388,0.66472,-0.19474,0.00611,-170.63795,133.81195,38.21209,0,0,0,1
295,295000,-0.49354,0.49801,0.00295,0.00742,-89.88812,44.95994,44.72100,-0.59225,0.59762,0.00353,0.00890,-179.77624,89.91988,89.44199,0,0,0,1
296,296000,-0.54555,0.37507,0.18303,0.01256,-85.69111,18.46173,66.86364,-0.65466,0.45009,0.21964,0.01507,-171.38223,36.92347,133.72729,0,0,0,1
297,297000,-0.57222,0.22727,0.33411,-0.01083,-72.90905,-9.00602,82.34349,-0.68666,0.27272,0.40094,-0.01300,-145.81809,-18.01204,164.68699,0,0,0,1
298,298000,-0.52146,0.04596,0.46568,-0.00982,-52.73385,-36.08992,89.74135,-0.62576,0.05515,0.55881,-0.01179,-105.46769,-72.17985,179.48271,0,0,0,1
299,299000,-0.41567,-0.10372,0.54576,0.02637,-27.34769,-60.45834,87.82982,-0.49880,-0.12446,0.65491,0.03165,-54.69538,-120.91668,175.65964,0,0,0,1
300,300000,-2.83337,-2.82384,0.56800,-5.08921,0.25611,-15.65172,70.28141,-3.40005,-3.38861,0.68160,-6.10705,0.51223,-31.30344,140.56283,0,0,0,1
301,301000,-1.16370,-4.20667,0.54297,-4.82740,5.27318,-17.50396,54.00850,-1.39644,-5.04800,0.65156,-5.79288,10.54637,-35.00791,108.01701,1,0,0,1
302,302000,0.60466,-5.17751,0.46944,-4.10342,10.93335,-17.50310,32.81398,0.72559,-6.21301,0.56332,-4.92411,21.86670,-35.00621,65.62796,1,0,0,1
303,303000,2.29970,-5.63879,0.31927,-3.01982,14.68530,-16.65090,8.28670,2.75964,-6.76655,0.38313,-3.62378,29.37060,-33.30181,16.57341,1,0,0,1
304,304000,3.78982,-5.53039,0.17855,-1.56202,16.65589,-13.44366,-17.08564,4.54779,-6.63647,0.21426,-1.87442,33.31177,-26.88733,-34.17128,1,0,0,1
305,305000,4.90097,-4.88543,-0.00752,0.00802,17.65873,-8.59506,-40.77160,5.88116,-5.86251,-0.00902,0.00963,35.31746,-17.19011,-81.54319,1,0,0,1
306,306000,5.52370,-3.77793,-0.17629,1.56949,17.09125,-3.97414,-59.94699,6.62845,-4.53351,-0.21155,1.88339,34.18249,-7.94829,-119.89398,1,0,0,1
307,307000,5.63730,-2.30633,-0.33462,2.99635,14.78417,1.62595,-74.24799,6.76476,-2.76759,-0.40155,3.59562,29.56834,3.25189,-148.49599,1,0,0,1
308,308000,5.15812,-0.59580,-0.47105,4.09127,10.54163,7.06392,-80.72152,6.18974,-0.71496,-0.56525,4.90952,21.08326,14.12785,-161.44304,1,0,0,1
309,309000,4.21635,1.17207,-0.55000,4.83842,5.31964,12.36212,-79.38253,5.05962,1.40648,-0.66000,5.80610,10.63927,24.72425,-158.76506,1,0,0,1
310,310000,2.83201,2.84119,-0.57772,5.09548,-0.34715,15.63500,-70.19514,3.39841,3.40943,-0.69326,6.11457,-0.69430,31.26999,-140.39029,1,0,0,1
311,311000,1.18581,4.19508,-0.53485,4.84604,-5.29160,17.83187,-54.00574,1.42298,5.03409,-0.64182,5.81524,-10.58319,35.66373,-108.01147,1,0,0,1
312,312000,-0.60342,5.18072,-0.46192,4.11538,-10.12500,18.09003,-32.57997,-0.72410,6.21686,-0.55431,4.93845,-20.25001,36.18005,-65.15993,1,0,0,1
313,313000,-2.29107,5.61860,-0.32260,3.00493,-14.41235,16.44686,-8.11662,-2.74929,6.74232,-0.38712,3.60591,-28.82471,32.89373,-16.23324,1,0,0,1
314,314000,-3.79749,5.53906,-0.16676,1.57481,-16.69939,13.19412,17.11756,-4.55699,6.64688,-0.20011,1.88977,-33.39879,26.38824,34.23512,1,0,0,1
315,315000,-4.89550,4.91257,0.00349,0.02057,-18.35612,9.25020,40.61180,-5.87460,5.89509,0.00419,0.02469,-36.71223,18.50039,81.22361,1,0,0,1
316,316000,-5.53277,3.78240,0.18497,-1.56541,-16.77266,4.02085,59.95570,-6.63933,4.53888,0.22196,-1.87849,-33.54531,8.04169,119.91139,1,0,0,1
317,317000,-5.63472,2.31007,0.33051,-2.99414,-14.08802,-1.96726,74.07178,-6.76166,2.77208,0.39661,-3.59297,-28.17605,-3.93453,148.14356,1,0,0,1
318,318000,-5.17776,0.59770,0.45396,-4.12611,-10.31334,-7.52193,80.03077,-6.21331,0.71723,0.54475,-4.95133,-20.62668,-15.04387,160.06153,1,0,0,1
319,319000,-4.19292,-1.18674,0.53344,-4.84622,-5.22689,-12.24404,79.21481,-5.03150,-1.42409,0.64013,-5.81547,-10.45378,-24.48808,158.42962,1,0,0,1
320,320000,-2.82670,-2.82623,0.57136,-5.08157,-0.17136,-15.67524,70.13360,-3.39204,-3.39148,0.68563,-6.09788,-0.34271,-31.35048,140.26720,1,0,0,1
321,321000,-1.17501,-4.20608,0.53087,-4.85022,5.99380,-17.81395,54.07816,-1.41002,-5.04730,0.63705,-5.82027,11.98761,-35.62790,108.15632,1,0,0,1
322,322000,0.59720,-5.18090,0.45549,-4.12821,10.59486,-18.15941,32.45644,0.71664,-6.21708,0.54658,-4.95385,21.18972,-36.31882,64.91287,1,0,0,1
323,323000,2.29555,-5.61661,0.34072,-2.98035,14.95689,-16.39679,8.60108,2.75466,-6.73993,0.40886,-3.57641,29.91377,-32.79358,17.20216,1,0,0,1
324,324000,3.79826,-5.54645,0.17178,-1.57641,17.11780,-13.53442,-16.65699,4.55791,-6.65574,0.20614,-1.89169,34.23560,-27.06884,-33.31399,1,0,0,1
325,325000,4.89922,-4.88858,0.01014,0.02078,17.92294,-8.58611,-40.51206,5.87906,-5.86630,0.01217,0.02494,35.84589,-17.17221,-81.02412,1,0,0,1
326,326000,5.53793,-3.77127,-0.18208,1.58458,16.80814,-3.55455,-59.99836,6.64552,-4.52552,-0.21850,1.90149,33.61628,-7.10909,-119.99672,1,1,1,1
327,327000,5.61937,-2.30776,-0.34246,2.96915,14.77445,1.94311,-73.70456,6.74325,-2.76931,-0.41095,3.56298,29.54890,3.88622,-147.40912,1,1,1,1
328,328000,5.16048,-0.58973,-0.45920,4.11155,10.37684,7.20890,-80.26372,6.19257,-0.70767,-0.55104,4.93386,20.75369,14.41779,-160.52744,1,1,1,1
329,329000,4.20140,1.17312,-0.54659,4.82794,5.21699,11.80268,-78.63339,5.04169,1.40775,-0.65591,5.79352,10.43398,23.60536,-157.26678,1,1,1,1
330,330000,2.82926,2.82759,-0.55486,5.10198,0.07067,15.12506,-70.30221,3.39511,3.39311,-0.66583,6.12238,0.14134,30.25012,-140.60443,1,1,1,1
331,331000,1.17715,4.20623,-0.53963,4.84375,-5.80300,17.22684,-54.42679,1.41259,5.04748,-0.64756,5.81250,-11.60600,34.45368,-108.85357,1,1,1,1
332,332000,-0.59533,5.17199,-0.44672,4.12994,-10.90650,17.42969,-33.29601,-0.71439,6.20639,-0.53607,4.95593,-21.81301,34.85938,-66.59203,1,1,1,1
333,333000,-2.30919,5.61899,-0.31992,2.98988,-14.65640,16.52671,-8.16285,-2.77103,6.74279,-0.38390,3.58785,-29.31279,33.05341,-16.32570,1,1,1,1
334,334000,-3.77253,5.53820,-0.16225,1.60342,-17.25250,13.27330,17.19458,-4.52704,6.64585,-0.19470,1.92411,-34.50500,26.54660,34.38917,1,1,1,1
335,335000,-4.88980,4.88905,-0.01389,-0.01464,-18.25980,8.80834,40.12895,-5.86776,5.86686,-0.01667,-0.01757,-36.51960,17.61667,80.25790,1,1,1,1
336,336000,-5.54608,3.78927,0.18615,-1.57066,-17.46996,3.85958,60.50888,-6.65529,4.54712,0.22338,-1.88479,-34.93992,7.71916,121.01775,1,1,1,1
337,337000,-5.62643,2.31116,0.33048,-2.98479,-14.98005,-1.57655,74.20268,-6.75172,2.77340,0.39657,-3.58175,-29.96009,-3.15310,148.40537,1,1,1,1
338,338000,-5.15702,0.59093,0.45664,-4.10946,-10.17183,-7.45986,80.73519,-6.18843,0.70911,0.54796,-4.93135,-20.34367,-14.91973,161.47038,1,1,1,1
339,339000,-4.20866,-1.16592,0.54517,-4.82940,-5.95077,-12.00583,78.85367,-5.05039,-1.39910,0.65421,-5.79528,-11.90154,-24.01166,157.70734,1,1,1,1
340,340000,-2.83300,-2.83051,0.57091,-5.09260,-0.31704,-15.75836,70.24774,-3.39960,-3.39661,0.68509,-6.11112,-0.63407,-31.51673,140.49547,1,1,1,1
341,341000,-1.18286,-4.19807,0.52886,-4.85207,5.20299,-17.73624,54.20468,-1.41943,-5.03768,0.63463,-5.82248,10.40598,-35.47248,108.40937,1,1,1,1
342,342000,0.60051,-5.17695,0.45090,-4.12554,10.75782,-17.94808,33.20482,0.72061,-6.21234,0.54108,-4.95065,21.51564,-35.89615,66.40964,1,1,1,1
343,343000,2.28704,-5.63096,0.32888,-3.01503,14.44120,-16.83870,8.14462,2.74445,-6.75715,0.39466,-3.61804,28.88241,-33.67740,16.28924,1,1,1,1
344,344000,3.79722,-5.53482,0.17509,-1.56250,17.35487,-13.46025,-16.54574,4.55667,-6.64178,0.21011,-1.87501,34.70974,-26.92049,-33.09148,1,1,1,1
345,345000,4.90735,-4.89407,-0.00300,0.01028,18.14786,-9.09280,-40.23197,5.88882,-5.87289,-0.00360,0.01233,36.29573,-18.18560,-80.46394,1,1,1,1
346,346000,5.54394,-3.77594,-0.17084,1.59715,17.44818,-4.14321,-60.16190,6.65272,-4.53113,-0.20501,1.91658,34.89637,-8.28642,-120.32381,1,1,1,1
347,347000,5.63799,-2.29408,-0.32163,3.02228,14.47155,1.88746,-74.00005,6.76559,-2.75290,-0.38596,3.62673,28.94310,3.77492,-148.00010,1,1,1,1
348,348000,5.16233,-0.58488,-0.44631,4.13114,10.87146,7.32925,-80.29399,6.19479,-0.70185,-0.53558,4.95736,21.74291,14.65851,-160.58798,1,1,1,1
349,349000,4.19745,1.18914,-0.54708,4.83951,5.67624,12.04742,-79.32357,5.03695,1.42697,-0.65650,5.80741,11.35248,24.09484,-158.64714,1,1,1,1
350,350000,2.84104,2.81916,-0.55698,5.10322,-0.13843,15.57814,-70.04685,3.40925,3.38299,-0.66838,6.12386,-0.27685,31.15627,-140.09370,1,1,1,1
351,351000,1.18242,4.20800,-0.53270,4.85773,-5.94887,17.64871,-54.35390,1.41891,5.04961,-0.63924,5.82927,-11.89774,35.29742,-108.70780,1,1,1,1
352,352000,-0.57726,5.17537,-0.44552,4.15259,-10.15424,17.67785,-32.97887,-0.69271,6.21044,-0.53462,4.98311,-20.30847,35.35570,-65.95774,1,1,1,1
353,353000,-2.30520,5.61406,-0.33867,2.97019,-14.25391,16.81630,-8.58610,-2.76624,6.73687,-0.40640,3.56423,-28.50782,33.63260,-17.17219,1,1,1,1
354,354000,-3.79448,5.53670,-0.16854,1.57368,-17.33650,13.20946,17.11051,-4.55338,6.64404,-0.20225,1.88841,-34.67299,26.41892,34.22102,1,1,1,1
355,355000,-4.88737,4.88998,0.01197,0.01457,-18.12069,8.81664,40.64656,-5.86485,5.86798,0.01436,0.01749,-36.24139,17.63328,81.29312,1,1,1,1
356,356000,-5.54221,3.78807,0.18333,-1.57081,-16.84718,3.66589,60.31086,-6.65065,4.54569,0.21999,-1.88497,-33.69437,7.33178,120.62172,1,1,1,1
357,357000,-5.61600,2.29768,0.32493,-2.99339,-14.81614,-2.11883,74.14205,-6.73920,2.75722,0.38991,-3.59207,-29.63227,-4.23766,148.28409,1,1,1,1
358,358000,-5.17069,0.59926,0.46093,-4.11050,-10.81916,-7.37698,80.13989,-6.20483,0.71912,0.55312,-4.93260,-21.63832,-14.75396,160.27978,1,1,1,1
359,359000,-4.21043,-1.16813,0.53298,-4.84558,-5.62899,-11.75428,79.18584,-5.05252,-1.40175,0.63957,-5.81470,-11.25798,-23.50856,158.37167,1,1,1,1
360,360000,-2.83321,-2.83127,0.55882,-5.10567,0.28418,-15.32164,69.94254,-3.39985,-3.39753,0.67058,-6.12680,0.56837,-30.64328,139.88508,1,1,1,1
361,361000,-1.18807,-4.20213,0.52942,-4.86078,5.27092,-17.74955,53.78131,-1.42569,-5.04256,0.63530,-5.83294,10.54185,-35.49910,107.56262,1,1,1,1
362,362000,0.58436,-5.16732,0.44444,-4.13853,10.46751,-18.13693,32.84391,0.70123,-6.20079,0.53333,-4.96623,20.93503,-36.27386,65.68781,1,1,1,1
363,363000,2.30481,-5.63838,0.34436,-2.98921,14.15820,-16.36922,8.57156,2.76577,-6.76606,0.41323,-3.58706,28.31640,-32.73843,17.14312,1,1,1,1
364,364000,3.77265,-5.54656,0.18600,-1.58791,17.09380,-13.34654,-17.01447,4.52718,-6.65587,0.22320,-1.90550,34.18760,-26.69307,-34.02894,1,1,1,1
365,365000,4.89204,-4.90052,-0.00441,-0.01289,17.63601,-8.86092,-40.23571,5.87045,-5.88062,-0.00529,-0.01546,35.27203,-17.72183,-80.47141,1,1,1,1
366,366000,5.53046,-3.79389,-0.16822,1.56836,17.04671,-3.72835,-59.65328,6.63655,-4.55266,-0.20186,1.88203,34.09343,-7.45670,-119.30655,1,1,1,1
367,367000,5.62180,-2.29792,-0.33571,2.98817,14.53095,1.96962,-73.97518,6.74616,-2.75750,-0.40285,3.58581,29.06189,3.93925,-147.95035,1,1,1,1
368,368000,5.17430,-0.58849,-0.46134,4.12447,10.45466,6.86457,-80.57047,6.20916,-0.70619,-0.55361,4.94937,20.90932,13.72913,-161.14093,1,1,1,1
369,369000,4.21721,1.17750,-0.52965,4.86507,5.23980,12.43008,-79.33283,5.06065,1.41300,-0.63558,5.83808,10.47960,24.86017,-158.66566,1,1,1,1
370,370000,2.83725,2.84161,-0.55528,5.12359,0.25596,15.81927,-70.09449,3.40471,3.40994,-0.66633,6.14831,0.51193,31.63854,-140.18899,1,1,1,1
371,371000,1.17381,4.20689,-0.55073,4.82998,-5.43348,17.52689,-54.16873,1.40857,5.04827,-0.66088,5.79597,-10.86696,35.05378,-108.33746,1,1,1,1
372,372000,-0.60233,5.16045,-0.45909,4.09903,-10.86011,17.59167,-33.12703,-0.72280,6.19254,-0.55091,4.91883,-21.72021,35.18333,-66.25405,1,1,1,1
373,373000,-2.31280,5.63976,-0.33256,2.99440,-14.15610,16.17061,-8.45922,-2.77536,6.76772,-0.39908,3.59327,-28.31219,32.34121,-16.91844,1,1,1,1
374,374000,-3.78516,5.54660,-0.17861,1.58283,-17.13982,12.93650,17.14510,-4.54219,6.65592,-0.21434,1.89939,-34.27965,25.87300,34.29021,1,1,1,1
375,375000,-4.89226,4.88529,-0.00248,-0.00945,-17.70709,9.11836,40.08048,-5.87071,5.86235,-0.00298,-0.01134,-35.41418,18.23671,80.16096,1,1,1,1
376,376000,-5.52112,3.79665,0.16969,-1.55478,-16.77996,4.17964,60.06716,-6.62534,4.55598,0.20362,-1.86573,-33.55991,8.35928,120.13432,1,1,1,1
377,377000,-5.63919,2.29540,0.33183,-3.01195,-14.17255,-2.10117,73.40938,-6.76703,2.75449,0.39820,-3.61434,-28.34510,-4.20234,146.81875,1,1,1,1
378,378000,-5.17995,0.58485,0.45253,-4.14257,-10.61905,-7.59379,80.16876,-6.21595,0.70182,0.54304,-4.97109,-21.23809,-15.18759,160.33752,1,1,1,1
379,379000,-4.21041,-1.17668,0.52842,-4.85867,-5.61396,-11.92010,79.02098,-5.05250,-1.41201,0.63411,-5.83040,-11.22791,-23.84020,158.04196,1,1,1,1
380,380000,-2.82874,-2.82158,0.56167,-5.08865,-0.11588,-15.10945,70.26434,-3.39449,-3.38589,0.67401,-6.10637,-0.23176,-30.21890,140.52869,1,1,1,1
381,381000,0.00809,0.00989,-0.00565,0.01234,28.01595,-88.04605,60.13829,0.00971,0.01187,-0.00678,0.01480,56.03189,-176.09210,120.27658,0,1,1,0
382,382000,0.00308,0.00441,0.01147,0.01897,52.55251,-89.17752,36.72919,0.00370,0.00530,0.01377,0.02276,105.10503,-178.35503,73.45837,0,1,1,0
383,383000,0.00687,-0.01252,0.01046,0.00482,72.40416,-82.19681,9.26935,0.00825,-0.01502,0.01256,0.00578,144.80832,-164.39362,18.53871,0,1,1,0
384,384000,-0.00137,-0.00600,-0.00456,-0.01193,85.41480,-66.32703,-18.73573,-0.00164,-0.00721,-0.00548,-0.01432,170.82960,-132.65406,-37.47147,0,1,1,0
385,385000,0.00924,-0.00623,-0.00579,-0.00278,90.21908,-44.62016,-44.93439,0.01108,-0.00747,-0.00694,-0.00333,180.43816,-89.24031,-89.86879,0,1,1,0
386,386000,-0.01401,0.00460,-0.00299,-0.01240,85.81761,-18.45653,-66.51725,-0.01681,0.00552,-0.00358,-0.01488,171.63523,-36.91305,-133.03450,0,1,1,0
387,387000,-0.01284,-0.00739,-0.01378,-0.03401,72.82755,9.13266,-81.72021,-0.01540,-0.00887,-0.01654,-0.04081,145.65510,18.26532,-163.44043,0,1,1,0
388,388000,0.00309,-0.00612,-0.00670,-0.00973,52.64290,36.94911,-88.90563,0.00371,-0.00734,-0.00804,-0.01167,105.28580,73.89822,-177.81126,0,1,1,0
389,389000,0.00539,0.00529,0.00758,0.01825,28.05104,59.84161,-87.98996,0.00647,0.00635,0.00909,0.02191,56.10207,119.68321,-175.97993,0,1,1,0
390,390000,0.00813,-0.00042,0.00666,0.01437,-0.39501,77.97327,-77.94185,0.00976,-0.00050,0.00800,0.01725,-0.79003,155.94653,-155.88370,0,1,1,0
391,391000,0.00575,0.00364,0.00685,0.01624,-27.51283,88.04415,-60.20541,0.00690,0.00437,0.00822,0.01949,-55.02566,176.08830,-120.41081,0,1,1,0
392,392000,-0.01009,-0.00193,0.00699,-0.00503,-52.56223,89.54137,-36.86357,-0.01211,-0.00231,0.00839,-0.00604,-105.12446,179.08275,-73.72714,0,1,1,0
393,393000,0.00134,-0.01135,-0.00356,-0.01358,-72.76600,82.01543,-9.55880,0.00161,-0.01362,-0.00428,-0.01629,-145.53199,164.03085,-19.11760,0,1,1,0
394,394000,0.00178,-0.00124,-0.00307,-0.00253,-85.64878,66.47203,18.69609,0.00214,-0.00148,-0.00369,-0.00303,-171.29755,132.94406,37.39218,0,1,1,0
395,395000,0.00806,0.01222,0.00672,0.02700,-89.99131,45.04973,45.32790,0.00968,0.01467,0.00806,0.03240,-179.98262,90.09947,90.65580,0,1,1,0
396,396000,-0.00449,0.00186,0.00219,-0.00044,-85.38360,18.61709,66.91528,-0.00538,0.00223,0.00263,-0.00053,-170.76720,37.23418,133.83056,0,1,1,0
397,397000,-0.01232,-0.00570,0.00419,-0.01382,-72.77461,-8.95289,82.04958,-0.01478,-0.00684,0.00503,-0.01659,-145.54923,-17.90579,164.09915,0,1,1,0
398,398000,-0.01295,0.01393,-0.00550,-0.00453,-53.10415,-36.61710,89.75365,-0.01554,0.01671,-0.00661,-0.00543,-106.20831,-73.23420,179.50730,0,1,1,0
399,399000,0.00277,-0.01193,-0.00001,-0.00917,-28.11063,-60.44486,87.83643,0.00333,-0.01432,-0.00001,-0.01100,-56.22126,-120.88972,175.67287,0,1,1,0
400,400000,-0.00502,0.00653,-0.01212,-0.01062,0.38372,-78.00868,77.82586,-0.00603,0.00784,-0.01455,-0.01274,0.76743,-156.01735,155.65172,0,1,1,0
401,401000,0.00701,-0.00272,0.00808,0.01237,28.14759,-87.44096,60.45445,0.00841,-0.00327,0.00970,0.01484,56.29518,-174.88191,120.90889,0,0,0,0
402,402000,0.00466,-0.00043,0.00023,0.00446,53.13824,-89.13315,36.23575,0.00559,-0.00051,0.00028,0.00535,106.27649,-178.26630,72.47150,0,0,0,0
403,403000,0.01012,-0.00433,-0.00551,0.00028,72.76725,-82.43331,9.08209,0.01214,-0.00520,-0.00661,0.00033,145.53450,-164.86661,18.16418,0,0,0,0
404,404000,-0.01349,-0.00204,0.01373,-0.00181,85.49982,-66.34314,-18.64225,-0.01619,-0.00245,0.01648,-0.00217,170.99965,-132.68628,-37.28449,0,0,0,0
405,405000,0.00846,0.00092,0.00989,0.01927,89.50921,-44.99453,-44.53105,0.01015,0.00111,0.01187,0.02313,179.01842,-89.98907,-89.06211,0,0,0,0
406,406000,0.00060,0.01388,-0.00273,0.01175,85.12986,-18.31754,-66.92738,0.00071,0.01666,-0.00327,0.01410,170.25972,-36.63508,-133.85476,0,0,0,0
407,407000,-0.00334,-0.00097,0.00239,-0.00192,73.10661,9.62916,-82.48594,-0.00401,-0.00117,0.00287,-0.00230,146.21321,19.25833,-164.97188,0,0,0,0
408,408000,0.00973,0.00267,-0.00540,0.00700,53.10937,36.63541,-89.76970,0.01168,0.00320,-0.00648,0.00840,106.21874,73.27083,-179.53940,0,0,0,0
409,409000,-0.00967,-0.01231,-0.00282,-0.02480,27.66651,59.87469,-87.95892,-0.01161,-0.01478,-0.00338,-0.02976,55.33302,119.74939,-175.91784,0,0,0,0
410,410000,-0.00242,0.00959,-0.00591,0.00126,0.25890,77.95124,-77.91110,-0.00290,0.01151,-0.00709,0.00152,0.51780,155.90247,-155.82220,0,0,0,0
411,411000,-0.00548,-0.00172,-0.01331,-0.02051,-28.13328,87.50569,-60.53766,-0.00658,-0.00206,-0.01597,-0.02461,-56.26655,175.01137,-121.07533,0,0,0,0
412,412000,0.00428,-0.01272,-0.00171,-0.01015,-53.06995,89.30516,-36.21407,0.00513,-0.01527,-0.00205,-0.01218,-106.13990,178.61032,-72.42814,0,0,0,0
413,413000,-0.01259,0.01130,0.00849,0.00721,-73.02293,81.88469,-9.69384,-0.01510,0.01357,0.01019,0.00865,-146.04586,163.76939,-19.38767,0,0,0,0
414,414000,0.00075,0.00282,0.00138,0.00495,-85.62244,66.57706,18.24555,0.00089,0.00339,0.00165,0.00594,-171.24489,133.15413,36.49110,0,0,0,0
415,415000,0.00014,0.00729,-0.00340,0.00403,-90.06090,44.65729,45.26750,0.00017,0.00875,-0.00409,0.00484,-180.12180,89.31458,90.53501,0,0,0,0
416,416000,-0.00855,-0.00239,0.00431,-0.00663,-85.58359,18.87183,66.41811,-0.01026,-0.00286,0.00517,-0.00795,-171.16718,37.74367,132.83622,0,0,0,0
417,417000,0.00759,-0.00344,0.00592,0.01007,-72.52035,-9.09113,82.03492,0.00910,-0.00412,0.00711,0.01209,-145.04071,-18.18226,164.06984,0,0,0,0
418,418000,0.01216,-0.00616,0.00494,0.01094,-53.08424,-36.24423,89.56664,0.01459,-0.00739,0.00593,0.01313,-106.16848,-72.48845,179.13328,0,0,0,0
419,419000,0.00133,0.00382,0.00385,0.00900,-27.79972,-60.52225,88.07317,0.00159,0.00459,0.00462,0.01080,-55.59944,-121.04450,176.14634,0,0,0,0
420,420000,0.01116,-0.00160,-0.00498,0.00459,0.41494,-77.80487,78.12500,0.01340,-0.00192,-0.00597,0.00551,0.82988,-155.60973,156.25000,0,0,0,0
421,421000,-0.00880,-0.00908,0.00785,-0.01003,27.96241,-88.28396,60.46755,-0.01056,-0.01089,0.00942,-0.01203,55.92482,-176.56792,120.93511,0,0,0,0
422,422000,-0.01264,0.00996,0.00319,0.00051,53.17496,-89.73422,36.43180,-0.01517,0.01195,0.00383,0.00061,106.34991,-179.46844,72.86361,0,0,0,0
423,423000,-0.00203,0.00602,-0.00767,-0.00368,72.76622,-81.64991,9.68506,-0.00244,0.00722,-0.00921,-0.00442,145.53245,-163.29981,19.37011,0,0,0,0
424,424000,-0.01346,-0.00142,0.00199,-0.01289,85.10351,-67.05608,-18.96227,-0.01616,-0.00171,0.00239,-0.01547,170.20703,-134.11216,-37.92454,0,0,0,0
425,425000,0.00515,0.00566,0.01155,0.02237,90.23387,-45.15004,-45.03829,0.00618,0.00679,0.01386,0.02684,180.46775,-90.30008,-90.07658,0,0,0,0
426,426000,-0.00489,-0.00327,-0.01080,-0.01895,85.15280,-18.85551,-66.34969,-0.00587,-0.00392,-0.01296,-0.02275,170.30560,-37.71102,-132.69938,0,0,0,0
427,427000,0.00532,-0.00109,-0.00398,0.00025,72.61125,9.73836,-81.71671,0.00638,-0.00131,-0.00477,0.00030,145.22250,19.47672,-163.43343,0,0,0,0
428,428000,-0.00546,0.00459,0.00773,0.00685,52.93124,36.80921,-89.60918,-0.00656,0.00551,0.00927,0.00822,105.86248,73.61842,-179.21837,0,0,0,0
429,429000,0.00415,-0.00880,0.01381,0.00917,28.15083,59.69671,-88.04979,0.00498,-0.01056,0.01657,0.01100,56.30166,119.39342,-176.09958,0,0,0,0
430,430000,0.01005,-0.00108,-0.00275,0.00622,-0.27228,77.66667,-77.94994,0.01206,-0.00130,-0.00330,0.00746,-0.54455,155.33335,-155.89988,0,0,0,0
431,431000,-0.01198,0.01305,-0.01118,-0.01011,-27.86229,87.96256,-60.44811,-0.01437,0.01566,-0.01342,-0.01214,-55.72459,175.92512,-120.89621,0,0,0,0
432,432000,0.01086,-0.01043,-0.01199,-0.01156,-52.83243,88.94536,-36.51791,0.01303,-0.01251,-0.01439,-0.01387,-105.66485,177.89072,-73.03581,0,0,0,0
433,433000,0.01123,0.01365,-0.00190,0.02298,-72.74680,82.11087,-9.80674,0.01348,0.01638,-0.00228,0.02758,-145.49361,164.22174,-19.61348,0,0,0,0
434,434000,-0.01138,0.00316,0.00821,-0.00000,-85.60097,66.72566,18.73761,-0.01365,0.00380,0.00985,-0.00000,-171.20194,133.45133,37.47523,0,0,0,0
435,435000,0.00204,0.00930,-0.00736,0.00397,-89.74783,44.73429,45.28614,0.00244,0.01115,-0.00883,0.00476,-179.49567,89.46859,90.57228,0,0,0,0
436,436000,-0.00071,0.01215,-0.00401,0.00742,-85.03556,18.68323,66.72998,-0.00086,0.01458,-0.00481,0.00891,-170.07112,37.36646,133.45996,0,0,0,0
437,437000,-0.00087,0.00205,-0.00761,-0.00643,-72.88174,-9.67409,82.22366,-0.00104,0.00246,-0.00913,-0.00771,-145.76347,-19.34818,164.44732,0,0,0,0
438,438000,-0.01072,0.01201,-0.01117,-0.00988,-52.89814,-36.53157,89.15136,-0.01287,0.01441,-0.01340,-0.01186,-105.79627,-73.06314,178.30273,0,0,0,0
439,439000,-0.00316,0.00270,-0.01370,-0.01416,-27.38021,-59.91680,88.01073,-0.00379,0.00324,-0.01644,-0.01699,-54.76042,-119.83360,176.02145,0,0,0,0
440,440000,0.00647,0.00212,0.00355,0.01214,0.27238,-78.18752,78.19380,0.00777,0.00254,0.00426,0.01457,0.54475,-156.37504,156.38760,0,0,0,0
441,441000,-0.00396,0.01354,-0.00281,0.00677,27.98877,-87.78219,59.83305,-0.00475,0.01625,-0.00337,0.00813,55.97755,-175.56439,119.66609,0,0,0,0
442,442000,-0.00938,-0.00356,-0.00378,-0.01672,52.84738,-88.96060,36.71376,-0.01125,-0.00427,-0.00454,-0.02007,105.69476,-177.92120,73.42752,0,0,0,0
443,443000,-0.01055,-0.00768,-0.00393,-0.02216,72.74194,-82.42616,9.56114,-0.01266,-0.00922,-0.00471,-0.02659,145.48388,-164.85232,19.12228,0,0,0,0
444,444000,0.00843,-0.00014,0.00700,0.01530,85.21841,-66.39284,-18.82426,0.01012,-0.00016,0.00840,0.01836,170.43683,-132.78567,-37.64852,0,0,0,0
445,445000,0.00181,0.00066,-0.00533,-0.00286,89.93759,-44.78678,-44.91228,0.00218,0.00079,-0.00640,-0.00343,179.87518,-89.57356,-89.82457,0,0,0,0
446,446000,-0.01122,-0.00938,-0.00523,-0.02583,85.44662,-19.01394,-66.52385,-0.01346,-0.01125,-0.00628,-0.03099,170.89325,-38.02788,-133.04771,0,0,0,0
447,447000,-0.01352,0.00986,0.01257,0.00891,73.04030,9.47757,-81.79898,-0.01622,0.01183,0.01508,0.01069,146.08061,18.95514,-163.59796,0,0,0,0
448,448000,0.00646,0.01042,-0.01355,0.00332,53.19252,36.90606,-89.56966,0.00775,0.01250,-0.01626,0.00398,106.38504,73.81212,-179.13931,0,0,0,0
449,449000,0.01322,0.00945,-0.00065,0.02202,27.74168,60.21510,-87.95671,0.01586,0.01134,-0.00078,0.02642,55.48337,120.43019,-175.91342,0,0,0,0
450,450000,0.00731,-0.01254,-0.00220,-0.00743,0.17458,77.34798,-78.00453,0.00877,-0.01505,-0.00264,-0.00891,0.34916,154.69596,-156.00907,0,0,0,0
451,451000,-0.00440,0.00809,0.01003,0.01372,-27.35949,87.47681,-60.40584,-0.00528,0.00970,0.01204,0.01646,-54.71897,174.95361,-120.81168,0,0,0,0
452,452000,-0.00248,-0.01296,-0.00017,-0.01562,-52.73678,89.61508,-36.66689,-0.00298,-0.01555,-0.00021,-0.01874,-105.47356,179.23016,-73.33378,0,0,0,0
453,453000,-0.01153,0.00617,-0.00417,-0.00952,-72.77891,82.18866,-9.25170,-0.01384,0.00741,-0.00500,-0.01143,-145.55781,164.37731,-18.50341,0,0,0,0
454,454000,-0.01238,0.00722,0.00227,-0.00289,-85.78436,67.13083,18.23576,-0.01485,0.00866,0.00272,-0.00347,-171.56871,134.26167,36.47153,0,0,0,0
455,455000,0.00135,-0.00956,0.01400,0.00579,-89.78290,44.48286,45.18701,0.00162,-0.01147,0.01680,0.00695,-179.56580,88.96572,90.37402,0,0,0,0
456,456000,-0.00400,0.01379,0.00995,0.01973,-85.27435,18.52920,66.67492,-0.00480,0.01654,0.01194,0.02368,-170.54870,37.05840,133.34983,0,0,0,0
457,457000,-0.00050,0.00443,0.00108,0.00502,-72.92437,-9.63314,81.60544,-0.00060,0.00532,0.00130,0.00602,-145.84875,-19.26627,163.21089,0,0,0,0
458,458000,0.00777,0.00365,0.00332,0.01475,-52.79528,-36.44495,89.16052,0.00933,0.00438,0.00398,0.01769,-105.59056,-72.88990,178.32104,0,0,0,0
459,459000,-0.01032,-0.00899,0.00211,-0.01719,-27.58148,-60.08396,87.64003,-0.01238,-0.01079,0.00253,-0.02063,-55.16296,-120.16792,175.28007,0,0,0,0
460,460000,0.01250,0.00746,-0.00438,0.01558,0.25122,-77.95609,77.37245,0.01501,0.00895,-0.00526,0.01870,0.50244,-155.91218,154.74490,0,0,0,0
461,461000,-0.00854,-0.00402,-0.01237,-0.02493,27.54510,-87.55203,60.08243,-0.01024,-0.00483,-0.01484,-0.02991,55.09019,-175.10405,120.16485,0,0,0,0
462,462000,0.00196,-0.00168,-0.01391,-0.01363,53.16473,-89.21093,36.85114,0.00235,-0.00201,-0.01669,-0.01635,106.32946,-178.42186,73.70229,0,0,0,0
463,463000,0.01194,-0.00778,0.00338,0.00755,72.89484,-81.68240,9.44642,0.01433,-0.00933,0.00406,0.00906,145.78969,-163.36480,18.89284,0,0,0,0
464,464000,-0.01165,-0.01328,-0.01326,-0.03820,85.57813,-66.95579,-18.73799,-0.01398,-0.01594,-0.01592,-0.04584,171.15626,-133.91159,-37.47598,0,0,0,0
465,465000,0.01359,-0.00657,0.00823,0.01525,89.94228,-44.59954,-44.64533,0.01631,-0.00788,0.00988,0.01830,179.88456,-89.19908,-89.29066,0,0,0,0
466,466000,-0.00797,-0.00170,0.00330,-0.00637,85.66645,-18.71069,-66.59755,-0.00956,-0.00204,0.00396,-0.00764,171.33289,-37.42138,-133.19509,0,0,0,0
467,467000,-0.00340,0.00086,0.00976,0.00723,73.10115,8.95420,-81.95794,-0.00408,0.00104,0.01171,0.00867,146.20231,17.90840,-163.91588,0,0,0,0
468,468000,-0.00764,-0.00206,-0.00894,-0.01864,52.98836,36.86796,-89.73517,-0.00917,-0.00248,-0.01073,-0.02237,105.97672,73.73591,-179.47035,0,0,0,0
469,469000,0.00998,-0.00884,-0.00395,-0.00282,27.83160,60.32427,-87.77367,0.01198,-0.01061,-0.00475,-0.00338,55.66319,120.64854,-175.54734,0,0,0,0
470,470000,-0.00976,-0.01058,-0.00231,-0.02265,0.22609,77.90902,-77.93918,-0.01171,-0.01270,-0.00277,-0.02717,0.45218,155.81804,-155.87836,0,0,0,0
471,471000,0.01156,0.01056,-0.01258,0.00953,-27.73926,88.09062,-60.13392,0.01387,0.01268,-0.01510,0.01144,-55.47852,176.18124,-120.26783,0,0,0,0
472,472000,0.00883,-0.00322,-0.00213,0.00347,-52.56323,89.40967,-36.26293,0.01059,-0.00387,-0.00256,0.00417,-105.12646,178.81935,-72.52586,0,0,0,0
473,473000,0.00991,0.00003,0.00283,0.01278,-72.51469,82.37156,-9.42636,0.01189,0.00004,0.00340,0.01533,-145.02937,164.74313,-18.85272,0,0,0,0
474,474000,-0.01038,0.00068,-0.00745,-0.01715,-85.22469,67.14571,18.25764,-0.01246,0.00082,-0.00894,-0.02058,-170.44938,134.29143,36.51527,0,0,0,0
475,475000,-0.00358,-0.00743,0.01200,0.00099,-90.06344,44.70357,45.00144,-0.00429,-0.00892,0.01440,0.00118,-180.12688,89.40713,90.00288,0,0,0,0
476,476000,-0.00698,-0.00402,0.01071,-0.00029,-85.13267,18.32830,67.15974,-0.00838,-0.00483,0.01286,-0.00035,-170.26535,36.65660,134.31947,0,0,0,0
477,477000,0.00873,-0.00078,-0.00217,0.00579,-72.23557,-9.11497,81.68554,0.01048,-0.00093,-0.00261,0.00694,-144.47115,-18.22994,163.37108,0,0,0,0
478,478000,0.00070,0.00160,0.00042,0.00272,-52.61177,-36.67738,89.02208,0.00083,0.00192,0.00051,0.00326,-105.22353,-73.35476,178.04415,0,0,0,0
479,479000,-0.01031,-0.00003,0.01363,0.00330,-27.39811,-59.71729,87.70405,-0.01237,-0.00003,0.01636,0.00396,-54.79622,-119.43458,175.40810,0,0,0,0
480,480000,-0.01380,-0.00977,0.00494,-0.01863,-0.43527,-77.81534,78.03233,-0.01656,-0.01172,0.00593,-0.02236,-0.87054,-155.63069,156.06466,0,0,0,0
481,481000,0.00469,-0.01364,0.00482,-0.00413,27.49247,-88.25786,60.03485,0.00562,-0.01637,0.00578,-0.00496,54.98495,-176.51573,120.06970,0,0,0,0
482,482000,-0.00019,-0.00686,-0.00628,-0.01333,53.03546,-89.68325,36.92749,-0.00022,-0.00823,-0.00754,-0.01599,106.07091,-179.36650,73.85499,0,0,0,0
483,483000,-0.00071,0.00531,-0.01055,-0.00595,72.48971,-81.89012,9.43248,-0.00086,0.00638,-0.01266,-0.00714,144.97942,-163.78023,18.86496,0,0,0,0
484,484000,-0.00182,-0.00121,-0.00453,-0.00755,85.59665,-66.97978,-19.02192,-0.00218,-0.00145,-0.00543,-0.00906,171.19329,-133.95957,-38.04385,0,0,0,0
485,485000,0.00029,-0.01261,-0.00471,-0.01703,89.56122,-44.50708,-45.28150,0.00035,-0.01513,-0.00565,-0.02044,179.12244,-89.01415,-90.56299,0,0,0,0
486,486000,0.00942,-0.00577,0.00488,0.00853,85.38205,-18.22927,-67.19351,0.01130,-0.00693,0.00586,0.01023,170.76410,-36.45855,-134.38701,0,0,0,0
487,487000,0.01065,-0.00339,0.01090,0.01816,72.99698,9.82964,-82.41458,0.01278,-0.00407,0.01308,0.02179,145.99396,19.65928,-164.82916,0,0,0,0
488,488000,0.00627,-0.00204,0.01311,0.01734,53.14690,36.31125,-89.53056,0.00753,-0.00244,0.01573,0.02081,106.29380,72.62249,-179.06112,0,0,0,0
489,489000,-0.01359,0.00027,0.01080,-0.00252,27.72439,60.52152,-87.95250,-0.01631,0.00033,0.01296,-0.00302,55.44878,121.04304,-175.90501,0,0,0,0
490,490000,-0.00487,0.00657,0.00682,0.00852,-0.15614,78.13463,-77.44778,-0.00585,0.00789,0.00818,0.01022,-0.31227,156.26925,-154.89555,0,0,0,0
491,491000,0.00035,-0.00661,0.00204,-0.00423,-27.74342,87.41719,-59.79245,0.00042,-0.00793,0.00244,-0.00507,-55.48685,174.83438,-119.58490,0,0,0,0
492,492000,-0.01378,0.00805,-0.00640,-0.01213,-52.35870,89.06742,-36.38729,-0.01653,0.00966,-0.00768,-0.01456,-104.71740,178.13485,-72.77457,0,0,0,0
493,493000,0.00430,0.00290,0.00681,0.01401,-72.45440,81.93509,-8.95791,0.00516,0.00348,0.00817,0.01681,-144.90879,163.87017,-17.91583,0,0,0,0
494,494000,0.01180,-0.00782,0.00009,0.00407,-85.83332,66.35859,18.37276,0.01416,-0.00938,0.00011,0.00488,-171.66664,132.71717,36.74552,0,0,0,0
495,495000,-0.01303,0.00144,0.00821,-0.00337,-89.65630,44.80658,44.75400,-0.01564,0.00173,0.00986,-0.00405,-179.31261,89.61315,89.50799,0,0,0,0
496,496000,0.00509,0.00049,-0.00277,0.00282,-85.56166,19.05574,66.88720,0.00611,0.00059,-0.00332,0.00339,-171.12332,38.11147,133.77440,0,0,0,0
497,497000,-0.00270,0.00101,-0.00921,-0.01090,-72.37053,-9.46923,82.32495,-0.00324,0.00122,-0.01105,-0.01308,-144.74106,-18.93845,164.64990,0,0,0,0
498,498000,-0.00397,-0.01294,0.01020,-0.00670,-52.70848,-36.56119,89.31133,-0.00476,-0.01553,0.01224,-0.00805,-105.41696,-73.12238,178.62266,0,0,0,0
499,499000,0.00813,-0.00301,0.00313,0.00826,-27.92686,-60.27668,87.78066,0.00976,-0.00361,0.00376,0.00991,-55.85372,-120.55337,175.56132,0,0,0,0
500,500000,0.01009,-0.01146,0.00654,0.00517,-0.14479,-78.19689,78.04308,0.01211,-0.01375,0.00785,0.00621,-0.28959,-156.39379,156.08617,0,0,0,0
501,501000,-0.01080,0.00553,-0.01357,-0.01884,27.78191,-87.75808,60.10491,-0.01296,0.00664,-0.01629,-0.02260,55.56381,-175.51616,120.20982,0,0,0,0
502,502000,-0.01081,0.00366,-0.01151,-0.01866,53.01161,-89.57938,36.67077,-0.01298,0.00439,-0.01381,-0.02239,106.02323,-179.15875,73.34155,0,0,0,0
503,503000,0.00350,0.01074,-0.00047,0.01377,72.71768,-82.44200,9.30550,0.00420,0.01289,-0.00057,0.01652,145.43537,-164.88400,18.61099,0,0,0,0
504,504000,-0.00501,0.01298,0.00408,0.01205,85.63755,-66.45247,-19.00379,-0.00601,0.01558,0.00489,0.01446,171.27510,-132.90493,-38.00759,0,0,0,0
505,505000,-0.01209,-0.01095,0.00625,-0.01679,90.13477,-45.30653,-44.60612,-0.01451,-0.01314,0.00750,-0.02015,180.26953,-90.61305,-89.21224,0,0,0,0
506,506000,-0.01208,-0.00553,-0.00888,-0.02649,85.18739,-19.09027,-67.09217,-0.01450,-0.00663,-0.01066,-0.03179,170.37479,-38.18054,-134.18433,0,0,0,0
507,507000,-0.00434,0.00309,-0.01220,-0.01345,72.33678,9.35900,-82.15389,-0.00521,0.00371,-0.01464,-0.01614,144.67356,18.71800,-164.30777,0,0,0,0
508,508000,-0.01369,0.00186,0.00790,-0.00393,52.38290,36.14827,-89.12191,-0.01643,0.00223,0.00948,-0.00471,104.76580,72.29655,-178.24383,0,0,0,0
509,509000,0.00004,0.00070,-0.00931,-0.00856,27.96073,59.68272,-87.95946,0.00005,0.00084,-0.01117,-0.01027,55.92146,119.36544,-175.91893,0,0,0,0
510,510000,-0.01116,0.00855,-0.01034,-0.01295,-0.16569,78.22516,-77.40347,-0.01339,0.01026,-0.01240,-0.01553,-0.33138,156.45031,-154.80695,0,0,0,0
511,511000,0.01370,-0.00054,-0.01150,0.00166,-27.86350,87.86760,-59.95911,0.01645,-0.00065,-0.01379,0.00200,-55.72700,175.73520,-119.91822,0,0,0,0
512,512000,0.00299,-0.01396,0.01112,0.00015,-53.13922,88.94899,-36.54354,0.00358,-0.01675,0.01335,0.00018,-106.27844,177.89799,-73.08707,0,0,0,0
513,513000,0.00157,0.00918,-0.01029,0.00047,-72.46425,81.66799,-9.46195,0.00189,0.01102,-0.01235,0.00056,-144.92850,163.33599,-18.92390,0,0,0,0
514,514000,0.00362,-0.00541,0.01319,0.01141,-85.41599,67.16408,18.44548,0.00435,-0.00649,0.01583,0.01369,-170.83198,134.32815,36.89096,0,0,0,0
515,515000,-0.00730,-0.00405,-0.01253,-0.02389,-90.22991,45.08715,44.78677,-0.00876,-0.00486,-0.01504,-0.02866,-180.45983,90.17430,89.57353,0,0,0,0
516,516000,-0.01151,-0.00910,0.00649,-0.01412,-85.71234,19.01897,66.59919,-0.01381,-0.01092,0.00778,-0.01695,-171.42468,38.03795,133.19839,0,0,0,0
517,517000,0.01118,0.01188,-0.00771,0.01535,-72.43336,-9.48477,82.42811,0.01341,0.01426,-0.00925,0.01843,-144.86672,-18.96953,164.85622,0,0,0,0
518,518000,0.00863,0.01004,-0.00722,0.01144,-52.39195,-36.51545,89.05627,0.01035,0.01205,-0.00867,0.01373,-104.78390,-73.03090,178.11254,0,0,0,0
519,519000,-0.00233,0.00556,0.01093,0.01416,-28.00356,-59.92233,88.03410,-0.00280,0.00667,0.01312,0.01699,-56.00712,-119.84466,176.06821,0,0,0,0
520,520000,0.00719,0.01352,-0.00157,0.01915,0.07525,-78.10160,77.50665,0.00863,0.01623,-0.00188,0.02298,0.15050,-156.20320,155.01329,0,0,0,0
521,521000,0.00675,-0.00084,0.00848,0.01439,27.99161,-87.68549,60.37798,0.00810,-0.00101,0.01018,0.01726,55.98321,-175.37098,120.75596,0,0,0,0
522,522000,-0.01126,0.01037,-0.01190,-0.01279,52.47681,-89.24853,36.84441,-0.01351,0.01245,-0.01428,-0.01535,104.95363,-178.49707,73.68881,0,0,0,0
523,523000,0.01379,-0.00301,0.00287,0.01365,72.91001,-81.68784,9.33329,0.01654,-0.00361,0.00345,0.01638,145.82001,-163.37568,18.66658,0,0,0,0
524,524000,0.00617,0.00628,0.00564,0.01808,85.61076,-66.74681,-18.99123,0.00741,0.00753,0.00676,0.02170,171.22152,-133.49363,-37.98246,0,0,0,0
525,525000,-0.00609,0.00891,0.01108,0.01390,89.77879,-44.79105,-44.71888,-0.00731,0.01069,0.01330,0.01668,179.55757,-89.58210,-89.43775,0,0,0,0
526,526000,-0.00286,-0.00541,-0.00223,-0.01049,85.58671,-18.61203,-66.39781,-0.00343,-0.00649,-0.00268,-0.01259,171.17342,-37.22405,-132.79561,0,0,0,0
527,527000,-0.00001,-0.01061,0.00131,-0.00931,72.49037,9.70616,-82.29723,-0.00001,-0.01273,0.00158,-0.01117,144.98074,19.41231,-164.59445,0,0,0,0
528,528000,0.01102,-0.00188,0.00527,0.01441,53.01873,36.17990,-89.23904,0.01323,-0.00226,0.00632,0.01729,106.03746,72.35980,-178.47808,0,0,0,0
529,529000,0.01157,-0.00416,0.00377,0.01119,27.77732,60.50844,-87.63409,0.01388,-0.00499,0.00453,0.01342,55.55464,121.01687,-175.26819,0,0,0,0
530,530000,0.01355,-0.00679,-0.00315,0.00361,0.11650,77.64825,-77.97124,0.01626,-0.00815,-0.00378,0.00433,0.23301,155.29649,-155.94248,0,0,0,0
531,531000,-0.00072,-0.00963,0.00407,-0.00629,-27.70576,87.75647,-59.70518,-0.00087,-0.01156,0.00489,-0.00754,-55.41152,175.51293,-119.41035,0,0,0,0
532,532000,-0.01242,0.00228,0.00299,-0.00715,-52.86302,89.32309,-36.19812,-0.01491,0.00274,0.00359,-0.00857,-105.72604,178.64619,-72.39625,0,0,0,0
533,533000,-0.01400,0.00808,0.00812,0.00219,-72.84614,82.06488,-9.44115,-0.01680,0.00969,0.00974,0.00263,-145.69228,164.12976,-18.88229,0,0,0,0
534,534000,0.01364,-0.00305,0.00215,0.01274,-85.53897,66.63238,18.36445,0.01636,-0.00366,0.00259,0.01529,-171.07794,133.26476,36.72890,0,0,0,0
535,535000,-0.00590,0.00377,-0.01239,-0.01453,-90.20946,44.66574,44.85507,-0.00708,0.00452,-0.01487,-0.01743,-180.41891,89.33149,89.71013,0,0,0,0
536,536000,0.00161,-0.01296,-0.00112,-0.01248,-85.83837,18.36606,66.78217,0.00193,-0.01555,-0.00135,-0.01497,-171.67673,36.73212,133.56434,0,0,0,0
537,537000,-0.01215,-0.00762,0.00542,-0.01435,-72.46924,-9.41398,82.37585,-0.01458,-0.00915,0.00651,-0.01723,-144.93848,-18.82795,164.75170,0,0,0,0
538,538000,0.00906,-0.00653,-0.01255,-0.01002,-53.11189,-36.58025,89.32003,0.01087,-0.00783,-0.01506,-0.01202,-106.22378,-73.16050,178.64006,0,0,0,0
539,539000,0.00856,0.00418,-0.01288,-0.00014,-27.54709,-59.74742,87.90881,0.01027,0.00502,-0.01546,-0.00017,-55.09418,-119.49485,175.81762,0,0,0,0
540,540000,-0.00742,-0.00559,-0.00901,-0.02202,0.12976,-77.76029,77.98981,-0.00890,-0.00671,-0.01081,-0.02642,0.25952,-155.52058,155.97963,0,0,0,0
541,541000,-0.01118,0.00540,0.01151,0.00574,28.14029,-87.94995,60.15790,-0.01341,0.00648,0.01382,0.00688,56.28058,-175.89989,120.31579,0,0,0,0
542,542000,-0.00957,0.00588,-0.00654,-0.01022,52.59726,-89.70310,36.19434,-0.01148,0.00706,-0.00784,-0.01227,105.19452,-179.40619,72.38869,0,0,0,0
543,543000,0.00396,-0.00584,0.00290,0.00101,72.31482,-81.63918,9.29069,0.00475,-0.00701,0.00347,0.00122,144.62963,-163.27836,18.58138,0,0,0,0
544,544000,0.00894,0.00294,0.00986,0.02174,85.26576,-66.42683,-18.27961,0.01072,0.00353,0.01183,0.02609,170.53153,-132.85366,-36.55921,0,0,0,0
545,545000,-0.01226,-0.00250,0.00883,-0.00593,89.83323,-44.76213,-44.81057,-0.01471,-0.00300,0.01060,-0.00712,179.66647,-89.52426,-89.62115,0,0,0,0
546,546000,0.01056,0.00050,0.00772,0.01877,85.61576,-18.42508,-66.94376,0.01267,0.00060,0.00926,0.02253,171.23152,-36.85016,-133.88752,0,0,0,0
547,547000,0.01329,-0.00175,0.00210,0.01365,72.91348,9.32738,-81.80587,0.01595,-0.00210,0.00252,0.01638,145.82695,18.65476,-163.61174,0,0,0,0
548,548000,0.01303,0.00180,0.01229,0.02711,53.02152,36.19849,-89.58886,0.01564,0.00216,0.01474,0.03253,106.04304,72.39698,-179.17772,0,0,0,0
549,549000,-0.00326,0.01057,-0.00671,0.00060,27.79935,60.31831,-87.66876,-0.00391,0.01269,-0.00806,0.00072,55.59871,120.63662,-175.33753,0,0,0,0
550,550000,-0.00773,0.00209,0.01010,0.00447,0.15090,77.42595,-77.98711,-0.00927,0.00251,0.01212,0.00536,0.30180,154.85190,-155.97422,0,0,0,0
551,551000,0.00504,0.00094,0.01259,0.01857,-28.09520,88.06898,-60.39015,0.00605,0.00113,0.01510,0.02229,-56.19039,176.13796,-120.78031,0,0,0,0
552,552000,-0.00126,-0.01258,-0.01034,-0.02418,-52.60754,89.35900,-36.41192,-0.00151,-0.01510,-0.01241,-0.02902,-105.21509,178.71800,-72.82384,0,0,0,0
553,553000,-0.01168,-0.00176,0.00131,-0.01214,-72.39059,82.21738,-9.77022,-0.01402,-0.00211,0.00157,-0.01456,-144.78118,164.43477,-19.54045,0,0,0,0
554,554000,0.01410,-0.00452,-0.00476,0.00483,-85.55035,66.58719,18.83606,0.01692,-0.00542,-0.00571,0.00579,-171.10071,133.17439,37.67211,0,0,0,0
555,555000,-0.00611,0.00574,0.01194,0.01157,-90.17594,45.28653,44.49998,-0.00734,0.00689,0.01432,0.01388,-180.35188,90.57306,88.99997,0,0,0,0
556,556000,0.01092,0.01364,-0.00540,0.01916,-85.86301,18.62597,67.06642,0.01310,0.01637,-0.00648,0.02299,-171.72602,37.25194,134.13285,0,0,0,0
557,557000,0.01267,-0.00827,0.01368,0.01808,-72.64979,-8.97658,81.89000,0.01521,-0.00993,0.01641,0.02170,-145.29957,-17.95317,163.78000,0,0,0,0
558,558000,-0.00350,0.00443,0.00215,0.00308,-52.86306,-36.22217,89.23365,-0.00420,0.00531,0.00258,0.00370,-105.72612,-72.44435,178.46730,0,0,0,0
559,559000,-0.01167,-0.00302,-0.00076,-0.01545,-28.00595,-59.95680,88.10198,-0.01400,-0.00363,-0.00091,-0.01854,-56.01189,-119.91360,176.20396,0,0,0,0
560,560000,0.01085,-0.00406,-0.00385,0.00294,0.01465,-77.48687,77.88823,0.01302,-0.00487,-0.00462,0.00353,0.02929,-154.97374,155.77646,0,0,0,0
561,561000,-0.00353,-0.00524,-0.01395,-0.02272,27.62876,-87.40341,60.48815,-0.00424,-0.00628,-0.01674,-0.02726,55.25751,-174.80683,120.97630,0,0,0,0
562,562000,-0.01148,0.00566,0.00097,-0.00485,52.49903,-88.88295,36.42934,-0.01378,0.00679,0.00116,-0.00582,104.99806,-177.76589,72.85869,0,0,0,0
563,563000,0.00718,0.00113,-0.01087,-0.00256,72.77889,-82.46737,9.13702,0.00861,0.00136,-0.01304,-0.00307,145.55777,-164.93474,18.27404,0,0,0,0
564,564000,0.00697,0.00520,-0.00669,0.00547,85.27726,-66.87431,-19.09575,0.00836,0.00624,-0.00803,0.00657,170.55452,-133.74863,-38.19150,0,0,0,0
565,565000,-0.00288,-0.01370,-0.00850,-0.02508,89.47383,-44.99907,-45.05358,-0.00346,-0.01644,-0.01019,-0.03009,178.94767,-89.99813,-90.10716,0,0,0,0
566,566000,-0.00345,-0.00523,0.01161,0.00293,85.79068,-18.29458,-66.34012,-0.00414,-0.00628,0.01393,0.00351,171.58136,-36.58917,-132.68024,0,0,0,0
567,567000,-0.01156,0.01088,0.00277,0.00210,72.51016,8.96209,-82.38599,-0.01387,0.01306,0.00333,0.00252,145.02031,17.92418,-164.77197,0,0,0,0
568,568000,0.00394,-0.00068,-0.00861,-0.00534,52.59446,36.97188,-89.01297,0.00473,-0.00081,-0.01033,-0.00641,105.18893,73.94376,-178.02595,0,0,0,0
569,569000,0.00559,-0.01042,0.00125,-0.00358,27.59586,60.08330,-87.58752,0.00671,-0.01251,0.00150,-0.00430,55.19173,120.16660,-175.17503,0,0,0,0
570,570000,-0.00839,-0.01369,0.00216,-0.01992,0.20716,78.13538,-78.03530,-0.01007,-0.01643,0.00260,-0.02390,0.41432,156.27076,-156.07060,0,0,0,0
571,571000,-0.00289,-0.00509,0.00402,-0.00396,-27.41115,88.13839,-59.75429,-0.00347,-0.00610,0.00483,-0.00475,-54.82231,176.27678,-119.50858,0,0,0,0
572,572000,-0.00589,-0.00619,-0.00073,-0.01282,-52.45572,89.15354,-36.72132,-0.00707,-0.00743,-0.00088,-0.01538,-104.91144,178.30708,-73.44263,0,0,0,0
573,573000,-0.01361,0.00888,0.00520,0.00046,-72.21252,81.79248,-9.62495,-0.01633,0.01065,0.00623,0.00055,-144.42504,163.58496,-19.24990,0,0,0,0
574,574000,0.00333,-0.00716,0.00020,-0.00363,-85.50543,66.38078,18.29351,0.00399,-0.00860,0.00024,-0.00436,-171.01085,132.76156,36.58702,0,0,0,0
575,575000,0.00739,-0.00527,0.01018,0.01230,-89.57777,45.04102,44.56226,0.00886,-0.00632,0.01222,0.01477,-179.15554,90.08203,89.12452,0,0,0,0
576,576000,-0.00298,0.00083,0.00311,0.00097,-85.01813,18.26631,67.12414,-0.00357,0.00100,0.00374,0.00116,-170.03627,36.53261,134.24827,0,0,0,0
577,577000,-0.00930,-0.00948,0.00966,-0.00912,-72.70650,-9.67668,82.28072,-0.01115,-0.01138,0.01159,-0.01094,-145.41300,-19.35335,164.56145,0,0,0,0
578,578000,0.00447,0.01114,-0.00653,0.00908,-53.21899,-36.83393,89.57590,0.00537,0.01337,-0.00784,0.01089,-106.43797,-73.66786,179.15179,0,0,0,0
579,579000,-0.01322,0.01367,-0.00856,-0.00810,-27.63417,-60.00298,87.42036,-0.01586,0.01641,-0.01027,-0.00972,-55.26833,-120.00597,174.84072,0,0,0,0
580,580000,0.00408,-0.00356,-0.00530,-0.00478,-0.19141,-77.38510,77.62168,0.00490,-0.00427,-0.00636,-0.00573,-0.38283,-154.77021,155.24336,0,0,0,0
581,581000,0.00516,0.00490,-0.00367,0.00639,27.76400,-87.56343,60.41404,0.00619,0.00588,-0.00440,0.00767,55.52800,-175.12686,120.82808,0,0,0,0
582,582000,-0.00627,0.00325,0.00507,0.00205,53.17922,-89.33881,36.33760,-0.00753,0.00390,0.00609,0.00246,106.35843,-178.67761,72.67520,0,0,0,0
583,583000,0.00585,0.00847,-0.00413,0.01019,72.77537,-81.81442,9.00626,0.00702,0.01017,-0.00496,0.01223,145.55074,-163.62883,18.01253,0,0,0,0
584,584000,0.00715,-0.01216,0.01215,0.00714,85.31219,-66.57235,-18.28181,0.00858,-0.01459,0.01458,0.00857,170.62438,-133.14469,-36.56361,0,0,0,0
585,585000,0.01149,-0.00337,-0.01235,-0.00423,89.55727,-44.53672,-44.54748,0.01379,-0.00405,-0.01482,-0.00508,179.11453,-89.07344,-89.09496,0,0,0,0
586,586000,0.01225,0.00118,-0.01101,0.00242,85.39238,-19.07452,-66.97490,0.01470,0.00142,-0.01321,0.00290,170.78475,-38.14904,-133.94980,0,0,0,0
587,587000,-0.00091,0.00451,-0.00307,0.00054,72.63081,9.28778,-81.62388,-0.00109,0.00542,-0.00368,0.00065,145.26162,18.57556,-163.24776,0,0,0,0
588,588000,-0.00268,0.01250,0.00440,0.01422,52.65638,36.68951,-89.23786,-0.00321,0.01500,0.00528,0.01707,105.31276,73.37902,-178.47573,0,0,0,0
589,589000,-0.00055,-0.00822,0.00982,0.00105,27.58556,60.08312,-87.85535,-0.00066,-0.00986,0.01178,0.00126,55.17111,120.16623,-175.71070,0,0,0,0
590,590000,0.01171,0.01398,0.00590,0.03159,-0.22692,77.90670,-77.59323,0.01405,0.01678,0.00708,0.03791,-0.45383,155.81340,-155.18646,0,0,0,0
591,591000,0.00526,-0.00327,-0.00279,-0.00080,-28.06496,87.56214,-60.24062,0.00631,-0.00392,-0.00335,-0.00096,-56.12993,175.12429,-120.48125,0,0,0,0
592,592000,-0.00877,0.00705,0.00213,0.00041,-52.52207,89.64882,-36.72884,-0.01052,0.00846,0.00255,0.00049,-105.04414,179.29764,-73.45768,0,0,0,0
593,593000,0.00817,-0.00090,-0.00997,-0.00269,-73.10768,82.37013,-9.26298,0.00981,-0.00108,-0.01196,-0.00323,-146.21536,164.74026,-18.52596,0,0,0,0
594,594000,0.00473,-0.00707,0.00576,0.00342,-85.31131,66.91520,18.59995,0.00568,-0.00848,0.00691,0.00411,-170.62262,133.83039,37.19991,0,0,0,0
595,595000,0.00446,-0.01293,0.01412,0.00564,-89.62469,44.69712,45.32593,0.00535,-0.01552,0.01694,0.00677,-179.24937,89.39424,90.65187,0,0,0,0
596,596000,-0.00920,0.00384,-0.00718,-0.01254,-85.65931,19.10744,66.82245,-0.01105,0.00461,-0.00861,-0.01505,-171.31861,38.21489,133.64490,0,0,0,0
597,597000,0.01104,0.00684,-0.00412,0.01375,-72.42106,-8.99255,81.90360,0.01324,0.00821,-0.00495,0.01651,-144.84213,-17.98510,163.80721,0,0,0,0
598,598000,-0.00230,0.00691,-0.00087,0.00375,-52.76700,-36.11254,89.03310,-0.00276,0.00830,-0.00104,0.00450,-105.53401,-72.22508,178.06620,0,0,0,0
599,599000,-0.01285,0.00599,0.00279,-0.00407,-27.38539,-59.89375,88.24698,-0.01543,0.00719,0.00335,-0.00489,-54.77077,-119.78749,176.49395,0,0,0,0
600,600000,0.00489,-0.01195,0.00617,-0.00089,-0.11918,-77.61651,77.62349,0.00587,-0.01434,0.00740,-0.00107,-0.23835,-155.23302,155.24697,0,0,0,0
601,601000,0.00961,0.00625,-0.00024,0.01561,28.07512,-87.57228,60.53927,0.01153,0.00750,-0.00029,0.01873,56.15024,-175.14455,121.07854,0,0,0,0
602,602000,-0.00198,0.00690,-0.00935,-0.00443,52.90537,-89.57455,36.88145,-0.00238,0.00828,-0.01122,-0.00532,105.81074,-179.14910,73.76289,0,0,0,0
603,603000,0.00326,0.00020,0.00907,0.01253,72.41719,-82.45043,9.68380,0.00391,0.00024,0.01089,0.01504,144.83438,-164.90085,19.36761,0,0,0,0
604,604000,0.00140,0.01334,-0.00033,0.01441,85.15321,-67.04843,-18.38203,0.00168,0.01601,-0.00039,0.01729,170.30643,-134.09686,-36.76407,0,0,0,0
605,605000,-0.00947,0.00570,-0.00755,-0.01131,89.62929,-44.73135,-44.91793,-0.01136,0.00684,-0.00906,-0.01357,179.25859,-89.46271,-89.83585,0,0,0,0
606,606000,-0.00439,0.00947,-0.00915,-0.00406,85.11671,-18.44861,-66.98546,-0.00526,0.01137,-0.01098,-0.00487,170.23341,-36.89722,-133.97092,0,0,0,0
607,607000,-0.00957,0.01159,0.00427,0.00629,72.22544,9.10075,-81.98139,-0.01148,0.01391,0.00512,0.00755,144.45088,18.20150,-163.96278,0,0,0,0
608,608000,0.00288,-0.01327,0.00258,-0.00780,53.12006,36.47576,-89.36515,0.00346,-0.01592,0.00310,-0.00936,106.24012,72.95151,-178.73029,0,0,0,0
609,609000,-0.01079,0.00085,-0.01278,-0.02271,27.41857,60.49220,-87.75761,-0.01294,0.00102,-0.01533,-0.02726,54.83714,120.98439,-175.51522,0,0,0,0
610,610000,-0.01018,-0.00190,0.00724,-0.00484,0.23628,77.89468,-77.50554,-0.01221,-0.00228,0.00868,-0.00581,0.47256,155.78937,-155.01108,0,0,0,0
611,611000,0.00822,-0.01278,0.00288,-0.00168,-27.39745,87.63824,-60.47455,0.00987,-0.01534,0.00346,-0.00202,-54.79489,175.27648,-120.94909,0,0,0,0
612,612000,-0.00826,-0.01031,0.00749,-0.01108,-52.41792,89.76745,-36.73352,-0.00991,-0.01238,0.00898,-0.01330,-104.83583,179.53489,-73.46703,0,0,0,0
613,613000,-0.01032,-0.01067,0.00632,-0.01467,-73.05076,82.27799,-9.04804,-0.01238,-0.01281,0.00758,-0.01761,-146.10153,164.55598,-18.09607,0,0,0,0
614,614000,-0.00965,-0.00727,-0.00801,-0.02493,-85.82766,66.49201,19.10869,-0.01158,-0.00872,-0.00961,-0.02992,-171.65531,132.98402,38.21738,0,0,0,0
615,615000,-0.00742,-0.00014,0.00272,-0.00484,-89.49278,44.99714,44.60514,-0.00891,-0.00017,0.00326,-0.00581,-178.98555,89.99427,89.21028,0,0,0,0
616,616000,0.01164,-0.01045,-0.01218,-0.01099,-85.58777,18.26722,66.69544,0.01397,-0.01254,-0.01462,-0.01318,-171.17554,36.53444,133.39088,0,0,0,0
617,617000,-0.00297,0.00999,0.01269,0.01972,-72.40994,-8.99448,82.24173,-0.00356,0.01199,0.01523,0.02366,-144.81988,-17.98896,164.48347,0,0,0,0
618,618000,0.00094,0.00168,-0.00776,-0.00515,-53.00903,-36.57172,88.88869,0.00113,0.00201,-0.00931,-0.00618,-106.01807,-73.14344,177.77738,0,0,0,0
619,619000,-0.00776,-0.00142,-0.00695,-0.01613,-27.36122,-60.45862,87.78535,-0.00931,-0.00171,-0.00834,-0.01936,-54.72243,-120.91725,175.57070,0,0,0,0
620,620000,-0.00932,-0.01321,-0.01350,-0.03603,0.16574,-77.37326,77.65353,-0.01119,-0.01585,-0.01620,-0.04323,0.33148,-154.74653,155.30705,0,0,0,0
621,621000,0.00597,0.00700,-0.01035,0.00261,28.01257,-87.92735,60.26100,0.00716,0.00839,-0.01242,0.00313,56.02514,-175.85470,120.52200,0,0,0,0
622,622000,-0.00068,0.00235,0.01355,0.01522,52.53811,-88.99280,36.91414,-0.00082,0.00282,0.01626,0.01826,105.07622,-177.98560,73.82827,0,0,0,0
623,623000,0.00622,0.00881,-0.00124,0.01378,72.86937,-81.68774,9.79265,0.00746,0.01057,-0.00149,0.01654,145.73874,-163.37547,19.58529,0,0,0,0
624,624000,0.01126,0.00388,-0.00508,0.01005,85.42778,-66.53593,-18.63876,0.01351,0.00465,-0.00609,0.01207,170.85557,-133.07186,-37.27752,0,0,0,0
625,625000,-0.00768,0.01099,0.00156,0.00487,90.15532,-45.28366,-44.70210,-0.00921,0.01319,0.00187,0.00585,180.31065,-90.56732,-89.40420,0,0,0,0
626,626000,0.00945,-0.00483,0.01279,0.01740,85.50607,-19.00348,-67.17579,0.01134,-0.00580,0.01534,0.02088,171.01214,-38.00696,-134.35159,0,0,0,0
627,627000,0.01092,-0.01407,-0.00109,-0.00424,72.52675,8.98303,-82.04544,0.01310,-0.01689,-0.00131,-0.00509,145.05350,17.96606,-164.09087,0,0,0,0
628,628000,0.00577,-0.00841,-0.00526,-0.00790,52.81206,36.21107,-89.32201,0.00692,-0.01009,-0.00631,-0.00948,105.62411,72.42214,-178.64403,0,0,0,0
629,629000,0.00455,-0.00998,-0.00384,-0.00927,27.53946,60.01553,-87.64243,0.00545,-0.01197,-0.00460,-0.01112,55.07892,120.03107,-175.28485,0,0,0,0
630,630000,-0.00588,-0.00798,-0.01162,-0.02548,-0.44381,77.67548,-78.21329,-0.00705,-0.00958,-0.01395,-0.03058,-0.88763,155.35096,-156.42658,0,0,0,0
631,631000,0.00599,-0.01176,0.00501,-0.00077,-27.49453,87.74866,-60.50810,0.00719,-0.01411,0.00601,-0.00092,-54.98906,175.49733,-121.01619,0,0,0,0
632,632000,0.00796,0.01072,0.01070,0.02938,-52.63110,89.07858,-36.76028,0.00955,0.01287,0.01284,0.03525,-105.26219,178.15716,-73.52056,0,0,0,0
633,633000,-0.01385,-0.00159,-0.01250,-0.02793,-72.85991,82.14737,-9.10818,-0.01662,-0.00190,-0.01500,-0.03352,-145.71982,164.29474,-18.21636,0,0,0,0
634,634000,-0.00817,0.00840,0.00456,0.00480,-85.55787,66.63302,18.36741,-0.00980,0.01008,0.00548,0.00575,-171.11574,133.26604,36.73481,0,0,0,0
635,635000,-0.00838,-0.01116,-0.00449,-0.02402,-89.39754,44.80533,44.51757,-0.01005,-0.01339,-0.00538,-0.02882,-178.79507,89.61066,89.03515,0,0,0,0
636,636000,-0.00346,-0.00911,-0.00353,-0.01610,-85.69945,19.06819,67.03206,-0.00415,-0.01094,-0.00423,-0.01932,-171.39890,38.13639,134.06413,0,0,0,0
637,637000,0.00921,0.00817,-0.00967,0.00770,-72.59272,-9.74945,82.34390,0.01105,0.00980,-0.01160,0.00924,-145.18543,-19.49889,164.68780,0,0,0,0
638,638000,0.00699,0.00970,0.00954,0.02623,-52.66624,-36.32283,89.39715,0.00839,0.01164,0.01145,0.03147,-105.33247,-72.64566,178.79430,0,0,0,0
639,639000,-0.00639,0.00797,-0.01011,-0.00853,-27.89666,-59.97554,87.78907,-0.00767,0.00957,-0.01214,-0.01024,-55.79332,-119.95107,175.57814,0,0,0,0
640,640000,-0.00579,-0.00744,0.00770,-0.00554,-0.39496,-77.35910,77.72238,-0.00695,-0.00893,0.00923,-0.00664,-0.78992,-154.71820,155.44476,0,0,0,0
641,641000,-0.00733,0.01257,0.01047,0.01570,27.87239,-87.47132,59.72387,-0.00880,0.01508,0.01256,0.01885,55.74479,-174.94264,119.44774,0,0,0,0
642,642000,0.00746,0.00818,-0.00841,0.00722,52.53278,-89.76311,36.91331,0.00895,0.00981,-0.01009,0.00867,105.06557,-179.52623,73.82663,0,0,0,0
643,643000,0.00800,-0.01025,0.01138,0.00913,72.73560,-82.04695,9.49592,0.00960,-0.01230,0.01366,0.01095,145.47120,-164.09391,18.99183,0,0,0,0
644,644000,-0.00148,-0.00670,0.00218,-0.00601,85.05930,-66.71828,-18.49206,-0.00178,-0.00804,0.00262,-0.00721,170.11861,-133.43655,-36.98412,0,0,0,0
645,645000,0.01354,0.01398,-0.00121,0.02631,90.12897,-44.80085,-44.64505,0.01625,0.01677,-0.00145,0.03158,180.25795,-89.60171,-89.29009,0,0,0,0
646,646000,-0.00557,0.00965,0.00996,0.01403,85.52144,-18.81890,-66.81610,-0.00669,0.01158,0.01195,0.01684,171.04289,-37.63780,-133.63220,0,0,0,0
647,647000,-0.00389,0.01041,-0.00727,-0.00075,72.90811,9.75195,-82.00912,-0.00467,0.01249,-0.00872,-0.00090,145.81621,19.50390,-164.01823,0,0,0,0
648,648000,-0.00028,-0.00108,-0.01329,-0.01466,52.49883,36.72533,-89.23776,-0.00034,-0.00130,-0.01595,-0.01759,104.99765,73.45066,-178.47552,0,0,0,0
649,649000,0.00472,0.00308,0.00533,0.01313,28.05688,60.21307,-87.84573,0.00567,0.00370,0.00640,0.01576,56.11376,120.42614,-175.69147,0,0,0,0
650,650000,-0.00209,0.00891,0.00979,0.01661,-0.27266,78.18794,-77.77200,-0.00251,0.01069,0.01175,0.01993,-0.54533,156.37589,-155.54400,0,0,0,0
651,651000,-0.00406,0.00297,0.01114,0.01006,-27.94326,87.99622,-59.82157,-0.00487,0.00357,0.01337,0.01207,-55.88653,175.99244,-119.64315,0,0,0,0
652,652000,-0.00898,-0.01284,-0.00349,-0.02531,-52.70670,89.54989,-36.14082,-0.01078,-0.01541,-0.00419,-0.03038,-105.41341,179.09979,-72.28164,0,0,0,0
653,653000,0.00597,-0.00052,0.00969,0.01514,-72.70903,82.31674,-9.17641,0.00716,-0.00063,0.01163,0.01816,-145.41806,164.63348,-18.35283,0,0,0,0
654,654000,-0.00698,-0.01266,-0.00736,-0.02701,-85.56235,66.89043,18.87354,-0.00837,-0.01520,-0.00884,-0.03241,-171.12470,133.78086,37.74709,0,0,0,0
655,655000,-0.00051,-0.00891,0.01401,0.00459,-90.08405,44.53615,44.60665,-0.00061,-0.01070,0.01682,0.00551,-180.16809,89.07231,89.21329,0,0,0,0
656,656000,0.01352,-0.00335,0.00458,0.01475,-85.66248,18.71546,66.84735,0.01623,-0.00402,0.00549,0.01770,-171.32497,37.43093,133.69471,0,0,0,0
657,657000,0.01317,-0.00843,0.00711,0.01184,-72.85650,-9.62849,81.75193,0.01580,-0.01012,0.00853,0.01421,-145.71301,-19.25698,163.50385,0,0,0,0
658,658000,-0.00539,0.01028,-0.00929,-0.00440,-52.65098,-36.88598,89.38178,-0.00647,0.01234,-0.01115,-0.00527,-105.30196,-73.77196,178.76356,0,0,0,0
659,659000,-0.00018,0.00398,0.00431,0.00811,-27.79260,-59.74684,87.63647,-0.00021,0.00478,0.00517,0.00973,-55.58520,-119.49368,175.27294,0,0,0,0
660,660000,-0.00506,-0.01068,-0.00032,-0.01606,-0.17351,-77.35508,78.20523,-0.00607,-0.01282,-0.00038,-0.01927,-0.34703,-154.71016,156.41046,0,0,0,0
661,661000,0.00593,0.00854,0.01184,0.02631,27.34947,-87.57547,60.09728,0.00711,0.01025,0.01421,0.03157,54.69895,-175.15093,120.19456,0,0,0,0
662,662000,0.00920,0.01354,-0.01115,0.01160,52.82371,-89.76281,36.16158,0.01104,0.01625,-0.01338,0.01392,105.64743,-179.52562,72.32316,0,0,0,0
663,663000,-0.00446,0.01395,0.01360,0.02309,73.01109,-82.44759,9.08130,-0.00535,0.01674,0.01632,0.02770,146.02218,-164.89517,18.16261,0,0,0,0
664,664000,-0.00766,-0.00148,0.01154,0.00240,85.53641,-67.10301,-18.42914,-0.00919,-0.00178,0.01385,0.00288,171.07283,-134.20601,-36.85827,0,0,0,0
665,665000,-0.00777,-0.00760,-0.01087,-0.02624,89.37511,-44.92679,-44.60255,-0.00932,-0.00912,-0.01305,-0.03148,178.75021,-89.85358,-89.20511,0,0,0,0
666,666000,0.01156,-0.00062,0.00684,0.01779,85.46704,-19.00371,-67.05807,0.01388,-0.00075,0.00821,0.02134,170.93408,-38.00743,-134.11615,0,0,0,0
667,667000,0.00440,0.00005,0.00797,0.01242,72.76633,9.83473,-81.60508,0.00528,0.00005,0.00957,0.01490,145.53267,19.66945,-163.21015,0,0,0,0
668,668000,-0.00620,0.00259,-0.00151,-0.00512,53.18587,36.57770,-89.12573,-0.00744,0.00311,-0.00181,-0.00614,106.37173,73.15540,-178.25146,0,0,0,0
669,669000,-0.00795,-0.00170,0.00655,-0.00310,28.07170,59.84926,-87.63273,-0.00954,-0.00204,0.00786,-0.00372,56.14340,119.69853,-175.26546,0,0,0,0
670,670000,-0.01122,0.00752,0.01101,0.00731,0.04209,77.69494,-77.72759,-0.01346,0.00903,0.01321,0.00877,0.08418,155.38988,-155.45517,0,0,0,0
671,671000,-0.01299,-0.00197,0.00046,-0.01450,-27.69842,87.84566,-60.43141,-0.01559,-0.00236,0.00055,-0.01740,-55.39683,175.69131,-120.86281,0,0,0,0
672,672000,0.01408,-0.00518,0.00741,0.01631,-52.61974,89.71186,-36.45518,0.01690,-0.00622,0.00889,0.01957,-105.23948,179.42372,-72.91036,0,0,0,0
673,673000,0.01067,-0.00619,-0.01184,-0.00736,-72.65222,82.35770,-9.46808,0.01280,-0.00743,-0.01420,-0.00883,-145.30445,164.71539,-18.93617,0,0,0,0
674,674000,-0.01272,-0.00075,-0.00365,-0.01712,-85.75689,66.81942,18.39301,-0.01526,-0.00090,-0.00438,-0.02054,-171.51377,133.63884,36.78601,0,0,0,0
675,675000,0.00535,0.00727,0.00267,0.01529,-89.72677,44.54138,45.29208,0.00642,0.00873,0.00321,0.01835,-179.45355,89.08275,90.58417,0,0,0,0
676,676000,0.00359,0.00293,0.00951,0.01603,-85.49785,18.87516,66.99057,0.00431,0.00351,0.01142,0.01924,-170.99571,37.75032,133.98114,0,0,0,0
677,677000,0.00851,0.00746,-0.00277,0.01321,-72.45539,-9.63746,82.40991,0.01022,0.00896,-0.00332,0.01585,-144.91077,-19.27492,164.81983,0,0,0,0
678,678000,-0.00145,-0.01289,-0.00498,-0.01932,-52.85371,-36.21661,89.61188,-0.00174,-0.01547,-0.00598,-0.02319,-105.70742,-72.43322,179.22376,0,0,0,0
679,679000,0.00771,0.01257,-0.00784,0.01243,-27.36369,-60.15622,87.44234,0.00925,0.01508,-0.00941,0.01492,-54.72738,-120.31244,174.88469,0,0,0,0
680,680000,-0.01257,0.01256,0.00431,0.00430,0.29502,-77.91564,77.83143,-0.01509,0.01508,0.00517,0.00516,0.59004,-155.83127,155.66286,0,0,0,0
681,681000,-0.01345,0.00733,-0.01378,-0.01989,27.71745,-87.61374,60.48072,-0.01614,0.00880,-0.01653,-0.02387,55.43490,-175.22748,120.96145,0,0,0,0
682,682000,0.00278,0.00536,0.01142,0.01956,53.10420,-89.29656,36.32279,0.00334,0.00643,0.01370,0.02347,106.20839,-178.59311,72.64559,0,0,0,0
683,683000,0.00182,-0.00600,0.00766,0.00348,72.84976,-82.24248,9.48643,0.00218,-0.00720,0.00919,0.00418,145.69953,-164.48496,18.97286,0,0,0,0
684,684000,0.00034,-0.00994,-0.01314,-0.02275,85.08431,-67.10436,-18.39283,0.00041,-0.01193,-0.01577,-0.02730,170.16861,-134.20872,-36.78565,0,0,0,0
685,685000,0.00432,0.00711,-0.01396,-0.00253,90.03268,-45.31532,-44.70729,0.00519,0.00853,-0.01675,-0.00303,180.06536,-90.63064,-89.41457,0,0,0,0
686,686000,-0.00731,0.00840,-0.01084,-0.00975,85.42839,-18.33611,-66.50078,-0.00877,0.01008,-0.01301,-0.01170,170.85678,-36.67222,-133.00157,0,0,0,0
687,687000,0.00139,-0.01189,-0.00841,-0.01891,72.39061,9.37157,-81.83813,0.00166,-0.01427,-0.01009,-0.02269,144.78122,18.74314,-163.67626,0,0,0,0
688,688000,-0.01312,-0.01151,0.00852,-0.01611,53.16726,36.77624,-89.59220,-0.01574,-0.01381,0.01023,-0.01933,106.33452,73.55249,-179.18440,0,0,0,0
689,689000,0.00170,0.01377,-0.00146,0.01402,27.83680,59.69734,-87.64391,0.00204,0.01653,-0.00175,0.01682,55.67359,119.39469,-175.28782,0,0,0,0
690,690000,-0.01248,-0.01068,-0.01407,-0.03723,0.16052,77.99436,-77.55035,-0.01497,-0.01281,-0.01689,-0.04468,0.32104,155.98872,-155.10070,0,0,0,0
691,691000,0.01414,0.00563,0.00421,0.02398,-27.52793,87.84011,-60.34216,0.01697,0.00676,0.00505,0.02878,-55.05586,175.68023,-120.68432,0,0,0,0
692,692000,-0.00564,-0.01225,0.00202,-0.01586,-52.72029,88.87704,-36.89144,-0.00677,-0.01470,0.00243,-0.01904,-105.44058,177.75408,-73.78288,0,0,0,0
693,693000,-0.00162,0.01261,-0.00022,0.01077,-72.38290,81.66440,-9.36562,-0.00195,0.01513,-0.00027,0.01292,-144.76580,163.32880,-18.73124,0,0,0,0
694,694000,0.00638,0.00112,0.01078,0.01829,-85.13543,67.02836,18.69491,0.00766,0.00135,0.01294,0.02195,-170.27086,134.05672,37.38982,0,0,0,0
695,695000,-0.00416,0.01104,-0.00532,0.00155,-89.90425,45.00889,44.70244,-0.00499,0.01325,-0.00639,0.00187,-179.80850,90.01778,89.40487,0,0,0,0
696,696000,-0.00468,0.01322,-0.01333,-0.00479,-85.81550,18.37764,66.70798,-0.00562,0.01587,-0.01600,-0.00575,-171.63100,36.75529,133.41596,0,0,0,0
697,697000,-0.01258,-0.00808,-0.00834,-0.02899,-73.07978,-9.30058,82.31093,-0.01509,-0.00969,-0.01000,-0.03479,-146.15956,-18.60116,164.62186,0,0,0,0
698,698000,0.01006,0.00296,-0.01412,-0.00110,-53.01766,-36.46969,89.42760,0.01207,0.00355,-0.01694,-0.00132,-106.03532,-72.93938,178.85521,0,0,0,0
699,699000,-0.01310,-0.00830,0.01091,-0.01049,-27.30771,-59.89111,88.27397,-0.01572,-0.00997,0.01309,-0.01259,-54.61543,-119.78222,176.54795,0,0,0,0
700,700000,0.00897,0.00301,0.00870,0.02069,-0.41232,-78.21870,78.00499,0.01077,0.00362,0.01044,0.02482,-0.82464,-156.43740,156.00998,0,0,0,0
701,701000,0.00454,0.01347,0.00682,0.02482,27.67673,-87.42532,60.19222,0.00545,0.01616,0.00818,0.02979,55.35345,-174.85065,120.38444,0,0,0,0
702,702000,-0.00587,0.00145,0.00328,-0.00115,52.61960,-89.67736,36.50305,-0.00705,0.00174,0.00394,-0.00138,105.23920,-179.35472,73.00611,0,0,0,0
703,703000,0.00670,0.00346,-0.00074,0.00942,72.79960,-81.98819,9.08233,0.00804,0.00415,-0.00088,0.01130,145.59921,-163.97638,18.16466,0,0,0,0
704,704000,-0.00732,0.00679,0.00708,0.00655,85.58524,-66.83323,-18.42490,-0.00878,0.00815,0.00849,0.00786,171.17048,-133.66646,-36.84979,0,0,0,0
705,705000,0.00736,0.00845,0.01100,0.02682,90.05693,-44.54802,-44.69746,0.00883,0.01015,0.01320,0.03218,180.11387,-89.09603,-89.39491,0,0,0,0
706,706000,0.00700,0.01408,-0.00868,0.01240,85.80420,-18.86925,-66.32428,0.00840,0.01689,-0.01041,0.01488,171.60840,-37.73850,-132.64855,0,0,0,0
707,707000,-0.00774,0.01181,-0.00152,0.00255,72.53701,9.35381,-82.43258,-0.00929,0.01417,-0.00182,0.00306,145.07402,18.70762,-164.86515,0,0,0,0
708,708000,-0.00442,-0.00425,0.00573,-0.00293,53.23928,36.40590,-88.88733,-0.00530,-0.00510,0.00688,-0.00352,106.47857,72.81180,-177.77465,0,0,0,0
709,709000,-0.00840,0.00304,0.00460,-0.00076,27.80609,60.17298,-87.96197,-0.01008,0.00365,0.00552,-0.00091,55.61218,120.34597,-175.92394,0,0,0,0
710,710000,-0.00023,0.01413,0.00091,0.01480,0.29931,77.91342,-77.55892,-0.00028,0.01695,0.00109,0.01777,0.59862,155.82684,-155.11784,0,0,0,0
711,711000,0.00821,-0.01294,-0.00859,-0.01331,-27.54377,88.29284,-59.88931,0.00985,-0.01552,-0.01030,-0.01597,-55.08754,176.58568,-119.77861,0,0,0,0
712,712000,0.00188,-0.00134,-0.00555,-0.00501,-52.89430,89.23380,-36.58601,0.00225,-0.00161,-0.00665,-0.00602,-105.78860,178.46761,-73.17201,0,0,0,0
713,713000,-0.01076,0.01090,-0.00385,-0.00371,-72.48966,81.85079,-9.68719,-0.01291,0.01308,-0.00462,-0.00445,-144.97932,163.70158,-19.37438,0,0,0,0
714,714000,-0.00055,-0.00429,-0.00351,-0.00835,-85.85022,66.79883,18.53175,-0.00066,-0.00515,-0.00421,-0.01002,-171.70044,133.59766,37.06349,0,0,0,0
715,715000,-0.00047,-0.01130,-0.00345,-0.01522,-89.67813,44.98360,45.13315,-0.00056,-0.01356,-0.00414,-0.01826,-179.35626,89.96720,90.26630,0,0,0,0
716,716000,0.00586,0.01138,-0.00613,0.01111,-85.65115,18.46398,66.30048,0.00704,0.01365,-0.00736,0.01333,-171.30229,36.92796,132.60096,0,0,0,0
717,717000,-0.00001,0.00541,-0.00297,0.00243,-72.74885,-9.62734,82.31304,-0.00001,0.00649,-0.00356,0.00292,-145.49771,-19.25468,164.62608,0,0,0,0
718,718000,0.01124,-0.01221,-0.01312,-0.01410,-53.20853,-36.71929,89.65029,0.01348,-0.01466,-0.01575,-0.01692,-106.41707,-73.43858,179.30059,0,0,0,0
719,719000,0.00473,0.00849,-0.00834,0.00489,-27.85411,-60.36166,87.52012,0.00568,0.01019,-0.01000,0.00586,-55.70823,-120.72332,175.04024,0,0,0,0
720,720000,-0.01148,0.00566,0.00804,0.00222,0.19067,-78.17171,78.19236,-0.01378,0.00680,0.00965,0.00267,0.38135,-156.34341,156.38472,0,0,0,0
721,721000,-0.00786,0.01369,-0.00963,-0.00380,28.07773,-87.86517,60.21552,-0.00944,0.01643,-0.01155,-0.00456,56.15545,-175.73034,120.43103,0,0,0,0
722,722000,0.00611,-0.00319,0.00575,0.00867,52.80571,-89.61911,36.59214,0.00733,-0.00382,0.00690,0.01040,105.61142,-179.23823,73.18427,0,0,0,0
723,723000,-0.00690,-0.00824,-0.00321,-0.01836,72.23258,-82.01957,9.27564,-0.00829,-0.00989,-0.00385,-0.02203,144.46516,-164.03914,18.55128,0,0,0,0
724,724000,0.00163,-0.00978,0.00315,-0.00500,85.20564,-66.46755,-18.98438,0.00195,-0.01173,0.00378,-0.00600,170.41127,-132.93509,-37.96876,0,0,0,0
725,725000,-0.00872,-0.01413,-0.00189,-0.02474,89.99290,-45.09001,-44.68726,-0.01047,-0.01695,-0.00226,-0.02968,179.98579,-90.18003,-89.37453,0,0,0,0
726,726000,-0.01133,-0.00100,-0.00988,-0.02221,85.54230,-19.03111,-66.81472,-0.01359,-0.00120,-0.01185,-0.02665,171.08460,-38.06222,-133.62944,0,0,0,0
727,727000,0.00342,0.00569,0.01347,0.02258,72.56369,9.46324,-81.61620,0.00410,0.00683,0.01617,0.02710,145.12739,18.92648,-163.23240,0,0,0,0
728,728000,0.01385,0.01112,-0.01318,0.01179,52.50632,36.16905,-89.06162,0.01663,0.01334,-0.01582,0.01414,105.01265,72.33810,-178.12323,0,0,0,0
729,729000,0.00766,0.01042,0.00688,0.02497,27.81054,59.97669,-88.04782,0.00919,0.01251,0.00826,0.02996,55.62108,119.95338,-176.09564,0,0,0,0
730,730000,-0.00411,-0.00925,0.00171,-0.01166,-0.40874,77.84057,-77.73094,-0.00493,-0.01110,0.00205,-0.01399,-0.81748,155.68113,-155.46189,0,0,0,0
731,731000,0.00837,-0.01308,-0.01229,-0.01700,-28.04459,88.04092,-60.40547,0.01005,-0.01570,-0.01474,-0.02040,-56.08918,176.08185,-120.81093,0,0,0,0
732,732000,-0.01275,-0.00623,-0.00669,-0.02566,-52.62106,88.91006,-36.28503,-0.01530,-0.00747,-0.00803,-0.03079,-105.24212,177.82011,-72.57006,0,0,0,0
733,733000,-0.01061,0.00262,-0.00644,-0.01444,-72.62776,81.98656,-9.06593,-0.01274,0.00314,-0.00773,-0.01733,-145.25552,163.97312,-18.13186,0,0,0,0
734,734000,-0.00046,0.00291,0.01117,0.01362,-85.21323,66.56768,19.05064,-0.00056,0.00349,0.01340,0.01634,-170.42646,133.13536,38.10127,0,0,0,0
735,735000,0.00621,-0.01025,0.00583,0.00179,-89.49453,45.25856,45.32036,0.00745,-0.01230,0.00700,0.00214,-178.98906,90.51713,90.64071,0,0,0,0
736,736000,0.00489,0.00804,-0.00433,0.00860,-85.80200,18.69477,66.94872,0.00587,0.00964,-0.00519,0.01032,-171.60401,37.38955,133.89744,0,0,0,0
737,737000,0.01202,-0.00784,0.00343,0.00761,-72.91974,-9.10527,82.05078,0.01442,-0.00941,0.00411,0.00913,-145.83948,-18.21055,164.10156,0,0,0,0
738,738000,0.00454,-0.00804,-0.00085,-0.00434,-52.36718,-36.64729,89.30964,0.00545,-0.00964,-0.00102,-0.00521,-104.73436,-73.29458,178.61928,0,0,0,0
739,739000,-0.01277,0.01366,0.01353,0.01443,-27.49361,-60.23482,87.41985,-0.01532,0.01639,0.01624,0.01731,-54.98723,-120.46963,174.83970,0,0,0,0
740,740000,-0.00211,-0.01079,-0.00383,-0.01673,0.01972,-77.42868,77.71636,-0.00253,-0.01295,-0.00460,-0.02008,0.03945,-154.85736,155.43273,0,0,0,0
741,741000,0.00617,0.00108,0.01003,0.01728,28.15152,-88.03034,60.16222,0.00741,0.00129,0.01204,0.02074,56.30303,-176.06067,120.32445,0,0,0,0
742,742000,-0.00473,0.00548,-0.00127,-0.00052,53.13667,-89.00151,36.20385,-0.00567,0.00657,-0.00153,-0.00063,106.27335,-178.00301,72.40771,0,0,0,0
743,743000,-0.01298,-0.00062,-0.00584,-0.01944,72.74001,-82.32538,9.50627,-0.01558,-0.00074,-0.00701,-0.02333,145.48002,-164.65076,19.01254,0,0,0,0
744,744000,0.00276,-0.00454,0.00245,0.00066,85.81364,-66.49755,-18.50970,0.00331,-0.00545,0.00293,0.00080,171.62727,-132.99509,-37.01940,0,0,0,0
745,745000,0.00210,0.01173,0.00393,0.01775,89.50546,-45.07792,-44.55931,0.00252,0.01407,0.00471,0.02130,179.01092,-90.15585,-89.11862,0,0,0,0
746,746000,0.01201,-0.00454,-0.01048,-0.00302,84.99107,-19.06932,-66.51739,0.01441,-0.00545,-0.01258,-0.00362,169.98215,-38.13864,-133.03477,0,0,0,0
747,747000,0.00777,0.01118,-0.01212,0.00683,72.31552,8.95545,-82.27430,0.00933,0.01342,-0.01455,0.00820,144.63104,17.91090,-164.54859,0,0,0,0
748,748000,-0.01326,-0.00425,-0.01001,-0.02751,52.72799,36.44698,-89.06240,-0.01591,-0.00510,-0.01201,-0.03301,105.45599,72.89396,-178.12480,0,0,0,0
749,749000,-0.00457,-0.00903,0.00865,-0.00495,28.03262,60.21827,-88.00251,-0.00548,-0.01084,0.01038,-0.00595,56.06524,120.43654,-176.00502,0,0,0,0
750,750000,-0.00504,-0.00083,0.01244,0.00657,-0.17231,77.51290,-77.71182,-0.00605,-0.00099,0.01492,0.00788,-0.34463,155.02579,-155.42364,0,0,0,0
751,751000,-0.00495,0.00292,-0.00619,-0.00822,-28.00311,88.21528,-59.98329,-0.00594,0.00350,-0.00742,-0.00986,-56.00621,176.43057,-119.96659,0,0,0,0
752,752000,-0.01249,-0.00428,-0.01212,-0.02890,-52.95033,89.52815,-36.33336,-0.01499,-0.00514,-0.01454,-0.03467,-105.90066,179.05630,-72.66672,0,0,0,0
753,753000,0.00139,0.00877,-0.00222,0.00794,-72.35881,82.36554,-9.35548,0.00167,0.01052,-0.00266,0.00953,-144.71762,164.73108,-18.71095,0,0,0,0
754,754000,-0.00221,0.00004,0.01402,0.01184,-85.14862,66.80395,18.73773,-0.00266,0.00004,0.01682,0.01421,-170.29725,133.60790,37.47546,0,0,0,0
755,755000,-0.00360,-0.00077,0.00213,-0.00225,-89.76508,44.66298,44.53634,-0.00432,-0.00093,0.00255,-0.00270,-179.53016,89.32596,89.07267,0,0,0,0
756,756000,0.00875,-0.00381,0.01268,0.01763,-84.98941,18.64643,66.95027,0.01050,-0.00457,0.01522,0.02115,-169.97883,37.29285,133.90055,0,0,0,0
757,757000,-0.00500,0.00489,0.00042,0.00031,-72.33438,-9.75005,82.04267,-0.00600,0.00586,0.00051,0.00037,-144.66877,-19.50010,164.08534,0,0,0,0
758,758000,0.01258,-0.01186,0.00168,0.00240,-52.75137,-36.13428,89.09554,0.01510,-0.01423,0.00201,0.00288,-105.50274,-72.26857,178.19109,0,0,0,0
759,759000,-0.00862,0.00473,0.01355,0.00966,-28.07426,-59.83927,87.55652,-0.01034,0.00568,0.01626,0.01159,-56.14853,-119.67854,175.11303,0,0,0,0
760,760000,-0.01026,-0.00253,-0.01291,-0.02569,0.07673,-77.73606,77.64082,-0.01231,-0.00304,-0.01549,-0.03083,0.15346,-155.47212,155.28165,0,0,0,0
761,761000,0.00543,0.00091,0.00565,0.01199,28.01224,-87.45507,59.95714,0.00651,0.00110,0.00678,0.01439,56.02448,-174.91013,119.91427,0,0,0,0
762,762000,-0.00266,0.00991,0.00755,0.01479,52.99540,-89.54743,36.30393,-0.00320,0.01189,0.00906,0.01775,105.99079,-179.09487,72.60785,0,0,0,0
763,763000,0.00786,-0.01070,-0.01076,-0.01361,73.02662,-82.27791,9.29088,0.00943,-0.01284,-0.01292,-0.01633,146.05325,-164.55583,18.58176,0,0,0,0
764,764000,0.00439,0.01094,-0.01272,0.00261,85.30828,-66.76859,-18.79557,0.00527,0.01312,-0.01526,0.00313,170.61656,-133.53718,-37.59114,0,0,0,0
765,765000,0.00893,0.00288,-0.00801,0.00380,89.99896,-44.85155,-44.77374,0.01072,0.00346,-0.00961,0.00456,179.99792,-89.70311,-89.54748,0,0,0,0
766,766000,0.00351,0.00158,0.00114,0.00623,85.51599,-18.65597,-66.99652,0.00421,0.00190,0.00136,0.00747,171.03197,-37.31194,-133.99304,0,0,0,0
767,767000,-0.01173,0.00107,-0.00639,-0.01705,72.43824,9.53499,-81.91581,-0.01407,0.00128,-0.00767,-0.02046,144.87647,19.06999,-163.83163,0,0,0,0
768,768000,-0.00152,-0.01108,-0.00357,-0.01617,52.47751,36.14521,-89.09228,-0.00183,-0.01329,-0.00428,-0.01940,104.95503,72.29042,-178.18457,0,0,0,0
769,769000,-0.00750,-0.00083,0.01089,0.00256,27.91224,60.11764,-87.85112,-0.00900,-0.00100,0.01307,0.00307,55.82449,120.23528,-175.70224,0,0,0,0
770,770000,-0.01364,0.00161,0.01379,0.00176,-0.09436,77.38932,-77.80808,-0.01637,0.00193,0.01655,0.00212,-0.18871,154.77865,-155.61615,0,0,0,0
771,771000,-0.01356,-0.00404,-0.01127,-0.02888,-27.84072,88.19725,-60.04246,-0.01628,-0.00485,-0.01352,-0.03465,-55.68144,176.39449,-120.08491,0,0,0,0
772,772000,-0.00481,0.00667,-0.01109,-0.00922,-53.19666,89.25679,-36.36836,-0.00577,0.00801,-0.01330,-0.01107,-106.39332,178.51359,-72.73672,0,0,0,0
773,773000,0.00735,0.00527,0.00828,0.02090,-72.75137,82.12025,-9.31905,0.00882,0.00633,0.00994,0.02508,-145.50274,164.24051,-18.63811,0,0,0,0
774,774000,-0.00500,0.00869,0.00333,0.00702,-85.38201,66.55501,18.85581,-0.00599,0.01043,0.00399,0.00843,-170.76402,133.11002,37.71162,0,0,0,0
775,775000,-0.00100,-0.00495,0.00032,-0.00564,-90.16376,45.29726,44.72711,-0.00120,-0.00594,0.00038,-0.00676,-180.32751,90.59453,89.45422,0,0,0,0
776,776000,-0.00813,0.00408,0.00055,-0.00350,-85.54076,18.76296,66.96505,-0.00976,0.00490,0.00066,-0.00420,-171.08153,37.52592,133.93010,0,0,0,0
777,777000,-0.01023,-0.01153,-0.00629,-0.02806,-72.46574,-9.02676,81.76945,-0.01228,-0.01384,-0.00755,-0.03367,-144.93147,-18.05351,163.53890,0,0,0,0
778,778000,-0.00580,-0.01134,-0.00489,-0.02203,-53.14586,-36.55870,89.14453,-0.00696,-0.01361,-0.00587,-0.02644,-106.29173,-73.11740,178.28906,0,0,0,0
779,779000,0.00542,-0.00012,0.00576,0.01106,-27.54338,-60.36153,87.65854,0.00651,-0.00015,0.00691,0.01327,-55.08676,-120.72305,175.31708,0,0,0,0
780,780000,0.00801,-0.00294,-0.00209,0.00298,0.18096,-77.96284,77.59644,0.00961,-0.00353,-0.00251,0.00358,0.36192,-155.92569,155.19289,0,0,0,0
781,781000,0.01300,-0.01322,-0.00787,-0.00808,28.04713,-87.53986,60.36225,0.01560,-0.01586,-0.00944,-0.00970,56.09426,-175.07971,120.72451,0,0,0,0
782,782000,-0.00840,-0.00752,0.00616,-0.00976,53.11675,-89.09264,36.54455,-0.01008,-0.00903,0.00740,-0.01171,106.23351,-178.18527,73.08910,0,0,0,0
783,783000,-0.00034,-0.00940,0.00603,-0.00371,72.42183,-82.48708,9.37600,-0.00041,-0.01128,0.00724,-0.00445,144.84367,-164.97416,18.75201,0,0,0,0
784,784000,-0.00780,-0.00723,0.01071,-0.00432,85.47022,-67.15764,-18.25785,-0.00936,-0.00868,0.01285,-0.00518,170.94045,-134.31528,-36.51569,0,0,0,0
785,785000,0.00244,0.00137,-0.00413,-0.00031,90.03007,-45.09071,-45.22676,0.00293,0.00165,-0.00495,-0.00038,180.06014,-90.18142,-90.45352,0,0,0,0
786,786000,-0.00842,-0.01154,-0.01383,-0.03379,85.81374,-18.39491,-66.36174,-0.01010,-0.01385,-0.01659,-0.04055,171.62749,-36.78983,-132.72348,0,0,0,0
787,787000,0.01376,-0.00735,0.00919,0.01561,72.50185,9.15708,-81.68994,0.01651,-0.00882,0.01103,0.01873,145.00370,18.31415,-163.37988,0,0,0,0
788,788000,-0.01217,0.01014,-0.00291,-0.00494,52.42138,36.74584,-88.95205,-0.01461,0.01217,-0.00349,-0.00593,104.84275,73.49168,-177.90410,0,0,0,0
789,789000,0.01281,-0.00390,0.01330,0.02221,28.00361,60.46583,-88.24684,0.01538,-0.00468,0.01596,0.02665,56.00722,120.93166,-176.49368,0,0,0,0
790,790000,0.01331,0.00223,-0.00593,0.00961,0.25563,78.02510,-77.63531,0.01597,0.00268,-0.00712,0.01153,0.51126,156.05021,-155.27062,0,0,0,0
791,791000,-0.00434,-0.01113,0.01350,-0.00197,-27.85026,88.01900,-60.17336,-0.00520,-0.01336,0.01620,-0.00236,-55.70051,176.03800,-120.34672,0,0,0,0
792,792000,-0.01406,0.00811,0.01300,0.00706,-52.62807,89.11025,-36.38730,-0.01687,0.00974,0.01561,0.00847,-105.25615,178.22050,-72.77460,0,0,0,0
793,793000,-0.00925,-0.00044,0.01391,0.00421,-72.49465,82.39626,-9.38761,-0.01110,-0.00053,0.01669,0.00505,-144.98931,164.79251,-18.77521,0,0,0,0
794,794000,0.00511,-0.00769,0.00518,0.00260,-85.61891,66.31306,18.67719,0.00613,-0.00922,0.00622,0.00312,-171.23781,132.62612,37.35437,0,0,0,0
795,795000,0.00958,0.00099,-0.01156,-0.00100,-90.23020,44.53868,45.26242,0.01150,0.00118,-0.01388,-0.00119,-180.46041,89.07735,90.52485,0,0,0,0
796,796000,-0.00831,-0.01278,-0.00106,-0.02215,-85.22480,19.03531,66.67728,-0.00997,-0.01533,-0.00128,-0.02658,-170.44961,38.07061,133.35456,0,0,0,0
797,797000,0.01079,0.00753,-0.00514,0.01318,-72.69548,-9.51610,82.43453,0.01295,0.00904,-0.00617,0.01582,-145.39097,-19.03219,164.86906,0,0,0,0
798,798000,-0.00844,-0.01210,0.00853,-0.01202,-52.60123,-36.94156,89.39788,-0.01013,-0.01452,0.01023,-0.01442,-105.20247,-73.88311,178.79575,0,0,0,0
799,799000,0.01223,-0.00795,-0.01379,-0.00951,-27.55851,-59.65219,87.81307,0.01468,-0.00953,-0.01655,-0.01141,-55.11702,-119.30439,175.62614,0,0,0,0
800,800000,0.00328,-0.00997,0.00121,-0.00548,-0.31079,-78.16810,77.33943,0.00393,-0.01196,0.00146,-0.00657,-0.62158,-156.33620,154.67886,0,0,0,0
801,801000,0.01028,0.00798,0.00012,0.01837,28.04921,-88.04983,60.20664,0.01233,0.00957,0.00014,0.02205,56.09842,-176.09966,120.41328,0,0,0,0
802,802000,0.00730,0.00184,-0.01188,-0.00274,52.39013,-89.39352,36.34718,0.00876,0.00221,-0.01426,-0.00329,104.78026,-178.78703,72.69437,0,0,0,0
803,803000,0.01187,-0.00053,-0.00662,0.00471,72.28380,-82.17259,9.14787,0.01424,-0.00063,-0.00795,0.00566,144.56760,-164.34519,18.29573,0,0,0,0
804,804000,-0.01136,-0.00864,-0.01331,-0.03330,85.56260,-67.15656,-18.43702,-0.01363,-0.01036,-0.01597,-0.03996,171.12519,-134.31311,-36.87403,0,0,0,0
805,805000,0.00186,0.00203,-0.00348,0.00041,89.65329,-45.12720,-44.79844,0.00223,0.00244,-0.00418,0.00049,179.30659,-90.25440,-89.59687,0,0,0,0
806,806000,0.00392,-0.00791,0.00455,0.00056,85.69635,-18.52715,-66.40596,0.00471,-0.00950,0.00546,0.00067,171.39269,-37.05431,-132.81192,0,0,0,0
807,807000,-0.00213,-0.00474,0.01266,0.00578,72.22407,9.23266,-82.37735,-0.00256,-0.00569,0.01519,0.00694,144.44815,18.46533,-164.75470,0,0,0,0
808,808000,0.01328,0.00169,0.00924,0.02422,52.89179,36.64084,-89.36924,0.01594,0.00203,0.01109,0.02906,105.78357,73.28169,-178.73848,0,0,0,0
809,809000,0.00563,-0.00011,0.00635,0.01187,28.02323,59.88211,-87.49612,0.00676,-0.00013,0.00762,0.01425,56.04647,119.76422,-174.99225,0,0,0,0
810,810000,0.00033,-0.00710,0.00680,0.00002,0.15609,77.35693,-77.37446,0.00040,-0.00853,0.00816,0.00003,0.31217,154.71386,-154.74892,0,0,0,0
811,811000,-0.00653,-0.01197,-0.00081,-0.01931,-28.15366,88.28538,-60.18019,-0.00784,-0.01437,-0.00097,-0.02318,-56.30733,176.57076,-120.36039,0,0,0,0
812,812000,0.00379,0.01294,-0.00518,0.01156,-52.95311,89.37228,-36.54493,0.00455,0.01553,-0.00621,0.01387,-105.90622,178.74455,-73.08986,0,0,0,0
813,813000,0.00805,0.01337,-0.00191,0.01951,-73.02459,81.84949,-9.49446,0.00966,0.01605,-0.00229,0.02341,-146.04917,163.69898,-18.98891,0,0,0,0
814,814000,0.01304,-0.00214,0.00075,0.01165,-85.54743,66.71000,18.37227,0.01565,-0.00257,0.00090,0.01398,-171.09487,133.42001,36.74454,0,0,0,0
815,815000,-0.01013,0.01158,0.00804,0.00948,-89.71142,45.26811,44.75934,-0.01216,0.01389,0.00964,0.01138,-179.42283,90.53623,89.51869,0,0,0,0
816,816000,0.00207,-0.00130,-0.00581,-0.00503,-85.68652,18.84062,67.13698,0.00249,-0.00156,-0.00697,-0.00604,-171.37303,37.68123,134.27396,0,0,0,0
817,817000,0.00228,-0.00912,0.00750,0.00066,-73.02300,-8.98960,82.07034,0.00273,-0.01094,0.00900,0.00079,-146.04601,-17.97920,164.14068,0,0,0,0
818,818000,-0.00771,-0.00746,0.00211,-0.01305,-52.44169,-36.47082,89.24507,-0.00925,-0.00895,0.00253,-0.01567,-104.88338,-72.94164,178.49014,0,0,0,0
819,819000,0.00899,0.00138,0.00898,0.01935,-27.67903,-59.80682,87.87178,0.01079,0.00165,0.01077,0.02322,-55.35805,-119.61365,175.74357,0,0,0,0
820,820000,0.00498,0.00128,0.01319,0.01946,0.21032,-77.56993,78.04035,0.00598,0.00154,0.01583,0.02335,0.42064,-155.13986,156.08070,0,0,0,0
821,821000,0.00455,0.01099,-0.00087,0.01467,27.79502,-87.91482,59.89562,0.00546,0.01318,-0.00104,0.01761,55.59005,-175.82964,119.79124,0,0,0,0
822,822000,0.00066,-0.00153,0.01380,0.01294,53.10312,-88.99368,36.16435,0.00079,-0.00184,0.01656,0.01552,106.20623,-177.98737,72.32870,0,0,0,0
823,823000,0.00900,0.00508,-0.00975,0.00434,72.21267,-81.87904,9.50892,0.01081,0.00610,-0.01169,0.00521,144.42534,-163.75808,19.01784,0,0,0,0
824,824000,-0.00257,-0.00627,-0.00900,-0.01785,85.04410,-66.55950,-18.57178,-0.00308,-0.00753,-0.01081,-0.02142,170.08819,-133.11899,-37.14355,0,0,0,0
825,825000,0.01325,0.00516,0.01286,0.03127,89.94976,-45.18888,-45.28229,0.01590,0.00620,0.01543,0.03753,179.89952,-90.37776,-90.56459,0,0,0,0
826,826000,0.01137,0.00753,0.00420,0.02310,85.59958,-18.30760,-66.74407,0.01365,0.00903,0.00504,0.02772,171.19915,-36.61520,-133.48814,0,0,0,0
827,827000,-0.00780,0.00029,0.00210,-0.00541,72.42885,9.79189,-82.04662,-0.00936,0.00034,0.00252,-0.00650,144.85770,19.58377,-164.09323,0,0,0,0
828,828000,-0.00103,0.01401,-0.00285,0.01013,52.94251,36.41092,-89.66617,-0.00124,0.01681,-0.00342,0.01215,105.88501,72.82183,-179.33235,0,0,0,0
829,829000,-0.01087,-0.00828,-0.00637,-0.02552,27.84571,59.90681,-87.70693,-0.01304,-0.00994,-0.00764,-0.03062,55.69142,119.81361,-175.41387,0,0,0,0
830,830000,-0.00168,0.00020,0.00666,0.00518,0.07595,77.42379,-78.17154,-0.00202,0.00024,0.00799,0.00621,0.15189,154.84758,-156.34308,0,0,0,0
831,831000,0.01326,0.00660,0.00794,0.02779,-28.08989,87.65934,-60.19518,0.01591,0.00792,0.00953,0.03335,-56.17978,175.31869,-120.39036,0,0,0,0
832,832000,-0.00817,-0.00231,-0.00593,-0.01642,-53.09194,89.26907,-36.38484,-0.00981,-0.00277,-0.00712,-0.01970,-106.18389,178.53813,-72.76968,0,0,0,0
833,833000,0.00391,0.01307,-0.00073,0.01625,-72.79570,81.94552,-9.01588,0.00469,0.01568,-0.00087,0.01950,-145.59139,163.89103,-18.03176,0,0,0,0
834,834000,-0.00857,0.01362,0.01045,0.01550,-85.70015,66.51130,18.97887,-0.01029,0.01634,0.01254,0.01860,-171.40031,133.02261,37.95775,0,0,0,0
835,835000,0.00730,0.00327,-0.01144,-0.00087,-89.86388,45.26895,45.09396,0.00876,0.00393,-0.01373,-0.00104,-179.72775,90.53789,90.18792,0,0,0,0
836,836000,0.00322,0.00438,0.00648,0.01408,-85.51616,19.02127,66.42002,0.00386,0.00526,0.00778,0.01690,-171.03232,38.04254,132.84004,0,0,0,0
837,837000,0.00428,0.00896,0.01184,0.02509,-72.48088,-9.58208,81.92675,0.00514,0.01075,0.01421,0.03010,-144.96175,-19.16416,163.85349,0,0,0,0
838,838000,0.00292,-0.00074,0.01357,0.01575,-52.90799,-36.17488,89.40937,0.00350,-0.00088,0.01628,0.01890,-105.81598,-72.34976,178.81873,0,0,0,0
839,839000,-0.01172,-0.00460,0.01279,-0.00352,-27.72884,-59.70992,87.72159,-0.01406,-0.00551,0.01535,-0.00423,-55.45769,-119.41984,175.44317,0,0,0,0
840,840000,-0.00492,-0.00764,-0.01109,-0.02365,-0.33787,-77.39061,77.52880,-0.00591,-0.00916,-0.01331,-0.02838,-0.67574,-154.78122,155.05760,0,0,0,0
841,841000,-0.00346,-0.00946,0.00097,-0.01195,27.97662,-87.88660,60.24658,-0.00415,-0.01136,0.00116,-0.01435,55.95324,-175.77320,120.49317,0,0,0,0
842,842000,-0.00892,0.00132,-0.01217,-0.01978,52.72047,-89.47747,36.95218,-0.01070,0.00158,-0.01461,-0.02373,105.44093,-178.95494,73.90437,0,0,0,0
843,843000,-0.00412,-0.01073,0.00074,-0.01410,72.56257,-82.13548,9.41664,-0.00494,-0.01288,0.00089,-0.01693,145.12515,-164.27095,18.83328,0,0,0,0
844,844000,0.00435,-0.00439,-0.00334,-0.00337,85.83708,-67.10388,-18.83373,0.00523,-0.00526,-0.00401,-0.00405,171.67416,-134.20776,-37.66747,0,0,0,0
845,845000,-0.00758,-0.00362,-0.00791,-0.01912,89.69882,-44.82442,-44.94761,-0.00910,-0.00435,-0.00949,-0.02294,179.39764,-89.64884,-89.89522,0,0,0,0
846,846000,-0.00592,-0.01226,0.01029,-0.00789,85.86244,-18.59549,-66.53385,-0.00710,-0.01471,0.01234,-0.00947,171.72487,-37.19098,-133.06769,0,0,0,0
847,847000,-0.00072,0.01311,0.00623,0.01862,73.08461,9.12875,-81.83201,-0.00086,0.01573,0.00748,0.02234,146.16921,18.25749,-163.66402,0,0,0,0
848,848000,-0.00070,0.00230,0.00523,0.00683,52.64615,36.32549,-89.62922,-0.00084,0.00276,0.00628,0.00819,105.29229,72.65098,-179.25843,0,0,0,0
849,849000,0.00874,-0.01376,0.01031,0.00529,27.39421,60.26630,-87.82506,0.01049,-0.01651,0.01237,0.00634,54.78843,120.53259,-175.65012,0,0,0,0
850,850000,-0.01386,-0.00965,-0.00255,-0.02605,0.31499,77.90880,-77.99877,-0.01663,-0.01158,-0.00306,-0.03126,0.62998,155.81761,-155.99753,0,0,0,0
851,851000,-0.00205,0.00594,-0.00387,0.00002,-27.54570,87.86953,-59.65305,-0.00246,0.00713,-0.00464,0.00002,-55.09140,175.73907,-119.30610,0,0,0,0
852,852000,-0.00100,0.00132,-0.01231,-0.01198,-52.52987,89.27121,-36.77450,-0.00120,0.00159,-0.01477,-0.01438,-105.05974,178.54241,-73.54901,0,0,0,0
853,853000,-0.00254,0.00328,-0.00159,-0.00085,-72.87193,82.04607,-9.11909,-0.00305,0.00394,-0.00191,-0.00102,-145.74385,164.09214,-18.23817,0,0,0,0
854,854000,0.00215,-0.00686,-0.00023,-0.00494,-85.39142,66.85891,18.71668,0.00258,-0.00823,-0.00028,-0.00593,-170.78285,133.71781,37.43336,0,0,0,0
855,855000,0.01297,-0.00190,-0.00073,0.01034,-89.52073,44.52735,45.25586,0.01556,-0.00228,-0.00088,0.01241,-179.04147,89.05470,90.51171,0,0,0,0
856,856000,0.00572,0.00025,-0.00401,0.00197,-85.50159,18.54697,66.64024,0.00687,0.00030,-0.00481,0.00237,-171.00317,37.09394,133.28047,0,0,0,0
857,857000,-0.00642,-0.00840,-0.00105,-0.01587,-72.75664,-9.79431,81.99953,-0.00771,-0.01009,-0.00125,-0.01905,-145.51327,-19.58861,163.99906,0,0,0,0
858,858000,0.01291,0.00825,0.00115,0.02231,-52.57344,-36.14364,88.95174,0.01550,0.00990,0.00137,0.02678,-105.14689,-72.28727,177.90348,0,0,0,0
859,859000,-0.00093,0.00400,0.00004,0.00312,-28.02578,-59.78352,87.62479,-0.00111,0.00480,0.00005,0.00374,-56.05157,-119.56704,175.24958,0,0,0,0
860,860000,0.01154,0.00388,0.00315,0.01858,-0.11973,-77.35261,78.06959,0.01385,0.00466,0.00378,0.02229,-0.23946,-154.70523,156.13918,0,0,0,0
861,861000,0.01215,0.00757,-0.00224,0.01749,27.53781,-88.03886,59.69752,0.01458,0.00909,-0.00268,0.02099,55.07563,-176.07773,119.39504,0,0,0,0
862,862000,-0.00045,-0.01236,-0.00363,-0.01644,52.89174,-88.94574,36.49077,-0.00054,-0.01483,-0.00436,-0.01973,105.78349,-177.89147,72.98154,0,0,0,0
863,863000,0.00302,0.00963,0.00982,0.02246,72.45674,-82.33368,9.76882,0.00362,0.01156,0.01178,0.02695,144.91348,-164.66736,19.53764,0,0,0,0
864,864000,-0.00494,0.00278,-0.00983,-0.01199,85.65017,-67.18021,-18.71062,-0.00593,0.00334,-0.01180,-0.01439,171.30034,-134.36043,-37.42125,0,0,0,0
865,865000,0.00394,0.00775,-0.00701,0.00468,89.52138,-44.48723,-45.14848,0.00473,0.00930,-0.00842,0.00562,179.04276,-88.97447,-90.29695,0,0,0,0
866,866000,0.00292,-0.00848,0.00861,0.00305,84.98322,-18.79577,-66.60861,0.00350,-0.01017,0.01033,0.00365,169.96644,-37.59155,-133.21722,0,0,0,0
867,867000,-0.00385,-0.00084,0.00915,0.00446,72.59779,9.65546,-81.86570,-0.00462,-0.00101,0.01098,0.00535,145.19559,19.31091,-163.73140,0,0,0,0
868,868000,-0.00376,0.01242,-0.01220,-0.00354,52.54504,36.95490,-89.06951,-0.00451,0.01490,-0.01464,-0.00425,105.09008,73.90981,-178.13903,0,0,0,0
869,869000,-0.01027,0.00453,0.00115,-0.00460,27.98102,59.75329,-87.40871,-0.01233,0.00543,0.00137,-0.00552,55.96205,119.50659,-174.81743,0,0,0,0
870,870000,-0.00087,0.00848,-0.00520,0.00241,0.39294,78.18567,-78.04945,-0.00104,0.01018,-0.00625,0.00289,0.78587,156.37134,-156.09889,0,0,0,0
871,871000,-0.01394,0.00457,0.00939,0.00002,-27.55479,87.69232,-59.76731,-0.01673,0.00549,0.01126,0.00002,-55.10958,175.38463,-119.53463,0,0,0,0
872,872000,-0.00441,0.00976,0.00172,0.00707,-52.76167,89.60729,-36.85900,-0.00529,0.01171,0.00206,0.00848,-105.52335,179.21458,-73.71799,0,0,0,0
873,873000,0.00281,0.01205,0.00058,0.01544,-73.07289,82.43173,-9.21121,0.00338,0.01446,0.00069,0.01853,-146.14578,164.86346,-18.42242,0,0,0,0
874,874000,0.00278,-0.00163,-0.01258,-0.01142,-85.64240,66.67361,18.73503,0.00334,-0.00196,-0.01509,-0.01371,-171.28479,133.34723,37.47006,0,0,0,0
875,875000,0.00560,-0.00888,0.01271,0.00943,-89.73577,45.34436,45.01094,0.00672,-0.01066,0.01525,0.01132,-179.47153,90.68873,90.02189,0,0,0,0
876,876000,-0.01288,0.00979,0.01018,0.00709,-85.14107,18.55181,66.81438,-0.01545,0.01175,0.01221,0.00851,-170.28215,37.10362,133.62877,0,0,0,0
877,877000,0.00128,0.01020,0.01107,0.02254,-72.98671,-9.43104,81.81523,0.00153,0.01223,0.01328,0.02705,-145.97342,-18.86208,163.63047,0,0,0,0
878,878000,-0.00942,0.00502,0.01221,0.00782,-52.41877,-36.29483,89.40179,-0.01131,0.00603,0.01465,0.00938,-104.83754,-72.58965,178.80358,0,0,0,0
879,879000,-0.01407,0.00594,-0.00537,-0.01351,-27.88760,-60.52755,88.01068,-0.01689,0.00713,-0.00645,-0.01621,-55.77520,-121.05510,176.02136,0,0,0,0
880,880000,0.01284,-0.00602,-0.01077,-0.00395,0.43966,-77.97423,77.68772,0.01540,-0.00722,-0.01292,-0.00474,0.87932,-155.94846,155.37544,0,0,0,0
881,881000,0.00236,-0.00199,-0.00418,-0.00381,28.15051,-88.21539,60.54405,0.00283,-0.00239,-0.00502,-0.00457,56.30102,-176.43078,121.08810,0,0,0,0
882,882000,0.00058,-0.00062,0.01124,0.01120,52.79727,-89.27896,36.12029,0.00070,-0.00075,0.01349,0.01343,105.59454,-178.55791,72.24058,0,0,0,0
883,883000,-0.01300,0.00729,-0.00398,-0.00969,72.65065,-81.81536,9.05421,-0.01559,0.00875,-0.00478,-0.01162,145.30130,-163.63073,18.10842,0,0,0,0
884,884000,-0.00581,-0.00568,-0.01215,-0.02365,85.77915,-66.49257,-18.44790,-0.00697,-0.00682,-0.01458,-0.02838,171.55830,-132.98514,-36.89580,0,0,0,0
885,885000,-0.00055,0.00890,0.00178,0.01012,90.18408,-44.93914,-44.70042,-0.00066,0.01068,0.00214,0.01215,180.36816,-89.87829,-89.40083,0,0,0,0
886,886000,0.00280,-0.00422,0.00743,0.00602,85.36432,-18.53323,-66.38405,0.00336,-0.00507,0.00892,0.00722,170.72864,-37.06645,-132.76811,0,0,0,0
887,887000,0.00014,0.00013,0.01391,0.01419,73.06203,8.94661,-82.39413,0.00017,0.00016,0.01669,0.01702,146.12406,17.89322,-164.78825,0,0,0,0
888,888000,-0.01015,-0.00721,0.00683,-0.01053,52.72835,36.38007,-88.97675,-0.01218,-0.00865,0.00819,-0.01264,105.45670,72.76014,-177.95349,0,0,0,0
889,889000,-0.00595,-0.00785,0.00692,-0.00687,27.96897,59.95231,-87.66585,-0.00714,-0.00942,0.00830,-0.00825,55.93794,119.90462,-175.33170,0,0,0,0
890,890000,0.00281,0.00005,-0.00559,-0.00273,0.02290,77.39477,-77.42384,0.00338,0.00006,-0.00671,-0.00327,0.04580,154.78953,-154.84767,0,0,0,0
891,891000,-0.00791,0.00615,-0.00876,-0.01052,-27.42662,88.07093,-60.34194,-0.00950,0.00738,-0.01051,-0.01262,-54.85325,176.14186,-120.68389,0,0,0,0
892,892000,-0.00853,-0.00789,-0.00096,-0.01739,-52.98345,89.03604,-36.12075,-0.01023,-0.00947,-0.00116,-0.02086,-105.96690,178.07208,-72.24151,0,0,0,0
893,893000,0.00802,-0.00540,0.00163,0.00425,-72.41675,82.27453,-9.74159,0.00962,-0.00648,0.00196,0.00510,-144.83350,164.54905,-19.48317,0,0,0,0
894,894000,0.01150,0.00071,-0.00060,0.01161,-85.05321,66.58842,19.05338,0.01379,0.00086,-0.00072,0.01393,-170.10641,133.17683,38.10675,0,0,0,0
895,895000,-0.01305,0.00084,0.00046,-0.01175,-90.09540,44.68353,45.24900,-0.01566,0.00101,0.00055,-0.01410,-180.19079,89.36706,90.49800,0,0,0,0
896,896000,0.00160,-0.01334,0.00642,-0.00531,-85.82241,18.94074,66.78930,0.00193,-0.01601,0.00771,-0.00638,-171.64481,37.88149,133.57859,0,0,0,0
897,897000,0.00033,-0.00667,-0.00496,-0.01129,-72.31321,-9.23422,81.83903,0.00040,-0.00800,-0.00595,-0.01355,-144.62641,-18.46844,163.67805,0,0,0,0
898,898000,0.00748,0.01233,0.01299,0.03279,-52.96138,-36.56770,89.07901,0.00897,0.01480,0.01558,0.03935,-105.92276,-73.13541,178.15801,0,0,0,0
899,899000,-0.00128,0.00991,-0.01338,-0.00475,-27.90631,-60.50896,87.82313,-0.00154,0.01190,-0.01605,-0.00570,-55.81261,-121.01792,175.64626,0,0,0,0
900,900000,0.00714,-0.00310,-0.00876,-0.00472,-0.21869,-77.77631,77.67916,0.00857,-0.00372,-0.01051,-0.00567,-0.43737,-155.55263,155.35832,0,0,0,0
901,901000,0.00608,0.01129,0.00236,0.01973,27.90360,-87.71282,60.49679,0.00730,0.01354,0.00283,0.02367,55.80720,-175.42564,120.99358,0,0,0,0
902,902000,0.00813,0.00860,0.00550,0.02224,52.62000,-89.57470,36.95834,0.00976,0.01032,0.00660,0.02668,105.24000,-179.14940,73.91667,0,0,0,0
903,903000,0.00582,-0.00841,0.01265,0.01007,72.65557,-81.65454,9.83084,0.00698,-0.01009,0.01519,0.01208,145.31114,-163.30909,19.66167,0,0,0,0
904,904000,-0.01073,-0.00235,-0.00195,-0.01503,85.61590,-66.89580,-18.73879,-0.01288,-0.00282,-0.00235,-0.01804,171.23179,-133.79160,-37.47757,0,0,0,0
905,905000,0.00070,-0.00818,0.00357,-0.00391,90.25499,-44.71837,-44.48623,0.00083,-0.00981,0.00429,-0.00469,180.50998,-89.43674,-88.97246,0,0,0,0
906,906000,-0.01384,-0.01331,-0.01169,-0.03883,85.43008,-19.00452,-66.88884,-0.01660,-0.01597,-0.01402,-0.04659,170.86015,-38.00903,-133.77769,0,0,0,0
907,907000,0.00894,-0.01297,-0.00996,-0.01400,72.85755,9.34449,-81.75304,0.01072,-0.01556,-0.01195,-0.01679,145.71511,18.68899,-163.50608,0,0,0,0
908,908000,-0.00093,0.01176,-0.00130,0.00953,52.41072,36.22090,-89.62075,-0.00111,0.01411,-0.00156,0.01144,104.82144,72.44180,-179.24149,0,0,0,0
909,909000,-0.00956,0.01192,-0.00088,0.00148,28.00152,60.32769,-87.47474,-0.01147,0.01431,-0.00106,0.00178,56.00303,120.65537,-174.94949,0,0,0,0
910,910000,0.00616,-0.01258,-0.01111,-0.01753,0.22126,77.68614,-77.43453,0.00739,-0.01510,-0.01333,-0.02104,0.44251,155.37228,-154.86906,0,0,0,0
911,911000,-0.00596,-0.01385,-0.00256,-0.02237,-27.63153,87.99829,-60.42053,-0.00715,-0.01662,-0.00307,-0.02685,-55.26306,175.99659,-120.84106,0,0,0,0
912,912000,-0.01232,0.01379,0.00702,0.00849,-52.45869,89.68936,-36.73690,-0.01478,0.01655,0.00842,0.01019,-104.91738,179.37873,-73.47379,0,0,0,0
913,913000,0.00765,0.00281,-0.01331,-0.00285,-72.58434,81.83090,-9.24087,0.00918,0.00337,-0.01597,-0.00342,-145.16868,163.66180,-18.48173,0,0,0,0
914,914000,-0.00946,-0.00434,0.01320,-0.00060,-85.22241,66.86983,18.82775,-0.01135,-0.00521,0.01584,-0.00072,-170.44482,133.73966,37.65550,0,0,0,0
915,915000,-0.00363,-0.00659,0.01130,0.00108,-89.54210,44.51782,45.13389,-0.00436,-0.00791,0.01356,0.00129,-179.08421,89.03565,90.26778,0,0,0,0
916,916000,-0.00446,-0.01316,0.00107,-0.01655,-85.00057,18.90941,67.02377,-0.00535,-0.01580,0.00129,-0.01986,-170.00115,37.81882,134.04754,0,0,0,0
917,917000,-0.01109,0.00617,0.01099,0.00607,-72.75304,-9.78995,81.99523,-0.01331,0.00740,0.01319,0.00728,-145.50607,-19.57990,163.99047,0,0,0,0
918,918000,-0.01264,0.00396,-0.01047,-0.01914,-52.82182,-36.97224,89.65307,-0.01517,0.00476,-0.01256,-0.02297,-105.64363,-73.94448,179.30613,0,0,0,0
919,919000,0.01095,-0.00216,-0.00814,0.00065,-28.04180,-60.16637,87.43902,0.01314,-0.00259,-0.00977,0.00078,-56.08359,-120.33275,174.87805,0,0,0,0
920,920000,0.00346,0.00233,-0.01012,-0.00432,-0.03605,-77.79484,77.41359,0.00416,0.00280,-0.01214,-0.00519,-0.07210,-155.58967,154.82718,0,0,0,0
921,921000,-0.00781,0.01257,-0.00861,-0.00386,28.14094,-88.07599,59.83428,-0.00938,0.01508,-0.01033,-0.00463,56.28187,-176.15198,119.66857,0,0,0,0
922,922000,0.00031,0.00373,-0.00104,0.00300,52.64494,-89.52231,36.52587,0.00037,0.00447,-0.00125,0.00359,105.28989,-179.04462,73.05174,0,0,0,0
923,923000,-0.00423,0.00558,-0.00418,-0.00283,72.99332,-82.27210,9.59447,-0.00507,0.00670,-0.00502,-0.00339,145.98665,-164.54419,19.18895,0,0,0,0
924,924000,0.01318,-0.01219,0.01092,0.01191,85.02015,-66.41056,-18.69174,0.01581,-0.01463,0.01310,0.01429,170.04030,-132.82112,-37.38349,0,0,0,0
925,925000,0.00270,0.00621,0.00697,0.01588,89.38470,-45.26167,-44.53657,0.00324,0.00745,0.00837,0.01906,178.76940,-90.52333,-89.07315,0,0,0,0
926,926000,0.00391,-0.01260,0.00130,-0.00738,85.50642,-18.45213,-66.56154,0.00469,-0.01512,0.00157,-0.00886,171.01284,-36.90427,-133.12309,0,0,0,0
927,927000,0.00768,0.01259,-0.01207,0.00820,72.36030,9.19250,-82.25081,0.00922,0.01511,-0.01449,0.00984,144.72060,18.38501,-164.50162,0,0,0,0
928,928000,0.00415,-0.01171,0.00118,-0.00638,52.99356,36.69747,-89.65733,0.00497,-0.01405,0.00142,-0.00766,105.98712,73.39493,-179.31466,0,0,0,0
929,929000,-0.01101,0.00906,-0.01224,-0.01418,27.82331,60.41152,-88.17260,-0.01321,0.01088,-0.01469,-0.01702,55.64661,120.82303,-176.34520,0,0,0,0
930,930000,0.00004,-0.01136,-0.00036,-0.01168,0.32072,77.77274,-78.02719,0.00005,-0.01363,-0.00044,-0.01402,0.64144,155.54547,-156.05439,0,0,0,0
931,931000,-0.00311,0.00891,0.00770,0.01350,-28.13473,88.10599,-59.68851,-0.00374,0.01069,0.00924,0.01619,-56.26946,176.21198,-119.37702,0,0,0,0
932,932000,0.00417,0.01039,-0.00903,0.00553,-53.12838,88.91069,-36.24123,0.00500,0.01247,-0.01084,0.00663,-106.25675,177.82137,-72.48246,0,0,0,0
933,933000,-0.00896,0.00815,0.00418,0.00337,-72.77793,81.65536,-8.97285,-0.01076,0.00978,0.00501,0.00404,-145.55587,163.31071,-17.94571,0,0,0,0
934,934000,-0.00196,-0.00829,0.01280,0.00255,-85.78355,66.43896,18.46596,-0.00236,-0.00994,0.01536,0.00306,-171.56710,132.87792,36.93193,0,0,0,0
935,935000,-0.01199,0.00583,0.00518,-0.00098,-89.81938,44.85635,45.27939,-0.01439,0.00699,0.00621,-0.00118,-179.63875,89.71271,90.55877,0,0,0,0
936,936000,0.01112,0.00662,-0.00189,0.01586,-85.41321,18.36399,66.33840,0.01335,0.00794,-0.00227,0.01903,-170.82642,36.72797,132.67680,0,0,0,0
937,937000,0.01081,0.00217,0.00823,0.02122,-72.95782,-9.14455,82.44906,0.01298,0.00260,0.00988,0.02546,-145.91563,-18.28910,164.89811,0,0,0,0
938,938000,0.00731,0.00662,-0.00018,0.01375,-52.82155,-36.33257,88.98819,0.00878,0.00795,-0.00022,0.01650,-105.64310,-72.66514,177.97639,0,0,0,0
939,939000,0.00112,-0.01105,-0.00589,-0.01581,-27.76003,-60.06731,87.87407,0.00135,-0.01326,-0.00706,-0.01897,-55.52006,-120.13461,175.74814,0,0,0,0
940,940000,-0.00904,-0.00827,-0.00889,-0.02620,-0.29106,-77.98352,77.74389,-0.01084,-0.00993,-0.01067,-0.03144,-0.58212,-155.96704,155.48777,0,0,0,0
941,941000,-0.01108,0.01000,-0.01348,-0.01457,27.63917,-87.76465,60.53301,-0.01330,0.01199,-0.01618,-0.01748,55.27834,-175.52931,121.06602,0,0,0,0
942,942000,-0.00219,-0.00764,0.01281,0.00298,53.00778,-89.29706,36.40276,-0.00263,-0.00917,0.01537,0.00357,106.01555,-178.59412,72.80553,0,0,0,0
943,943000,-0.00863,0.00827,-0.01077,-0.01114,72.84078,-81.63352,9.42631,-0.01036,0.00992,-0.01292,-0.01336,145.68157,-163.26704,18.85262,0,0,0,0
944,944000,-0.00162,-0.01244,0.00676,-0.00730,85.54437,-66.66870,-18.64589,-0.00194,-0.01493,0.00811,-0.00876,171.08873,-133.33741,-37.29178,0,0,0,0
945,945000,-0.00990,-0.00922,0.00195,-0.01717,90.03586,-44.95705,-45.23489,-0.01188,-0.01107,0.00234,-0.02060,180.07172,-89.91410,-90.46978,0,0,0,0
946,946000,-0.00574,0.00837,-0.00924,-0.00662,85.28670,-18.97303,-66.47127,-0.00689,0.01004,-0.01109,-0.00794,170.57340,-37.94607,-132.94253,0,0,0,0
947,947000,-0.01351,0.00118,0.00592,-0.00642,72.92170,9.00881,-81.91155,-0.01622,0.00142,0.00710,-0.00770,145.84341,18.01762,-163.82310,0,0,0,0
948,948000,-0.00647,-0.01187,0.00777,-0.01056,53.22150,36.79774,-89.17809,-0.00776,-0.01424,0.00933,-0.01267,106.44299,73.59549,-178.35618,0,0,0,0
949,949000,-0.00751,0.01163,-0.00997,-0.00585,27.32666,59.73231,-87.66553,-0.00902,0.01395,-0.01196,-0.00702,54.65332,119.46463,-175.33107,0,0,0,0
950,950000,-0.01346,0.00059,-0.01330,-0.02617,-0.08451,77.44795,-78.09649,-0.01616,0.00071,-0.01596,-0.03141,-0.16901,154.89589,-156.19298,0,0,0,0
951,951000,-0.01022,-0.00291,-0.01067,-0.02380,-28.08110,87.51271,-59.75482,-0.01227,-0.00349,-0.01281,-0.02856,-56.16219,175.02543,-119.50964,0,0,0,0
952,952000,0.00851,0.01126,0.00673,0.02650,-52.82952,89.66142,-36.71444,0.01021,0.01351,0.00808,0.03179,-105.65903,179.32284,-73.42887,0,0,0,0
953,953000,-0.01137,0.00500,-0.00915,-0.01553,-72.83157,82.17098,-8.97786,-0.01365,0.00599,-0.01098,-0.01864,-145.66315,164.34196,-17.95572,0,0,0,0
954,954000,-0.01343,0.00067,-0.00045,-0.01321,-85.32745,66.96030,18.75789,-0.01611,0.00080,-0.00054,-0.01586,-170.65490,133.92060,37.51577,0,0,0,0
955,955000,-0.01235,0.00540,-0.00774,-0.01469,-90.10242,44.55789,45.09228,-0.01482,0.00648,-0.00929,-0.01762,-180.20484,89.11579,90.18456,0,0,0,0
956,956000,-0.00232,-0.00583,-0.00382,-0.01198,-85.39361,18.24069,67.10109,-0.00279,-0.00700,-0.00459,-0.01437,-170.78722,36.48139,134.20217,0,0,0,0
957,957000,-0.00489,-0.00012,0.00840,0.00338,-72.65571,-9.39551,82.49165,-0.00587,-0.00015,0.01008,0.00406,-145.31142,-18.79102,164.98330,0,0,0,0
958,958000,0.00461,-0.01304,0.00272,-0.00570,-53.16539,-36.70258,89.51353,0.00554,-0.01565,0.00327,-0.00685,-106.33077,-73.40515,179.02706,0,0,0,0
959,959000,-0.01352,0.00930,0.01173,0.00751,-27.70520,-60.49760,87.56130,-0.01622,0.01116,0.01407,0.00901,-55.41040,-120.99521,175.12259,0,0,0,0
960,960000,-0.00603,-0.01183,0.00166,-0.01620,-0.10364,-77.83144,77.70565,-0.00724,-0.01419,0.00200,-0.01943,-0.20728,-155.66288,155.41130,0,0,0,0
961,961000,0.00685,0.00016,0.00638,0.01339,27.86449,-87.81152,59.94664,0.00822,0.00019,0.00765,0.01606,55.72898,-175.62304,119.89329,0,0,0,0
962,962000,-0.00942,-0.00431,0.00112,-0.01261,52.64048,-89.18040,36.39847,-0.01131,-0.00517,0.00135,-0.01513,105.28096,-178.36079,72.79694,0,0,0,0
963,963000,0.00003,-0.01037,-0.00941,-0.01975,72.90291,-82.08863,9.29559,0.00004,-0.01245,-0.01129,-0.02370,145.80582,-164.17726,18.59118,0,0,0,0
964,964000,0.00348,0.00794,-0.01054,0.00087,85.39528,-66.93252,-19.09046,0.00417,0.00953,-0.01265,0.00105,170.79057,-133.86505,-38.18092,0,0,0,0
965,965000,0.00008,-0.01082,0.01155,0.00081,90.06152,-44.59932,-45.11708,0.00010,-0.01298,0.01386,0.00097,180.12304,-89.19864,-90.23416,0,0,0,0
966,966000,0.00620,0.00873,-0.00670,0.00824,85.49029,-18.87917,-67.19082,0.00744,0.01048,-0.00804,0.00988,170.98058,-37.75833,-134.38164,0,0,0,0
967,967000,0.00866,-0.01163,-0.00277,-0.00574,73.03774,9.72792,-81.65122,0.01039,-0.01396,-0.00332,-0.00689,146.07548,19.45583,-163.30243,0,0,0,0
968,968000,0.00948,-0.00297,0.01208,0.01859,53.18507,36.68285,-88.90331,0.01138,-0.00357,0.01450,0.02231,106.37015,73.36571,-177.80662,0,0,0,0
969,969000,0.00199,0.00433,0.00191,0.00822,27.53109,60.22395,-88.01948,0.00239,0.00519,0.00229,0.00987,55.06218,120.44790,-176.03897,0,0,0,0
970,970000,-0.01060,-0.00430,0.00154,-0.01335,-0.25196,78.10908,-77.79461,-0.01272,-0.00516,0.00185,-0.01602,-0.50392,156.21816,-155.58922,0,0,0,0
971,971000,-0.00991,-0.01374,0.00125,-0.02240,-27.82013,87.88673,-60.36292,-0.01189,-0.01649,0.00150,-0.02688,-55.64025,175.77346,-120.72584,0,0,0,0
972,972000,-0.00620,-0.00773,-0.01292,-0.02685,-52.49426,88.94093,-36.58083,-0.00744,-0.00928,-0.01551,-0.03222,-104.98853,177.88186,-73.16165,0,0,0,0
973,973000,-0.00800,-0.01251,-0.00551,-0.02602,-72.77568,81.88178,-9.38223,-0.00960,-0.01501,-0.00661,-0.03123,-145.55137,163.76357,-18.76446,0,0,0,0
974,974000,0.00564,-0.01066,0.01044,0.00542,-85.26600,66.37932,18.30888,0.00677,-0.01279,0.01252,0.00650,-170.53201,132.75863,36.61775,0,0,0,0
975,975000,-0.00735,0.01292,-0.00787,-0.00229,-90.25408,44.83902,45.25898,-0.00882,0.01551,-0.00944,-0.00275,-180.50816,89.67803,90.51796,0,0,0,0
976,976000,-0.01195,-0.00279,-0.00346,-0.01820,-85.25296,19.00325,66.42015,-0.01434,-0.00335,-0.00415,-0.02184,-170.50592,38.00650,132.84029,0,0,0,0
977,977000,-0.00297,-0.00570,0.00812,-0.00055,-72.80259,-9.38818,82.24950,-0.00356,-0.00685,0.00975,-0.00066,-145.60517,-18.77635,164.49901,0,0,0,0
978,978000,-0.00367,-0.01371,0.00764,-0.00974,-52.36613,-36.59882,89.57668,-0.00440,-0.01645,0.00916,-0.01169,-104.73227,-73.19764,179.15336,0,0,0,0
979,979000,-0.01183,0.01217,0.00997,0.01031,-27.52014,-60.44245,87.95207,-0.01420,0.01460,0.01196,0.01237,-55.04028,-120.88490,175.90414,0,0,0,0
980,980000,0.00269,0.00720,0.00408,0.01396,-0.00981,-77.63296,77.50675,0.00323,0.00864,0.00489,0.01675,-0.01962,-155.26592,155.01350,0,0,0,0
981,981000,-0.00653,0.00562,0.01144,0.01054,27.77940,-87.57763,60.15447,-0.00783,0.00674,0.01373,0.01264,55.55880,-175.15527,120.30893,0,0,0,0
982,982000,0.01371,-0.01082,0.00960,0.01248,53.23402,-89.54583,36.88131,0.01645,-0.01299,0.01151,0.01498,106.46805,-179.09167,73.76263,0,0,0,0
983,983000,0.01060,-0.00059,-0.01243,-0.00242,72.63557,-82.04869,9.34929,0.01272,-0.00071,-0.01492,-0.00290,145.27114,-164.09738,18.69858,0,0,0,0
984,984000,0.00585,-0.01069,0.01295,0.00811,85.17912,-66.73209,-18.46085,0.00702,-0.01283,0.01554,0.00974,170.35825,-133.46419,-36.92170,0,0,0,0
985,985000,0.00887,0.01242,0.01000,0.03128,89.71614,-44.61715,-44.96637,0.01064,0.01490,0.01200,0.03754,179.43229,-89.23431,-89.93274,0,0,0,0
986,986000,-0.01019,0.01076,0.00204,0.00261,85.26101,-18.95283,-66.92226,-0.01222,0.01291,0.00244,0.00313,170.52201,-37.90565,-133.84451,0,0,0,0
987,987000,-0.00258,-0.00216,-0.00525,-0.01000,73.05632,9.68177,-81.79452,-0.00310,-0.00259,-0.00631,-0.01200,146.11265,19.36355,-163.58904,0,0,0,0
988,988000,-0.00995,-0.00503,0.00269,-0.01229,53.08149,36.72279,-89.16576,-0.01194,-0.00604,0.00322,-0.01475,106.16298,73.44558,-178.33152,0,0,0,0
989,989000,-0.00749,-0.00600,-0.01041,-0.02390,27.63013,60.42241,-87.82802,-0.00899,-0.00719,-0.01250,-0.02868,55.26025,120.84483,-175.65604,0,0,0,0
990,990000,-0.00081,0.01296,-0.00767,0.00447,-0.11686,77.37747,-77.73468,-0.00098,0.01555,-0.00921,0.00536,-0.23373,154.75494,-155.46936,0,0,0,0
991,991000,0.00198,0.01350,-0.00433,0.01115,-27.61093,87.63362,-60.19496,0.00238,0.01621,-0.00520,0.01338,-55.22187,175.26724,-120.38992,0,0,0,0
992,992000,0.00697,-0.00470,-0.00959,-0.00731,-53.00794,89.19356,-36.73544,0.00837,-0.00564,-0.01151,-0.00878,-106.01589,178.38712,-73.47088,0,0,0,0
993,993000,0.00313,-0.00255,0.01414,0.01472,-73.02493,82.32171,-9.64515,0.00375,-0.00306,0.01697,0.01766,-146.04986,164.64342,-19.29031,0,0,0,0
994,994000,-0.00320,-0.00412,0.00680,-0.00052,-85.52213,66.37586,18.34512,-0.00384,-0.00494,0.00816,-0.00062,-171.04427,132.75173,36.69024,0,0,0,0
995,995000,0.00426,-0.00116,0.00939,0.01248,-90.07797,44.96447,45.12789,0.00511,-0.00139,0.01126,0.01498,-180.15594,89.92894,90.25577,0,0,0,0
996,996000,0.00794,0.00129,0.00796,0.01719,-85.08940,18.24429,66.41859,0.00952,0.00155,0.00955,0.02062,-170.17880,36.48858,132.83717,0,0,0,0
997,997000,-0.00146,0.01284,-0.00928,0.00210,-72.99388,-9.59352,81.93698,-0.00175,0.01541,-0.01114,0.00252,-145.98775,-19.18703,163.87397,0,0,0,0
998,998000,0.00086,-0.00977,-0.00470,-0.01361,-52.42409,-36.16230,89.17337,0.00103,-0.01172,-0.00564,-0.01634,-104.84818,-72.32460,178.34674,0,0,0,0
999,999000,0.00061,0.00567,0.00994,0.01623,-28.08812,-59.86602,88.06494,0.00074,0.00681,0.01193,0.01947,-56.17624,-119.73204,176.12988,0,0,0,0
